Designator,Mid X,Mid Y,Layer,Rotation
C1,8.500000mm,-20.000000mm,Bottom,90.000000
C2,8.500000mm,-23.500000mm,Bottom,90.000000
C3,8.500000mm,-27.000000mm,Bottom,90.000000
C4,8.500000mm,-30.500000mm,Bottom,90.000000
C5,8.500000mm,-34.000000mm,Bottom,90.000000
C6,8.500000mm,-37.500000mm,Bottom,90.000000
C7,8.500000mm,-41.000000mm,Bottom,90.000000
C8,8.500000mm,-44.500000mm,Bottom,90.000000
C9,8.500000mm,-48.000000mm,Bottom,90.000000
C10,8.500000mm,-51.500000mm,Bottom,90.000000
C11,8.500000mm,-55.000000mm,Bottom,90.000000
C12,8.500000mm,-58.500000mm,Bottom,90.000000
C13,8.500000mm,-62.000000mm,Bottom,90.000000
C14,8.500000mm,-65.500000mm,Bottom,90.000000
C15,8.500000mm,-69.000000mm,Bottom,90.000000
C16,8.500000mm,-72.500000mm,Bottom,90.000000
C17,8.500000mm,-76.000000mm,Bottom,90.000000
C18,8.500000mm,-79.500000mm,Bottom,90.000000
C19,8.500000mm,-83.000000mm,Bottom,90.000000
C20,8.500000mm,-86.500000mm,Bottom,90.000000
C21,8.500000mm,-90.000000mm,Bottom,90.000000
C22,8.500000mm,-93.500000mm,Bottom,90.000000
C23,8.500000mm,-97.000000mm,Bottom,90.000000
C24,8.500000mm,-100.500000mm,Bottom,90.000000
C25,8.500000mm,-104.000000mm,Bottom,90.000000
C26,8.500000mm,-107.500000mm,Bottom,90.000000
C27,8.500000mm,-139.000000mm,Bottom,90.000000
C28,8.500000mm,-142.500000mm,Bottom,90.000000
C29,8.500000mm,-146.000000mm,Bottom,90.000000
C30,8.500000mm,-149.500000mm,Bottom,90.000000
C31,8.500000mm,-153.000000mm,Bottom,90.000000
C32,8.500000mm,-156.500000mm,Bottom,90.000000
C33,8.500000mm,-160.000000mm,Bottom,90.000000
C34,8.500000mm,-163.500000mm,Bottom,90.000000
C35,282.200000mm,-79.500000mm,Bottom,90.000000
C36,282.200000mm,-83.000000mm,Bottom,90.000000
C37,282.200000mm,-86.500000mm,Bottom,90.000000
C38,282.200000mm,-90.000000mm,Bottom,90.000000
C39,282.200000mm,-93.500000mm,Bottom,90.000000
C40,282.200000mm,-97.000000mm,Bottom,90.000000
C41,282.200000mm,-100.500000mm,Bottom,90.000000
C42,282.200000mm,-104.000000mm,Bottom,90.000000
C43,282.200000mm,-107.500000mm,Bottom,90.000000
C44,282.200000mm,-111.000000mm,Bottom,90.000000
C45,282.200000mm,-114.500000mm,Bottom,90.000000
C46,282.200000mm,-118.000000mm,Bottom,90.000000
C47,282.200000mm,-121.500000mm,Bottom,90.000000
C48,282.200000mm,-125.000000mm,Bottom,90.000000
C49,282.200000mm,-128.500000mm,Bottom,90.000000
C50,282.200000mm,-132.000000mm,Bottom,90.000000
C51,282.200000mm,-135.500000mm,Bottom,90.000000
C52,282.200000mm,-139.000000mm,Bottom,90.000000
C53,282.200000mm,-142.500000mm,Bottom,90.000000
C54,282.200000mm,-146.000000mm,Bottom,90.000000
C55,282.200000mm,-149.500000mm,Bottom,90.000000
C56,282.200000mm,-153.000000mm,Bottom,90.000000
C57,282.200000mm,-156.500000mm,Bottom,90.000000
C58,282.200000mm,-160.000000mm,Bottom,90.000000
C59,282.200000mm,-163.500000mm,Bottom,90.000000
C60,282.200000mm,-167.000000mm,Bottom,90.000000
C61,282.200000mm,-170.500000mm,Bottom,90.000000
C62,282.200000mm,-174.000000mm,Bottom,90.000000
C63,282.200000mm,-177.500000mm,Bottom,90.000000
C64,282.200000mm,-230.000000mm,Bottom,90.000000
C65,282.200000mm,-233.500000mm,Bottom,90.000000
C66,11.800000mm,-20.000000mm,Bottom,90.000000
C67,11.800000mm,-23.500000mm,Bottom,90.000000
C68,11.800000mm,-27.000000mm,Bottom,90.000000
C69,11.800000mm,-30.500000mm,Bottom,90.000000
C70,11.800000mm,-34.000000mm,Bottom,90.000000
C71,11.800000mm,-37.500000mm,Bottom,90.000000
C72,11.800000mm,-41.000000mm,Bottom,90.000000
C73,11.800000mm,-44.500000mm,Bottom,90.000000
C74,11.800000mm,-48.000000mm,Bottom,90.000000
C75,11.800000mm,-51.500000mm,Bottom,90.000000
C76,11.800000mm,-55.000000mm,Bottom,90.000000
C77,11.800000mm,-58.500000mm,Bottom,90.000000
C78,11.800000mm,-62.000000mm,Bottom,90.000000
C79,11.800000mm,-65.500000mm,Bottom,90.000000
C80,11.800000mm,-69.000000mm,Bottom,90.000000
C81,11.800000mm,-72.500000mm,Bottom,90.000000
C82,11.800000mm,-76.000000mm,Bottom,90.000000
C83,11.800000mm,-79.500000mm,Bottom,90.000000
C84,11.800000mm,-83.000000mm,Bottom,90.000000
C85,11.800000mm,-86.500000mm,Bottom,90.000000
C86,11.800000mm,-90.000000mm,Bottom,90.000000
C87,11.800000mm,-93.500000mm,Bottom,90.000000
C88,11.800000mm,-97.000000mm,Bottom,90.000000
C89,11.800000mm,-100.500000mm,Bottom,90.000000
C90,11.800000mm,-104.000000mm,Bottom,90.000000
C91,11.800000mm,-107.500000mm,Bottom,90.000000
C92,11.800000mm,-139.000000mm,Bottom,90.000000
C93,11.800000mm,-142.500000mm,Bottom,90.000000
C94,11.800000mm,-146.000000mm,Bottom,90.000000
C95,11.800000mm,-149.500000mm,Bottom,90.000000
C96,11.800000mm,-153.000000mm,Bottom,90.000000
C97,263.475758mm,-314.200000mm,Bottom,180.000000
C98,267.075758mm,-312.100000mm,Bottom,180.000000
C99,139.250079mm,-314.200000mm,Bottom,180.000000
C100,142.850079mm,-312.100000mm,Bottom,180.000000
D56,117.609940mm,-9.900000mm,Bottom,180.000000
D57,117.609940mm,-12.000000mm,Bottom,180.000000
D58,46.492798mm,-9.900000mm,Bottom,180.000000
D59,46.492798mm,-12.000000mm,Bottom,180.000000
D60,22.276329mm,-9.900000mm,Bottom,180.000000
D61,22.276329mm,-12.000000mm,Bottom,180.000000
D62,86.467119mm,-9.900000mm,Bottom,180.000000
D63,86.467119mm,-12.000000mm,Bottom,180.000000
D64,191.663866mm,-9.900000mm,Bottom,180.000000
D65,191.663866mm,-12.000000mm,Bottom,180.000000
D66,243.106950mm,-9.900000mm,Bottom,180.000000
D67,243.106950mm,-12.000000mm,Bottom,180.000000
R1,167.550000mm,-71.400000mm,Bottom,180.000000
R2,75.050000mm,-236.600000mm,Bottom,180.000000
R3,137.950000mm,-68.600000mm,Bottom,180.000000
R4,149.050000mm,-191.799999mm,Bottom,180.000000
R5,78.750000mm,-166.600000mm,Bottom,180.000000
R6,141.650000mm,-205.799999mm,Bottom,180.000000
R7,149.050000mm,-127.399999mm,Bottom,180.000000
R8,141.650000mm,-96.600000mm,Bottom,180.000000
R9,189.750000mm,-133.000000mm,Bottom,180.000000
R10,19.550000mm,-49.000000mm,Bottom,180.000000
R11,230.450000mm,-96.600000mm,Bottom,180.000000
R12,182.350000mm,-138.600000mm,Bottom,180.000000
R13,186.050000mm,-256.200000mm,Bottom,180.000000
R14,156.450000mm,-169.399999mm,Bottom,180.000000
R15,112.050000mm,-211.399999mm,Bottom,180.000000
R16,223.050000mm,-273.000000mm,Bottom,180.000000
R17,112.050000mm,-135.800000mm,Bottom,180.000000
R18,145.350000mm,-60.199999mm,Bottom,180.000000
R19,167.550000mm,-239.399999mm,Bottom,180.000000
R20,115.750000mm,-127.399999mm,Bottom,180.000000
R21,219.350000mm,-147.000000mm,Bottom,180.000000
R22,171.250000mm,-247.799999mm,Bottom,180.000000
R23,75.050000mm,-222.600000mm,Bottom,180.000000
R24,82.450000mm,-166.600000mm,Bottom,180.000000
R25,145.350000mm,-191.799999mm,Bottom,180.000000
R26,38.050000mm,-172.200000mm,Bottom,180.000000
R27,189.750000mm,-236.600000mm,Bottom,180.000000
R28,145.350000mm,-99.399999mm,Bottom,180.000000
R29,208.250000mm,-68.600000mm,Bottom,180.000000
R30,100.950000mm,-63.000000mm,Bottom,180.000000
R31,34.350000mm,-63.000000mm,Bottom,180.000000
R32,141.650000mm,-261.799999mm,Bottom,180.000000
R33,263.750000mm,-121.800000mm,Bottom,180.000000
R34,219.350000mm,-273.000000mm,Bottom,180.000000
R35,108.350000mm,-236.600000mm,Bottom,180.000000
R36,130.550000mm,-99.399999mm,Bottom,180.000000
R37,49.150000mm,-152.600000mm,Bottom,180.000000
R38,82.450000mm,-172.200000mm,Bottom,180.000000
R39,193.450000mm,-247.799999mm,Bottom,180.000000
R40,126.850000mm,-172.200000mm,Bottom,180.000000
R41,49.150000mm,-65.800000mm,Bottom,180.000000
R42,208.250000mm,-161.000000mm,Bottom,180.000000
R43,119.450000mm,-228.200000mm,Bottom,180.000000
R44,75.050000mm,-144.200000mm,Bottom,180.000000
R45,123.150000mm,-158.200000mm,Bottom,180.000000
R46,174.950000mm,-236.600000mm,Bottom,180.000000
R47,45.450000mm,-63.000000mm,Bottom,180.000000
R48,89.850000mm,-29.400000mm,Bottom,180.000000
R49,237.850000mm,-155.399999mm,Bottom,180.000000
R50,100.950000mm,-169.399999mm,Bottom,180.000000
R51,260.050000mm,-121.800000mm,Bottom,180.000000
R52,219.350000mm,-191.799999mm,Bottom,180.000000
R53,163.850000mm,-124.600000mm,Bottom,180.000000
R54,108.350000mm,-186.200000mm,Bottom,180.000000
R55,104.650000mm,-172.200000mm,Bottom,180.000000
R56,204.550000mm,-110.600000mm,Bottom,180.000000
R57,100.950000mm,-208.600000mm,Bottom,180.000000
R58,267.450000mm,-121.800000mm,Bottom,180.000000
R59,171.250000mm,-200.200000mm,Bottom,180.000000
R60,104.650000mm,-270.200000mm,Bottom,180.000000
R61,100.950000mm,-119.000000mm,Bottom,180.000000
R62,171.250000mm,-63.000000mm,Bottom,180.000000
R63,119.450000mm,-253.399999mm,Bottom,180.000000
R64,56.550000mm,-186.200000mm,Bottom,180.000000
R65,171.250000mm,-225.399999mm,Bottom,180.000000
R66,245.250000mm,-99.399999mm,Bottom,180.000000
R67,149.050000mm,-26.600000mm,Bottom,180.000000
R68,149.050000mm,-273.000000mm,Bottom,180.000000
R69,49.150000mm,-172.200000mm,Bottom,180.000000
R70,134.250000mm,-65.800000mm,Bottom,180.000000
R71,126.850000mm,-130.199999mm,Bottom,180.000000
R72,56.550000mm,-166.600000mm,Bottom,180.000000
R73,174.950000mm,-99.399999mm,Bottom,180.000000
R74,63.950000mm,-107.800000mm,Bottom,180.000000
R75,167.550000mm,-225.399999mm,Bottom,180.000000
R76,104.650000mm,-239.399999mm,Bottom,180.000000
R77,100.950000mm,-186.200000mm,Bottom,180.000000
R78,156.450000mm,-71.400000mm,Bottom,180.000000
R79,152.750000mm,-189.000000mm,Bottom,180.000000
R80,134.250000mm,-250.600000mm,Bottom,180.000000
R81,86.150000mm,-133.000000mm,Bottom,180.000000
R82,126.850000mm,-169.399999mm,Bottom,180.000000
R83,97.250000mm,-200.200000mm,Bottom,180.000000
R84,163.850000mm,-79.800000mm,Bottom,180.000000
R85,123.150000mm,-63.000000mm,Bottom,180.000000
R86,211.950000mm,-133.000000mm,Bottom,180.000000
R87,52.850000mm,-166.600000mm,Bottom,180.000000
R88,186.050000mm,-222.600000mm,Bottom,180.000000
R89,141.650000mm,-65.800000mm,Bottom,180.000000
R90,89.850000mm,-287.000000mm,Bottom,180.000000
R91,63.950000mm,-96.600000mm,Bottom,180.000000
R92,49.150000mm,-250.600000mm,Bottom,180.000000
R93,108.350000mm,-259.000000mm,Bottom,180.000000
R94,156.450000mm,-147.000000mm,Bottom,180.000000
R95,100.950000mm,-273.000000mm,Bottom,180.000000
R96,49.150000mm,-261.799999mm,Bottom,180.000000
R97,130.550000mm,-65.800000mm,Bottom,180.000000
R98,171.250000mm,-110.600000mm,Bottom,180.000000
R99,160.150000mm,-144.200000mm,Bottom,180.000000
R100,63.950000mm,-222.600000mm,Bottom,180.000000
R101,208.250000mm,-107.800000mm,Bottom,180.000000
R102,23.250000mm,-40.599999mm,Bottom,180.000000
R103,204.550000mm,-91.000000mm,Bottom,180.000000
R104,123.150000mm,-105.000000mm,Bottom,180.000000
R105,108.350000mm,-211.399999mm,Bottom,180.000000
R106,137.950000mm,-54.599999mm,Bottom,180.000000
R107,75.050000mm,-172.200000mm,Bottom,180.000000
R108,182.350000mm,-110.600000mm,Bottom,180.000000
R109,174.950000mm,-205.799999mm,Bottom,180.000000
R110,256.350000mm,-163.799999mm,Bottom,180.000000
R111,86.150000mm,-68.600000mm,Bottom,180.000000
R112,189.750000mm,-149.799999mm,Bottom,180.000000
R113,174.950000mm,-219.799999mm,Bottom,180.000000
R114,193.450000mm,-236.600000mm,Bottom,180.000000
R115,167.550000mm,-203.000000mm,Bottom,180.000000
R116,141.650000mm,-287.000000mm,Bottom,180.000000
R117,226.750000mm,-197.399999mm,Bottom,180.000000
R118,119.450000mm,-205.799999mm,Bottom,180.000000
R119,52.850000mm,-163.799999mm,Bottom,180.000000
R120,200.850000mm,-88.199999mm,Bottom,180.000000
R121,237.850000mm,-65.800000mm,Bottom,180.000000
R122,49.150000mm,-169.399999mm,Bottom,180.000000
R123,245.250000mm,-175.000000mm,Bottom,180.000000
R124,223.050000mm,-214.200000mm,Bottom,180.000000
R125,89.850000mm,-172.200000mm,Bottom,180.000000
R126,263.750000mm,-74.199999mm,Bottom,180.000000
R127,156.450000mm,-172.200000mm,Bottom,180.000000
R128,145.350000mm,-169.399999mm,Bottom,180.000000
R129,237.850000mm,-105.000000mm,Bottom,180.000000
R130,186.050000mm,-259.000000mm,Bottom,180.000000
R131,137.950000mm,-261.799999mm,Bottom,180.000000
R132,45.450000mm,-247.799999mm,Bottom,180.000000
R133,145.350000mm,-124.600000mm,Bottom,180.000000
R134,171.250000mm,-96.600000mm,Bottom,180.000000
R135,219.350000mm,-244.999999mm,Bottom,180.000000
R136,130.550000mm,-169.399999mm,Bottom,180.000000
R137,67.650000mm,-225.399999mm,Bottom,180.000000
R138,230.450000mm,-169.399999mm,Bottom,180.000000
R139,78.750000mm,-68.600000mm,Bottom,180.000000
R140,52.850000mm,-68.600000mm,Bottom,180.000000
R141,182.350000mm,-222.600000mm,Bottom,180.000000
R142,237.850000mm,-175.000000mm,Bottom,180.000000
R143,223.050000mm,-88.199999mm,Bottom,180.000000
R144,211.950000mm,-130.199999mm,Bottom,180.000000
R145,182.350000mm,-287.000000mm,Bottom,180.000000
R146,160.150000mm,-172.200000mm,Bottom,180.000000
R147,152.750000mm,-93.800000mm,Bottom,180.000000
R148,126.850000mm,-65.800000mm,Bottom,180.000000
R149,41.750000mm,-71.400000mm,Bottom,180.000000
R150,186.050000mm,-65.800000mm,Bottom,180.000000
R151,145.350000mm,-270.200000mm,Bottom,180.000000
R152,178.650000mm,-85.399999mm,Bottom,180.000000
R153,63.950000mm,-99.399999mm,Bottom,180.000000
R154,145.350000mm,-244.999999mm,Bottom,180.000000
R155,15.850000mm,-74.199999mm,Bottom,180.000000
R156,78.750000mm,-116.199999mm,Bottom,180.000000
R157,115.750000mm,-261.799999mm,Bottom,180.000000
R158,237.850000mm,-144.200000mm,Bottom,180.000000
R159,67.650000mm,-68.600000mm,Bottom,180.000000
R160,152.750000mm,-121.800000mm,Bottom,180.000000
R161,160.150000mm,-77.000000mm,Bottom,180.000000
R162,112.050000mm,-222.600000mm,Bottom,180.000000
R163,167.550000mm,-130.199999mm,Bottom,180.000000
R164,178.650000mm,-259.000000mm,Bottom,180.000000
R165,211.950000mm,-141.399999mm,Bottom,180.000000
R166,75.050000mm,-247.799999mm,Bottom,180.000000
R167,241.550000mm,-63.000000mm,Bottom,180.000000
R168,78.750000mm,-172.200000mm,Bottom,180.000000
R169,38.050000mm,-29.400000mm,Bottom,180.000000
R170,160.150000mm,-68.600000mm,Bottom,180.000000
R171,63.950000mm,-68.600000mm,Bottom,180.000000
R172,97.250000mm,-287.000000mm,Bottom,180.000000
R173,223.050000mm,-203.000000mm,Bottom,180.000000
R174,189.750000mm,-169.399999mm,Bottom,180.000000
R175,174.950000mm,-217.000000mm,Bottom,180.000000
R176,112.050000mm,-200.200000mm,Bottom,180.000000
R177,41.750000mm,-29.400000mm,Bottom,180.000000
R178,241.550000mm,-147.000000mm,Bottom,180.000000
R179,104.650000mm,-93.800000mm,Bottom,180.000000
R180,226.750000mm,-68.600000mm,Bottom,180.000000
R181,260.050000mm,-93.800000mm,Bottom,180.000000
R182,141.650000mm,-68.600000mm,Bottom,180.000000
R183,137.950000mm,-233.799999mm,Bottom,180.000000
R184,260.050000mm,-155.399999mm,Bottom,180.000000
R185,104.650000mm,-233.799999mm,Bottom,180.000000
R186,204.550000mm,-63.000000mm,Bottom,180.000000
R187,178.650000mm,-189.000000mm,Bottom,180.000000
R188,112.050000mm,-29.400000mm,Bottom,180.000000
R189,130.550000mm,-247.799999mm,Bottom,180.000000
R190,15.850000mm,-99.399999mm,Bottom,180.000000
R191,241.550000mm,-163.799999mm,Bottom,180.000000
R192,119.450000mm,-203.000000mm,Bottom,180.000000
R193,141.650000mm,-200.200000mm,Bottom,180.000000
R194,163.850000mm,-169.399999mm,Bottom,180.000000
R195,104.650000mm,-68.600000mm,Bottom,180.000000
R196,152.750000mm,-261.799999mm,Bottom,180.000000
R197,223.050000mm,-93.800000mm,Bottom,180.000000
R198,256.350000mm,-46.199999mm,Bottom,180.000000
R199,182.350000mm,-200.200000mm,Bottom,180.000000
R200,56.550000mm,-32.200000mm,Bottom,180.000000
R201,130.550000mm,-259.000000mm,Bottom,180.000000
R202,75.050000mm,-186.200000mm,Bottom,180.000000
R203,119.450000mm,-270.200000mm,Bottom,180.000000
R204,163.850000mm,-127.399999mm,Bottom,180.000000
R205,112.050000mm,-91.000000mm,Bottom,180.000000
R206,100.950000mm,-256.200000mm,Bottom,180.000000
R207,137.950000mm,-71.400000mm,Bottom,180.000000
R208,241.550000mm,-119.000000mm,Bottom,180.000000
R209,167.550000mm,-60.199999mm,Bottom,180.000000
R210,104.650000mm,-63.000000mm,Bottom,180.000000
R211,186.050000mm,-253.399999mm,Bottom,180.000000
R212,141.650000mm,-222.600000mm,Bottom,180.000000
R213,219.350000mm,-85.399999mm,Bottom,180.000000
R214,97.250000mm,-219.799999mm,Bottom,180.000000
R215,82.450000mm,-259.000000mm,Bottom,180.000000
R216,193.450000mm,-65.800000mm,Bottom,180.000000
R217,145.350000mm,-63.000000mm,Bottom,180.000000
R218,71.350000mm,-169.399999mm,Bottom,180.000000
R219,208.250000mm,-23.799999mm,Bottom,180.000000
R220,256.350000mm,-99.399999mm,Bottom,180.000000
R221,152.750000mm,-85.399999mm,Bottom,180.000000
R222,200.850000mm,-82.600000mm,Bottom,180.000000
R223,71.350000mm,-65.800000mm,Bottom,180.000000
R224,112.050000mm,-186.200000mm,Bottom,180.000000
R225,93.550000mm,-135.800000mm,Bottom,180.000000
R226,271.150000mm,-121.800000mm,Bottom,180.000000
R227,49.150000mm,-200.200000mm,Bottom,180.000000
R228,26.950000mm,-32.200000mm,Bottom,180.000000
R229,186.050000mm,-175.000000mm,Bottom,180.000000
R230,34.350000mm,-65.800000mm,Bottom,180.000000
R231,89.850000mm,-93.800000mm,Bottom,180.000000
R232,126.850000mm,-96.600000mm,Bottom,180.000000
R233,93.550000mm,-105.000000mm,Bottom,180.000000
R234,182.350000mm,-247.799999mm,Bottom,180.000000
R235,119.450000mm,-200.200000mm,Bottom,180.000000
R236,100.950000mm,-102.199999mm,Bottom,180.000000
R237,211.950000mm,-91.000000mm,Bottom,180.000000
R238,219.350000mm,-267.399999mm,Bottom,180.000000
R239,186.050000mm,-247.799999mm,Bottom,180.000000
R240,78.750000mm,-158.200000mm,Bottom,180.000000
R241,134.250000mm,-82.600000mm,Bottom,180.000000
R242,256.350000mm,-32.200000mm,Bottom,180.000000
R243,126.850000mm,-189.000000mm,Bottom,180.000000
R244,86.150000mm,-71.400000mm,Bottom,180.000000
R245,97.250000mm,-236.600000mm,Bottom,180.000000
R246,260.050000mm,-77.000000mm,Bottom,180.000000
R247,186.050000mm,-242.200000mm,Bottom,180.000000
R248,123.150000mm,-256.200000mm,Bottom,180.000000
R249,149.050000mm,-214.200000mm,Bottom,180.000000
R250,93.550000mm,-29.400000mm,Bottom,180.000000
R251,123.150000mm,-287.000000mm,Bottom,180.000000
R252,82.450000mm,-270.200000mm,Bottom,180.000000
R253,182.350000mm,-113.399999mm,Bottom,180.000000
R254,108.350000mm,-200.200000mm,Bottom,180.000000
R255,104.650000mm,-250.600000mm,Bottom,180.000000
R256,15.850000mm,-46.199999mm,Bottom,180.000000
R257,137.950000mm,-219.799999mm,Bottom,180.000000
R258,189.750000mm,-91.000000mm,Bottom,180.000000
R259,67.650000mm,-236.600000mm,Bottom,180.000000
R260,163.850000mm,-141.399999mm,Bottom,180.000000
R261,174.950000mm,-96.600000mm,Bottom,180.000000
R262,63.950000mm,-172.200000mm,Bottom,180.000000
R263,163.850000mm,-155.399999mm,Bottom,180.000000
R264,219.350000mm,-225.399999mm,Bottom,180.000000
R265,15.850000mm,-102.199999mm,Bottom,180.000000
R266,200.850000mm,-63.000000mm,Bottom,180.000000
R267,182.350000mm,-63.000000mm,Bottom,180.000000
R268,145.350000mm,-208.600000mm,Bottom,180.000000
R269,174.950000mm,-270.200000mm,Bottom,180.000000
R270,215.650000mm,-219.799999mm,Bottom,180.000000
R271,82.450000mm,-211.399999mm,Bottom,180.000000
R272,182.350000mm,-65.800000mm,Bottom,180.000000
R273,152.750000mm,-144.200000mm,Bottom,180.000000
R274,219.350000mm,-219.799999mm,Bottom,180.000000
R275,171.250000mm,-152.600000mm,Bottom,180.000000
R276,223.050000mm,-261.799999mm,Bottom,180.000000
R277,152.750000mm,-130.199999mm,Bottom,180.000000
R278,23.250000mm,-32.200000mm,Bottom,180.000000
R279,156.450000mm,-141.399999mm,Bottom,180.000000
R280,19.550000mm,-37.800000mm,Bottom,180.000000
R281,108.350000mm,-110.600000mm,Bottom,180.000000
R282,186.050000mm,-233.799999mm,Bottom,180.000000
R283,89.850000mm,-166.600000mm,Bottom,180.000000
R284,97.250000mm,-244.999999mm,Bottom,180.000000
R285,82.450000mm,-236.600000mm,Bottom,180.000000
R286,145.350000mm,-259.000000mm,Bottom,180.000000
R287,82.450000mm,-121.800000mm,Bottom,180.000000
R288,193.450000mm,-211.399999mm,Bottom,180.000000
R289,189.750000mm,-270.200000mm,Bottom,180.000000
R290,67.650000mm,-233.799999mm,Bottom,180.000000
R291,112.050000mm,-247.799999mm,Bottom,180.000000
R292,156.450000mm,-63.000000mm,Bottom,180.000000
R293,193.450000mm,-189.000000mm,Bottom,180.000000
R294,219.350000mm,-287.000000mm,Bottom,180.000000
R295,226.750000mm,-233.799999mm,Bottom,180.000000
R296,97.250000mm,-172.200000mm,Bottom,180.000000
R297,97.250000mm,-63.000000mm,Bottom,180.000000
R298,211.950000mm,-289.799999mm,Bottom,180.000000
R299,71.350000mm,-244.999999mm,Bottom,180.000000
R300,174.950000mm,-247.799999mm,Bottom,180.000000
R301,104.650000mm,-256.200000mm,Bottom,180.000000
R302,171.250000mm,-102.199999mm,Bottom,180.000000
R303,245.250000mm,-121.800000mm,Bottom,180.000000
R304,208.250000mm,-99.399999mm,Bottom,180.000000
R305,108.350000mm,-208.600000mm,Bottom,180.000000
R306,137.950000mm,-133.000000mm,Bottom,180.000000
R307,215.650000mm,-138.600000mm,Bottom,180.000000
R308,186.050000mm,-88.199999mm,Bottom,180.000000
R309,215.650000mm,-119.000000mm,Bottom,180.000000
R310,186.050000mm,-208.600000mm,Bottom,180.000000
R311,115.750000mm,-197.399999mm,Bottom,180.000000
R312,193.450000mm,-71.400000mm,Bottom,180.000000
R313,60.250000mm,-259.000000mm,Bottom,180.000000
R314,145.350000mm,-23.799999mm,Bottom,180.000000
R315,100.950000mm,-133.000000mm,Bottom,180.000000
R316,174.950000mm,-242.200000mm,Bottom,180.000000
R317,152.750000mm,-169.399999mm,Bottom,180.000000
R318,197.150000mm,-60.199999mm,Bottom,180.000000
R319,108.350000mm,-169.399999mm,Bottom,180.000000
R320,112.050000mm,-270.200000mm,Bottom,180.000000
R321,123.150000mm,-138.600000mm,Bottom,180.000000
R322,171.250000mm,-273.000000mm,Bottom,180.000000
R323,52.850000mm,-32.200000mm,Bottom,180.000000
R324,260.050000mm,-102.199999mm,Bottom,180.000000
R325,75.050000mm,-169.399999mm,Bottom,180.000000
R326,75.050000mm,-96.600000mm,Bottom,180.000000
R327,123.150000mm,-68.600000mm,Bottom,180.000000
R328,75.050000mm,-273.000000mm,Bottom,180.000000
R329,126.850000mm,-105.000000mm,Bottom,180.000000
R330,134.250000mm,-233.799999mm,Bottom,180.000000
R331,67.650000mm,-63.000000mm,Bottom,180.000000
R332,204.550000mm,-127.399999mm,Bottom,180.000000
R333,108.350000mm,-189.000000mm,Bottom,180.000000
R334,149.050000mm,-239.399999mm,Bottom,180.000000
R335,60.250000mm,-189.000000mm,Bottom,180.000000
R336,63.950000mm,-233.799999mm,Bottom,180.000000
R337,237.850000mm,-166.600000mm,Bottom,180.000000
R338,49.150000mm,-273.000000mm,Bottom,180.000000
R339,226.750000mm,-244.999999mm,Bottom,180.000000
R340,119.450000mm,-250.600000mm,Bottom,180.000000
R341,263.750000mm,-79.800000mm,Bottom,180.000000
R342,160.150000mm,-138.600000mm,Bottom,180.000000
R343,115.750000mm,-79.800000mm,Bottom,180.000000
R344,67.650000mm,-247.799999mm,Bottom,180.000000
R345,152.750000mm,-60.199999mm,Bottom,180.000000
R346,45.450000mm,-169.399999mm,Bottom,180.000000
R347,82.450000mm,-200.200000mm,Bottom,180.000000
R348,174.950000mm,-141.399999mm,Bottom,180.000000
R349,241.550000mm,-133.000000mm,Bottom,180.000000
R350,226.750000mm,-267.399999mm,Bottom,180.000000
R351,108.350000mm,-270.200000mm,Bottom,180.000000
R352,71.350000mm,-172.200000mm,Bottom,180.000000
R353,174.950000mm,-65.800000mm,Bottom,180.000000
R354,145.350000mm,-88.199999mm,Bottom,180.000000
R355,141.650000mm,-203.000000mm,Bottom,180.000000
R356,56.550000mm,-172.200000mm,Bottom,180.000000
R357,123.150000mm,-35.000000mm,Bottom,180.000000
R358,93.550000mm,-102.199999mm,Bottom,180.000000
R359,126.850000mm,-236.600000mm,Bottom,180.000000
R360,234.150000mm,-63.000000mm,Bottom,180.000000
R361,174.950000mm,-121.800000mm,Bottom,180.000000
R362,174.950000mm,-264.600000mm,Bottom,180.000000
R363,160.150000mm,-169.399999mm,Bottom,180.000000
R364,137.950000mm,-197.399999mm,Bottom,180.000000
R365,63.950000mm,-102.199999mm,Bottom,180.000000
R366,75.050000mm,-287.000000mm,Bottom,180.000000
R367,75.050000mm,-259.000000mm,Bottom,180.000000
R368,267.450000mm,-161.000000mm,Bottom,180.000000
R369,119.450000mm,-189.000000mm,Bottom,180.000000
R370,82.450000mm,-189.000000mm,Bottom,180.000000
R371,67.650000mm,-166.600000mm,Bottom,180.000000
R372,226.750000mm,-133.000000mm,Bottom,180.000000
R373,149.050000mm,-169.399999mm,Bottom,180.000000
R374,82.450000mm,-135.800000mm,Bottom,180.000000
R375,141.650000mm,-119.000000mm,Bottom,180.000000
R376,167.550000mm,-169.399999mm,Bottom,180.000000
R377,71.350000mm,-113.399999mm,Bottom,180.000000
R378,160.150000mm,-96.600000mm,Bottom,180.000000
R379,97.250000mm,-278.599999mm,Bottom,180.000000
R380,89.850000mm,-88.199999mm,Bottom,180.000000
R381,108.350000mm,-219.799999mm,Bottom,180.000000
R382,182.350000mm,-270.200000mm,Bottom,180.000000
R383,23.250000mm,-57.400000mm,Bottom,180.000000
R384,149.050000mm,-130.199999mm,Bottom,180.000000
R385,108.350000mm,-244.999999mm,Bottom,180.000000
R386,97.250000mm,-222.600000mm,Bottom,180.000000
R387,112.050000mm,-233.799999mm,Bottom,180.000000
R388,167.550000mm,-261.799999mm,Bottom,180.000000
R389,60.250000mm,-236.600000mm,Bottom,180.000000
R390,182.350000mm,-68.600000mm,Bottom,180.000000
R391,67.650000mm,-172.200000mm,Bottom,180.000000
R392,241.550000mm,-88.199999mm,Bottom,180.000000
R393,60.250000mm,-68.600000mm,Bottom,180.000000
R394,256.350000mm,-102.199999mm,Bottom,180.000000
R395,141.650000mm,-85.399999mm,Bottom,180.000000
R396,97.250000mm,-29.400000mm,Bottom,180.000000
R397,115.750000mm,-110.600000mm,Bottom,180.000000
R398,126.850000mm,-158.200000mm,Bottom,180.000000
R399,178.650000mm,-60.199999mm,Bottom,180.000000
R400,26.950000mm,-49.000000mm,Bottom,180.000000
R401,145.350000mm,-256.200000mm,Bottom,180.000000
R402,97.250000mm,-205.799999mm,Bottom,180.000000
R403,56.550000mm,-65.800000mm,Bottom,180.000000
R404,56.550000mm,-175.000000mm,Bottom,180.000000
R405,219.350000mm,-163.799999mm,Bottom,180.000000
R406,63.950000mm,-88.199999mm,Bottom,180.000000
R407,141.650000mm,-46.199999mm,Bottom,180.000000
R408,211.950000mm,-68.600000mm,Bottom,180.000000
R409,63.950000mm,-166.600000mm,Bottom,180.000000
R410,97.250000mm,-183.399999mm,Bottom,180.000000
R411,75.050000mm,-200.200000mm,Bottom,180.000000
R412,134.250000mm,-217.000000mm,Bottom,180.000000
R413,45.450000mm,-152.600000mm,Bottom,180.000000
R414,134.250000mm,-191.799999mm,Bottom,180.000000
R415,126.850000mm,-217.000000mm,Bottom,180.000000
R416,104.650000mm,-211.399999mm,Bottom,180.000000
R417,123.150000mm,-49.000000mm,Bottom,180.000000
R418,93.550000mm,-172.200000mm,Bottom,180.000000
R419,119.450000mm,-172.200000mm,Bottom,180.000000
R420,108.350000mm,-68.600000mm,Bottom,180.000000
R421,78.750000mm,-287.000000mm,Bottom,180.000000
R422,123.150000mm,-172.200000mm,Bottom,180.000000
R423,186.050000mm,-270.200000mm,Bottom,180.000000
R424,63.950000mm,-127.399999mm,Bottom,180.000000
R425,226.750000mm,-186.200000mm,Bottom,180.000000
R426,152.750000mm,-110.600000mm,Bottom,180.000000
R427,75.050000mm,-270.200000mm,Bottom,180.000000
R428,193.450000mm,-222.600000mm,Bottom,180.000000
R429,134.250000mm,-203.000000mm,Bottom,180.000000
R430,174.950000mm,-82.600000mm,Bottom,180.000000
R431,63.950000mm,-124.600000mm,Bottom,180.000000
R432,67.650000mm,-259.000000mm,Bottom,180.000000
R433,189.750000mm,-261.799999mm,Bottom,180.000000
R434,230.450000mm,-102.199999mm,Bottom,180.000000
R435,60.250000mm,-247.799999mm,Bottom,180.000000
R436,145.350000mm,-200.200000mm,Bottom,180.000000
R437,137.950000mm,-259.000000mm,Bottom,180.000000
R438,174.950000mm,-253.399999mm,Bottom,180.000000
R439,211.950000mm,-175.000000mm,Bottom,180.000000
R440,219.350000mm,-203.000000mm,Bottom,180.000000
R441,78.750000mm,-29.400000mm,Bottom,180.000000
R442,100.950000mm,-267.399999mm,Bottom,180.000000
R443,193.450000mm,-63.000000mm,Bottom,180.000000
R444,145.350000mm,-242.200000mm,Bottom,180.000000
R445,237.850000mm,-130.199999mm,Bottom,180.000000
R446,230.450000mm,-152.600000mm,Bottom,180.000000
R447,115.750000mm,-250.600000mm,Bottom,180.000000
R448,137.950000mm,-253.399999mm,Bottom,180.000000
R449,134.250000mm,-259.000000mm,Bottom,180.000000
R450,86.150000mm,-172.200000mm,Bottom,180.000000
R451,82.450000mm,-65.800000mm,Bottom,180.000000
R452,126.850000mm,-273.000000mm,Bottom,180.000000
R453,60.250000mm,-200.200000mm,Bottom,180.000000
R454,223.050000mm,-191.799999mm,Bottom,180.000000
R455,178.650000mm,-133.000000mm,Bottom,180.000000
R456,189.750000mm,-147.000000mm,Bottom,180.000000
R457,115.750000mm,-169.399999mm,Bottom,180.000000
R458,167.550000mm,-121.800000mm,Bottom,180.000000
R459,237.850000mm,-107.800000mm,Bottom,180.000000
R460,178.650000mm,-287.000000mm,Bottom,180.000000
R461,123.150000mm,-65.800000mm,Bottom,180.000000
R462,208.250000mm,-127.399999mm,Bottom,180.000000
R463,97.250000mm,-144.200000mm,Bottom,180.000000
R464,219.350000mm,-141.399999mm,Bottom,180.000000
R465,112.050000mm,-102.199999mm,Bottom,180.000000
R466,186.050000mm,-211.399999mm,Bottom,180.000000
R467,75.050000mm,-68.600000mm,Bottom,180.000000
R468,52.850000mm,-63.000000mm,Bottom,180.000000
R469,112.050000mm,-85.399999mm,Bottom,180.000000
R470,82.450000mm,-88.199999mm,Bottom,180.000000
R471,215.650000mm,-270.200000mm,Bottom,180.000000
R472,197.150000mm,-85.399999mm,Bottom,180.000000
R473,186.050000mm,-54.599999mm,Bottom,180.000000
R474,93.550000mm,-158.200000mm,Bottom,180.000000
R475,215.650000mm,-233.799999mm,Bottom,180.000000
R476,152.750000mm,-172.200000mm,Bottom,180.000000
R477,97.250000mm,-253.399999mm,Bottom,180.000000
R478,93.550000mm,-63.000000mm,Bottom,180.000000
R479,60.250000mm,-29.400000mm,Bottom,180.000000
R480,119.450000mm,-275.800000mm,Bottom,180.000000
R481,256.350000mm,-105.000000mm,Bottom,180.000000
R482,178.650000mm,-222.600000mm,Bottom,180.000000
R483,141.650000mm,-247.799999mm,Bottom,180.000000
R484,200.850000mm,-107.800000mm,Bottom,180.000000
R485,137.950000mm,-93.800000mm,Bottom,180.000000
R486,67.650000mm,-149.799999mm,Bottom,180.000000
R487,108.350000mm,-247.799999mm,Bottom,180.000000
R488,182.350000mm,-166.600000mm,Bottom,180.000000
R489,145.350000mm,-127.399999mm,Bottom,180.000000
R490,130.550000mm,-74.199999mm,Bottom,180.000000
R491,156.450000mm,-113.399999mm,Bottom,180.000000
R492,156.450000mm,-144.200000mm,Bottom,180.000000
R493,137.950000mm,-166.600000mm,Bottom,180.000000
R494,152.750000mm,-247.799999mm,Bottom,180.000000
R495,252.650000mm,-29.400000mm,Bottom,180.000000
R496,89.850000mm,-113.399999mm,Bottom,180.000000
R497,137.950000mm,-236.600000mm,Bottom,180.000000
R498,41.750000mm,-169.399999mm,Bottom,180.000000
R499,248.950000mm,-141.399999mm,Bottom,180.000000
R500,97.250000mm,-197.399999mm,Bottom,180.000000
R501,45.450000mm,-200.200000mm,Bottom,180.000000
R502,63.950000mm,-93.800000mm,Bottom,180.000000
R503,200.850000mm,-127.399999mm,Bottom,180.000000
R504,252.650000mm,-161.000000mm,Bottom,180.000000
R505,100.950000mm,-121.800000mm,Bottom,180.000000
R506,163.850000mm,-172.200000mm,Bottom,180.000000
R507,178.650000mm,-149.799999mm,Bottom,180.000000
R508,241.550000mm,-96.600000mm,Bottom,180.000000
R509,141.650000mm,-270.200000mm,Bottom,180.000000
R510,174.950000mm,-133.000000mm,Bottom,180.000000
R511,115.750000mm,-29.400000mm,Bottom,180.000000
R512,104.650000mm,-71.400000mm,Bottom,180.000000
R513,108.350000mm,-222.600000mm,Bottom,180.000000
R514,15.850000mm,-82.600000mm,Bottom,180.000000
R515,123.150000mm,-107.800000mm,Bottom,180.000000
R516,130.550000mm,-189.000000mm,Bottom,180.000000
R517,219.350000mm,-197.399999mm,Bottom,180.000000
R518,67.650000mm,-273.000000mm,Bottom,180.000000
R519,130.550000mm,-200.200000mm,Bottom,180.000000
R520,174.950000mm,-244.999999mm,Bottom,180.000000
R521,137.950000mm,-211.399999mm,Bottom,180.000000
R522,119.450000mm,-144.200000mm,Bottom,180.000000
R523,256.350000mm,-74.199999mm,Bottom,180.000000
R524,186.050000mm,-287.000000mm,Bottom,180.000000
R525,26.950000mm,-68.600000mm,Bottom,180.000000
R526,130.550000mm,-287.000000mm,Bottom,180.000000
R527,100.950000mm,-225.399999mm,Bottom,180.000000
R528,171.250000mm,-113.399999mm,Bottom,180.000000
R529,71.350000mm,-77.000000mm,Bottom,180.000000
R530,219.350000mm,-93.800000mm,Bottom,180.000000
R531,67.650000mm,-208.600000mm,Bottom,180.000000
R532,145.350000mm,-71.400000mm,Bottom,180.000000
R533,226.750000mm,-219.799999mm,Bottom,180.000000
R534,137.950000mm,-189.000000mm,Bottom,180.000000
R535,219.350000mm,-65.800000mm,Bottom,180.000000
R536,123.150000mm,-93.800000mm,Bottom,180.000000
R537,123.150000mm,-169.399999mm,Bottom,180.000000
R538,141.650000mm,-43.400000mm,Bottom,180.000000
R539,112.050000mm,-149.799999mm,Bottom,180.000000
R540,167.550000mm,-32.200000mm,Bottom,180.000000
R541,171.250000mm,-124.600000mm,Bottom,180.000000
R542,71.350000mm,-93.800000mm,Bottom,180.000000
R543,100.950000mm,-233.799999mm,Bottom,180.000000
R544,174.950000mm,-194.600000mm,Bottom,180.000000
R545,67.650000mm,-107.800000mm,Bottom,180.000000
R546,174.950000mm,-222.600000mm,Bottom,180.000000
R547,193.450000mm,-91.000000mm,Bottom,180.000000
R548,89.850000mm,-133.000000mm,Bottom,180.000000
R549,267.450000mm,-82.600000mm,Bottom,180.000000
R550,152.750000mm,-200.200000mm,Bottom,180.000000
R551,160.150000mm,-133.000000mm,Bottom,180.000000
R552,115.750000mm,-155.399999mm,Bottom,180.000000
R553,197.150000mm,-65.800000mm,Bottom,180.000000
R554,137.950000mm,-138.600000mm,Bottom,180.000000
R555,123.150000mm,-124.600000mm,Bottom,180.000000
R556,56.550000mm,-211.399999mm,Bottom,180.000000
R557,108.350000mm,-197.399999mm,Bottom,180.000000
R558,186.050000mm,-186.200000mm,Bottom,180.000000
R559,130.550000mm,-217.000000mm,Bottom,180.000000
R560,182.350000mm,-102.199999mm,Bottom,180.000000
R561,93.550000mm,-93.800000mm,Bottom,180.000000
R562,149.050000mm,-225.399999mm,Bottom,180.000000
R563,226.750000mm,-65.800000mm,Bottom,180.000000
R564,45.450000mm,-214.200000mm,Bottom,180.000000
R565,130.550000mm,-147.000000mm,Bottom,180.000000
R566,100.950000mm,-200.200000mm,Bottom,180.000000
R567,215.650000mm,-130.199999mm,Bottom,180.000000
R568,86.150000mm,-169.399999mm,Bottom,180.000000
R569,89.850000mm,-26.600000mm,Bottom,180.000000
R570,186.050000mm,-141.399999mm,Bottom,180.000000
R571,215.650000mm,-244.999999mm,Bottom,180.000000
R572,241.550000mm,-172.200000mm,Bottom,180.000000
R573,226.750000mm,-93.800000mm,Bottom,180.000000
R574,112.050000mm,-197.399999mm,Bottom,180.000000
R575,141.650000mm,-166.600000mm,Bottom,180.000000
R576,145.350000mm,-121.800000mm,Bottom,180.000000
R577,52.850000mm,-172.200000mm,Bottom,180.000000
R578,119.450000mm,-46.199999mm,Bottom,180.000000
R579,71.350000mm,-233.799999mm,Bottom,180.000000
R580,112.050000mm,-26.600000mm,Bottom,180.000000
R581,193.450000mm,-200.200000mm,Bottom,180.000000
R582,123.150000mm,-99.399999mm,Bottom,180.000000
R583,119.450000mm,-91.000000mm,Bottom,180.000000
R584,63.950000mm,-244.999999mm,Bottom,180.000000
R585,75.050000mm,-189.000000mm,Bottom,180.000000
R586,49.150000mm,-68.600000mm,Bottom,180.000000
R587,137.950000mm,-203.000000mm,Bottom,180.000000
R588,67.650000mm,-186.200000mm,Bottom,180.000000
R589,104.650000mm,-222.600000mm,Bottom,180.000000
R590,45.450000mm,-225.399999mm,Bottom,180.000000
R591,145.350000mm,-93.800000mm,Bottom,180.000000
R592,108.350000mm,-26.600000mm,Bottom,180.000000
R593,145.350000mm,-51.800000mm,Bottom,180.000000
R594,193.450000mm,-287.000000mm,Bottom,180.000000
R595,71.350000mm,-219.799999mm,Bottom,180.000000
R596,115.750000mm,-119.000000mm,Bottom,180.000000
R597,104.650000mm,-217.000000mm,Bottom,180.000000
R598,245.250000mm,-63.000000mm,Bottom,180.000000
R599,182.350000mm,-172.200000mm,Bottom,180.000000
R600,145.350000mm,-197.399999mm,Bottom,180.000000
R601,174.950000mm,-186.200000mm,Bottom,180.000000
R602,56.550000mm,-200.200000mm,Bottom,180.000000
R603,67.650000mm,-244.999999mm,Bottom,180.000000
R604,134.250000mm,-273.000000mm,Bottom,180.000000
R605,252.650000mm,-96.600000mm,Bottom,180.000000
R606,104.650000mm,-197.399999mm,Bottom,180.000000
R607,104.650000mm,-214.200000mm,Bottom,180.000000
R608,171.250000mm,-29.400000mm,Bottom,180.000000
R609,63.950000mm,-186.200000mm,Bottom,180.000000
R610,45.450000mm,-270.200000mm,Bottom,180.000000
R611,234.150000mm,-172.200000mm,Bottom,180.000000
R612,89.850000mm,-60.199999mm,Bottom,180.000000
R613,38.050000mm,-32.200000mm,Bottom,180.000000
R614,130.550000mm,-172.200000mm,Bottom,180.000000
R615,93.550000mm,-284.200000mm,Bottom,180.000000
R616,241.550000mm,-175.000000mm,Bottom,180.000000
R617,152.750000mm,-116.199999mm,Bottom,180.000000
R618,115.750000mm,-256.200000mm,Bottom,180.000000
R619,204.550000mm,-105.000000mm,Bottom,180.000000
R620,211.950000mm,-166.600000mm,Bottom,180.000000
R621,178.650000mm,-169.399999mm,Bottom,180.000000
R622,171.250000mm,-105.000000mm,Bottom,180.000000
R623,248.950000mm,-152.600000mm,Bottom,180.000000
R624,56.550000mm,-270.200000mm,Bottom,180.000000
R625,137.950000mm,-172.200000mm,Bottom,180.000000
R626,149.050000mm,-85.399999mm,Bottom,180.000000
R627,234.150000mm,-57.400000mm,Bottom,180.000000
R628,189.750000mm,-68.600000mm,Bottom,180.000000
R629,63.950000mm,-141.399999mm,Bottom,180.000000
R630,160.150000mm,-119.000000mm,Bottom,180.000000
R631,134.250000mm,-256.200000mm,Bottom,180.000000
R632,78.750000mm,-63.000000mm,Bottom,180.000000
R633,97.250000mm,-233.799999mm,Bottom,180.000000
R634,208.250000mm,-88.199999mm,Bottom,180.000000
R635,219.350000mm,-208.600000mm,Bottom,180.000000
R636,45.450000mm,-172.200000mm,Bottom,180.000000
R637,193.450000mm,-68.600000mm,Bottom,180.000000
R638,178.650000mm,-200.200000mm,Bottom,180.000000
R639,189.750000mm,-247.799999mm,Bottom,180.000000
R640,152.750000mm,-65.800000mm,Bottom,180.000000
R641,248.950000mm,-121.800000mm,Bottom,180.000000
R642,260.050000mm,-107.800000mm,Bottom,180.000000
R643,189.750000mm,-214.200000mm,Bottom,180.000000
R644,108.350000mm,-107.800000mm,Bottom,180.000000
R645,215.650000mm,-147.000000mm,Bottom,180.000000
R646,263.750000mm,-85.399999mm,Bottom,180.000000
R647,97.250000mm,-259.000000mm,Bottom,180.000000
R648,100.950000mm,-135.800000mm,Bottom,180.000000
R649,149.050000mm,-63.000000mm,Bottom,180.000000
R650,63.950000mm,-130.199999mm,Bottom,180.000000
R651,219.350000mm,-239.399999mm,Bottom,180.000000
R652,100.950000mm,-158.200000mm,Bottom,180.000000
R653,134.250000mm,-113.399999mm,Bottom,180.000000
R654,19.550000mm,-57.400000mm,Bottom,180.000000
R655,112.050000mm,-152.600000mm,Bottom,180.000000
R656,56.550000mm,-247.799999mm,Bottom,180.000000
R657,49.150000mm,-189.000000mm,Bottom,180.000000
R658,145.350000mm,-222.600000mm,Bottom,180.000000
R659,189.750000mm,-200.200000mm,Bottom,180.000000
R660,97.250000mm,-130.199999mm,Bottom,180.000000
R661,63.950000mm,-82.600000mm,Bottom,180.000000
R662,100.950000mm,-85.399999mm,Bottom,180.000000
R663,86.150000mm,-96.600000mm,Bottom,180.000000
R664,223.050000mm,-138.600000mm,Bottom,180.000000
R665,241.550000mm,-138.600000mm,Bottom,180.000000
R666,141.650000mm,-60.199999mm,Bottom,180.000000
R667,215.650000mm,-68.600000mm,Bottom,180.000000
R668,267.450000mm,-158.200000mm,Bottom,180.000000
R669,219.350000mm,-256.200000mm,Bottom,180.000000
R670,60.250000mm,-152.600000mm,Bottom,180.000000
R671,215.650000mm,-163.799999mm,Bottom,180.000000
R672,204.550000mm,-96.600000mm,Bottom,180.000000
R673,108.350000mm,-203.000000mm,Bottom,180.000000
R674,149.050000mm,-65.800000mm,Bottom,180.000000
R675,211.950000mm,-26.600000mm,Bottom,180.000000
R676,112.050000mm,-121.800000mm,Bottom,180.000000
R677,252.650000mm,-43.400000mm,Bottom,180.000000
R678,15.850000mm,-96.600000mm,Bottom,180.000000
R679,137.950000mm,-244.999999mm,Bottom,180.000000
R680,178.650000mm,-99.399999mm,Bottom,180.000000
R681,63.950000mm,-197.399999mm,Bottom,180.000000
R682,104.650000mm,-158.200000mm,Bottom,180.000000
R683,149.050000mm,-287.000000mm,Bottom,180.000000
R684,115.750000mm,-239.399999mm,Bottom,180.000000
R685,89.850000mm,-99.399999mm,Bottom,180.000000
R686,160.150000mm,-214.200000mm,Bottom,180.000000
R687,215.650000mm,-284.200000mm,Bottom,180.000000
R688,186.050000mm,-133.000000mm,Bottom,180.000000
R689,223.050000mm,-85.399999mm,Bottom,180.000000
R690,189.750000mm,-172.200000mm,Bottom,180.000000
R691,145.350000mm,-211.399999mm,Bottom,180.000000
R692,245.250000mm,-71.400000mm,Bottom,180.000000
R693,112.050000mm,-177.799999mm,Bottom,180.000000
R694,186.050000mm,-200.200000mm,Bottom,180.000000
R695,141.650000mm,-63.000000mm,Bottom,180.000000
R696,67.650000mm,-189.000000mm,Bottom,180.000000
R697,234.150000mm,-163.799999mm,Bottom,180.000000
R698,38.050000mm,-65.800000mm,Bottom,180.000000
R699,252.650000mm,-138.600000mm,Bottom,180.000000
R700,67.650000mm,-96.600000mm,Bottom,180.000000
R701,97.250000mm,-121.800000mm,Bottom,180.000000
R702,134.250000mm,-228.200000mm,Bottom,180.000000
R703,230.450000mm,-91.000000mm,Bottom,180.000000
R704,267.450000mm,-141.399999mm,Bottom,180.000000
R705,167.550000mm,-68.600000mm,Bottom,180.000000
R706,186.050000mm,-228.200000mm,Bottom,180.000000
R707,167.550000mm,-102.199999mm,Bottom,180.000000
R708,71.350000mm,-256.200000mm,Bottom,180.000000
R709,75.050000mm,-211.399999mm,Bottom,180.000000
R710,171.250000mm,-259.000000mm,Bottom,180.000000
R711,63.950000mm,-180.600000mm,Bottom,180.000000
R712,223.050000mm,-149.799999mm,Bottom,180.000000
R713,45.450000mm,-259.000000mm,Bottom,180.000000
R714,108.350000mm,-147.000000mm,Bottom,180.000000
R715,112.050000mm,-259.000000mm,Bottom,180.000000
R716,226.750000mm,-208.600000mm,Bottom,180.000000
R717,230.450000mm,-147.000000mm,Bottom,180.000000
R718,178.650000mm,-211.399999mm,Bottom,180.000000
R719,93.550000mm,-60.199999mm,Bottom,180.000000
R720,141.650000mm,-273.000000mm,Bottom,180.000000
R721,167.550000mm,-273.000000mm,Bottom,180.000000
R722,174.950000mm,-267.399999mm,Bottom,180.000000
R723,171.250000mm,-65.800000mm,Bottom,180.000000
R724,156.450000mm,-127.399999mm,Bottom,180.000000
R725,178.650000mm,-270.200000mm,Bottom,180.000000
R726,245.250000mm,-113.399999mm,Bottom,180.000000
R727,167.550000mm,-107.800000mm,Bottom,180.000000
R728,108.350000mm,-267.399999mm,Bottom,180.000000
R729,123.150000mm,-231.000000mm,Bottom,180.000000
R730,119.450000mm,-105.000000mm,Bottom,180.000000
R731,104.650000mm,-244.999999mm,Bottom,180.000000
R732,126.850000mm,-91.000000mm,Bottom,180.000000
R733,86.150000mm,-166.600000mm,Bottom,180.000000
R734,215.650000mm,-158.200000mm,Bottom,180.000000
R735,152.750000mm,-113.399999mm,Bottom,180.000000
R736,223.050000mm,-65.800000mm,Bottom,180.000000
R737,189.750000mm,-189.000000mm,Bottom,180.000000
R738,123.150000mm,-113.399999mm,Bottom,180.000000
R739,171.250000mm,-189.000000mm,Bottom,180.000000
R740,93.550000mm,-166.600000mm,Bottom,180.000000
R741,174.950000mm,-144.200000mm,Bottom,180.000000
R742,49.150000mm,-236.600000mm,Bottom,180.000000
R743,38.050000mm,-68.600000mm,Bottom,180.000000
R744,104.650000mm,-247.799999mm,Bottom,180.000000
R745,134.250000mm,-172.200000mm,Bottom,180.000000
R746,160.150000mm,-63.000000mm,Bottom,180.000000
R747,197.150000mm,-172.200000mm,Bottom,180.000000
R748,100.950000mm,-270.200000mm,Bottom,180.000000
R749,126.850000mm,-68.600000mm,Bottom,180.000000
R750,63.950000mm,-74.199999mm,Bottom,180.000000
R751,186.050000mm,-149.799999mm,Bottom,180.000000
R752,149.050000mm,-68.600000mm,Bottom,180.000000
R753,49.150000mm,-225.399999mm,Bottom,180.000000
R754,60.250000mm,-273.000000mm,Bottom,180.000000
R755,186.050000mm,-217.000000mm,Bottom,180.000000
R756,108.350000mm,-172.200000mm,Bottom,180.000000
R757,100.950000mm,-172.200000mm,Bottom,180.000000
R758,130.550000mm,-250.600000mm,Bottom,180.000000
R759,167.550000mm,-93.800000mm,Bottom,180.000000
R760,104.650000mm,-65.800000mm,Bottom,180.000000
R761,171.250000mm,-169.399999mm,Bottom,180.000000
R762,137.950000mm,-130.199999mm,Bottom,180.000000
R763,174.950000mm,-208.600000mm,Bottom,180.000000
R764,86.150000mm,-287.000000mm,Bottom,180.000000
R765,226.750000mm,-172.200000mm,Bottom,180.000000
R766,174.950000mm,-166.600000mm,Bottom,180.000000
R767,141.650000mm,-172.200000mm,Bottom,180.000000
R768,86.150000mm,-79.800000mm,Bottom,180.000000
R769,189.750000mm,-152.600000mm,Bottom,180.000000
R770,193.450000mm,-169.399999mm,Bottom,180.000000
R771,252.650000mm,-121.800000mm,Bottom,180.000000
R772,104.650000mm,-191.799999mm,Bottom,180.000000
R773,156.450000mm,-135.800000mm,Bottom,180.000000
R774,71.350000mm,-99.399999mm,Bottom,180.000000
R775,15.850000mm,-91.000000mm,Bottom,180.000000
R776,211.950000mm,-65.800000mm,Bottom,180.000000
R777,260.050000mm,-166.600000mm,Bottom,180.000000
R778,260.050000mm,-99.399999mm,Bottom,180.000000
R779,134.250000mm,-169.399999mm,Bottom,180.000000
R780,167.550000mm,-250.600000mm,Bottom,180.000000
R781,63.950000mm,-91.000000mm,Bottom,180.000000
R782,112.050000mm,-107.800000mm,Bottom,180.000000
R783,115.750000mm,-172.200000mm,Bottom,180.000000
R784,219.350000mm,-233.799999mm,Bottom,180.000000
R785,108.350000mm,-278.599999mm,Bottom,180.000000
R786,267.450000mm,-74.199999mm,Bottom,180.000000
R787,89.850000mm,-63.000000mm,Bottom,180.000000
R788,15.850000mm,-77.000000mm,Bottom,180.000000
R789,100.950000mm,-219.799999mm,Bottom,180.000000
R790,104.650000mm,-267.399999mm,Bottom,180.000000
R791,56.550000mm,-287.000000mm,Bottom,180.000000
R792,186.050000mm,-264.600000mm,Bottom,180.000000
R793,97.250000mm,-270.200000mm,Bottom,180.000000
R794,256.350000mm,-119.000000mm,Bottom,180.000000
R795,112.050000mm,-57.400000mm,Bottom,180.000000
R796,167.550000mm,-172.200000mm,Bottom,180.000000
R797,126.850000mm,-63.000000mm,Bottom,180.000000
R798,112.050000mm,-273.000000mm,Bottom,180.000000
R799,152.750000mm,-54.599999mm,Bottom,180.000000
R800,123.150000mm,-74.199999mm,Bottom,180.000000
R801,174.950000mm,-211.399999mm,Bottom,180.000000
R802,149.050000mm,-172.200000mm,Bottom,180.000000
R803,112.050000mm,-65.800000mm,Bottom,180.000000
R804,23.250000mm,-71.400000mm,Bottom,180.000000
R805,134.250000mm,-71.400000mm,Bottom,180.000000
R806,89.850000mm,-144.200000mm,Bottom,180.000000
R807,152.750000mm,-236.600000mm,Bottom,180.000000
R808,186.050000mm,-191.799999mm,Bottom,180.000000
R809,119.450000mm,-287.000000mm,Bottom,180.000000
R810,126.850000mm,-113.399999mm,Bottom,180.000000
R811,82.450000mm,-149.799999mm,Bottom,180.000000
R812,197.150000mm,-96.600000mm,Bottom,180.000000
R813,112.050000mm,-68.600000mm,Bottom,180.000000
R814,149.050000mm,-261.799999mm,Bottom,180.000000
R815,49.150000mm,-60.199999mm,Bottom,180.000000
R816,75.050000mm,-116.199999mm,Bottom,180.000000
R817,104.650000mm,-169.399999mm,Bottom,180.000000
R818,23.250000mm,-68.600000mm,Bottom,180.000000
R819,174.950000mm,-169.399999mm,Bottom,180.000000
R820,200.850000mm,-161.000000mm,Bottom,180.000000
R821,260.050000mm,-163.799999mm,Bottom,180.000000
R822,115.750000mm,-222.600000mm,Bottom,180.000000
R823,26.950000mm,-65.800000mm,Bottom,180.000000
R824,108.350000mm,-158.200000mm,Bottom,180.000000
R825,215.650000mm,-208.600000mm,Bottom,180.000000
R826,93.550000mm,-99.399999mm,Bottom,180.000000
R827,230.450000mm,-107.800000mm,Bottom,180.000000
R828,186.050000mm,-124.600000mm,Bottom,180.000000
R829,119.450000mm,-63.000000mm,Bottom,180.000000
R830,75.050000mm,-105.000000mm,Bottom,180.000000
R831,82.450000mm,-247.799999mm,Bottom,180.000000
R832,137.950000mm,-65.800000mm,Bottom,180.000000
R833,237.850000mm,-60.199999mm,Bottom,180.000000
R834,186.050000mm,-267.399999mm,Bottom,180.000000
R835,71.350000mm,-208.600000mm,Bottom,180.000000
R836,204.550000mm,-107.800000mm,Bottom,180.000000
R837,34.350000mm,-26.600000mm,Bottom,180.000000
R838,141.650000mm,-77.000000mm,Bottom,180.000000
R839,134.250000mm,-68.600000mm,Bottom,180.000000
R840,97.250000mm,-273.000000mm,Bottom,180.000000
R841,189.750000mm,-26.600000mm,Bottom,180.000000
R842,178.650000mm,-233.799999mm,Bottom,180.000000
R843,226.750000mm,-130.199999mm,Bottom,180.000000
R844,171.250000mm,-211.399999mm,Bottom,180.000000
R845,119.450000mm,-93.800000mm,Bottom,180.000000
R846,263.750000mm,-102.199999mm,Bottom,180.000000
R847,130.550000mm,-91.000000mm,Bottom,180.000000
R848,171.250000mm,-172.200000mm,Bottom,180.000000
R849,126.850000mm,-222.600000mm,Bottom,180.000000
R850,219.350000mm,-261.799999mm,Bottom,180.000000
R851,226.750000mm,-158.200000mm,Bottom,180.000000
R852,234.150000mm,-65.800000mm,Bottom,180.000000
R853,130.550000mm,-68.600000mm,Bottom,180.000000
R854,197.150000mm,-158.200000mm,Bottom,180.000000
R855,174.950000mm,-287.000000mm,Bottom,180.000000
R856,108.350000mm,-228.200000mm,Bottom,180.000000
R857,160.150000mm,-130.199999mm,Bottom,180.000000
R858,97.250000mm,-65.800000mm,Bottom,180.000000
R859,52.850000mm,-287.000000mm,Bottom,180.000000
R860,208.250000mm,-63.000000mm,Bottom,180.000000
R861,260.050000mm,-158.200000mm,Bottom,180.000000
R862,67.650000mm,-197.399999mm,Bottom,180.000000
R863,63.950000mm,-259.000000mm,Bottom,180.000000
R864,112.050000mm,-124.600000mm,Bottom,180.000000
R865,193.450000mm,-172.200000mm,Bottom,180.000000
R866,223.050000mm,-163.799999mm,Bottom,180.000000
R867,174.950000mm,-152.600000mm,Bottom,180.000000
R868,163.850000mm,-147.000000mm,Bottom,180.000000
R869,137.950000mm,-63.000000mm,Bottom,180.000000
R870,219.350000mm,-250.600000mm,Bottom,180.000000
R871,130.550000mm,-93.800000mm,Bottom,180.000000
R872,234.150000mm,-152.600000mm,Bottom,180.000000
R873,193.450000mm,-259.000000mm,Bottom,180.000000
R874,104.650000mm,-259.000000mm,Bottom,180.000000
R875,271.150000mm,-99.399999mm,Bottom,180.000000
R876,178.650000mm,-172.200000mm,Bottom,180.000000
R877,223.050000mm,-239.399999mm,Bottom,180.000000
R878,71.350000mm,-82.600000mm,Bottom,180.000000
R879,15.850000mm,-85.399999mm,Bottom,180.000000
R880,115.750000mm,-65.800000mm,Bottom,180.000000
R881,100.950000mm,-247.799999mm,Bottom,180.000000
R882,211.950000mm,-155.399999mm,Bottom,180.000000
R883,215.650000mm,-197.399999mm,Bottom,180.000000
R884,145.350000mm,-219.799999mm,Bottom,180.000000
R885,223.050000mm,-71.400000mm,Bottom,180.000000
R886,167.550000mm,-63.000000mm,Bottom,180.000000
R887,15.850000mm,-93.800000mm,Bottom,180.000000
R888,60.250000mm,-65.800000mm,Bottom,180.000000
R889,63.950000mm,-208.600000mm,Bottom,180.000000
R890,174.950000mm,-197.399999mm,Bottom,180.000000
R891,75.050000mm,-63.000000mm,Bottom,180.000000
R892,174.950000mm,-256.200000mm,Bottom,180.000000
R893,60.250000mm,-211.399999mm,Bottom,180.000000
R894,234.150000mm,-141.399999mm,Bottom,180.000000
R895,145.350000mm,-267.399999mm,Bottom,180.000000
R896,234.150000mm,-149.799999mm,Bottom,180.000000
R897,167.550000mm,-214.200000mm,Bottom,180.000000
R898,215.650000mm,-93.800000mm,Bottom,180.000000
R899,119.450000mm,-169.399999mm,Bottom,180.000000
R900,182.350000mm,-183.399999mm,Bottom,180.000000
R901,49.150000mm,-214.200000mm,Bottom,180.000000
R902,141.650000mm,-71.400000mm,Bottom,180.000000
R903,104.650000mm,-194.600000mm,Bottom,180.000000
R904,56.550000mm,-222.600000mm,Bottom,180.000000
R905,63.950000mm,-105.000000mm,Bottom,180.000000
R906,30.650000mm,-60.199999mm,Bottom,180.000000
R907,174.950000mm,-135.800000mm,Bottom,180.000000
R908,174.950000mm,-172.200000mm,Bottom,180.000000
R909,56.550000mm,-236.600000mm,Bottom,180.000000
R910,100.950000mm,-65.800000mm,Bottom,180.000000
R911,67.650000mm,-222.600000mm,Bottom,180.000000
R912,197.150000mm,-287.000000mm,Bottom,180.000000
R913,163.850000mm,-63.000000mm,Bottom,180.000000
R914,104.650000mm,-186.200000mm,Bottom,180.000000
R915,119.450000mm,-155.399999mm,Bottom,180.000000
R916,60.250000mm,-225.399999mm,Bottom,180.000000
R917,82.450000mm,-163.799999mm,Bottom,180.000000
R918,49.150000mm,-71.400000mm,Bottom,180.000000
R919,97.250000mm,-166.600000mm,Bottom,180.000000
R920,186.050000mm,-205.799999mm,Bottom,180.000000
R921,45.450000mm,-65.800000mm,Bottom,180.000000
R922,200.850000mm,-147.000000mm,Bottom,180.000000
R923,56.550000mm,-259.000000mm,Bottom,180.000000
R924,149.050000mm,-203.000000mm,Bottom,180.000000
R925,112.050000mm,-172.200000mm,Bottom,180.000000
R926,186.050000mm,-63.000000mm,Bottom,180.000000
R927,108.350000mm,-82.600000mm,Bottom,180.000000
R928,67.650000mm,-270.200000mm,Bottom,180.000000
R929,45.450000mm,-71.400000mm,Bottom,180.000000
R930,197.150000mm,-169.399999mm,Bottom,180.000000
R931,137.950000mm,-46.199999mm,Bottom,180.000000
R932,223.050000mm,-63.000000mm,Bottom,180.000000
R933,112.050000mm,-242.200000mm,Bottom,180.000000
R934,200.850000mm,-149.799999mm,Bottom,180.000000
R935,26.950000mm,-54.599999mm,Bottom,180.000000
R936,145.350000mm,-65.800000mm,Bottom,180.000000
R937,15.850000mm,-71.400000mm,Bottom,180.000000
R938,141.650000mm,-211.399999mm,Bottom,180.000000
R939,86.150000mm,-65.800000mm,Bottom,180.000000
R940,241.550000mm,-177.799999mm,Bottom,180.000000
R941,63.950000mm,-121.800000mm,Bottom,180.000000
R942,260.050000mm,-105.000000mm,Bottom,180.000000
R943,256.350000mm,-121.800000mm,Bottom,180.000000
R944,197.150000mm,-63.000000mm,Bottom,180.000000
R945,152.750000mm,-273.000000mm,Bottom,180.000000
R946,112.050000mm,-169.399999mm,Bottom,180.000000
R947,89.850000mm,-155.399999mm,Bottom,180.000000
R948,263.750000mm,-141.399999mm,Bottom,180.000000
R949,141.650000mm,-169.399999mm,Bottom,180.000000
R950,219.350000mm,-186.200000mm,Bottom,180.000000
R951,52.850000mm,-29.400000mm,Bottom,180.000000
R952,223.050000mm,-158.200000mm,Bottom,180.000000
R953,34.350000mm,-71.400000mm,Bottom,180.000000
R954,260.050000mm,-82.600000mm,Bottom,180.000000
R955,119.450000mm,-208.600000mm,Bottom,180.000000
R956,71.350000mm,-63.000000mm,Bottom,180.000000
R957,223.050000mm,-225.399999mm,Bottom,180.000000
R958,248.950000mm,-147.000000mm,Bottom,180.000000
R959,152.750000mm,-214.200000mm,Bottom,180.000000
R960,167.550000mm,-149.799999mm,Bottom,180.000000
R961,82.450000mm,-222.600000mm,Bottom,180.000000
R962,252.650000mm,-99.399999mm,Bottom,180.000000
R963,78.750000mm,-71.400000mm,Bottom,180.000000
R964,256.350000mm,-43.400000mm,Bottom,180.000000
R965,100.950000mm,-183.399999mm,Bottom,180.000000
R966,145.350000mm,-247.799999mm,Bottom,180.000000
R967,189.750000mm,-222.600000mm,Bottom,180.000000
R968,97.250000mm,-247.799999mm,Bottom,180.000000
R969,219.350000mm,-214.200000mm,Bottom,180.000000
R970,145.350000mm,-172.200000mm,Bottom,180.000000
R971,130.550000mm,-208.600000mm,Bottom,180.000000
R972,226.750000mm,-256.200000mm,Bottom,180.000000
R973,63.950000mm,-270.200000mm,Bottom,180.000000
R974,260.050000mm,-68.600000mm,Bottom,180.000000
R975,167.550000mm,-124.600000mm,Bottom,180.000000
R976,182.350000mm,-231.000000mm,Bottom,180.000000
R977,215.650000mm,-79.800000mm,Bottom,180.000000
R978,193.450000mm,-270.200000mm,Bottom,180.000000
R979,97.250000mm,-105.000000mm,Bottom,180.000000
R980,174.950000mm,-26.600000mm,Bottom,180.000000
R981,152.750000mm,-225.399999mm,Bottom,180.000000
R982,152.750000mm,-141.399999mm,Bottom,180.000000
R983,171.250000mm,-236.600000mm,Bottom,180.000000
R984,45.450000mm,-68.600000mm,Bottom,180.000000
R985,45.450000mm,-189.000000mm,Bottom,180.000000
R986,204.550000mm,-121.800000mm,Bottom,180.000000
R987,56.550000mm,-68.600000mm,Bottom,180.000000
R988,223.050000mm,-68.600000mm,Bottom,180.000000
R989,49.150000mm,-284.200000mm,Bottom,180.000000
R990,267.450000mm,-99.399999mm,Bottom,180.000000
R991,171.250000mm,-23.799999mm,Bottom,180.000000
R992,45.450000mm,-233.799999mm,Bottom,180.000000
R993,152.750000mm,-287.000000mm,Bottom,180.000000
R994,141.650000mm,-186.200000mm,Bottom,180.000000
R995,215.650000mm,-256.200000mm,Bottom,180.000000
R996,215.650000mm,-186.200000mm,Bottom,180.000000
R997,119.450000mm,-133.000000mm,Bottom,180.000000
R998,100.950000mm,-141.399999mm,Bottom,180.000000
R999,100.950000mm,-211.399999mm,Bottom,180.000000
R1000,67.650000mm,-211.399999mm,Bottom,180.000000
R1001,200.850000mm,-110.600000mm,Bottom,180.000000
R1002,182.350000mm,-214.200000mm,Bottom,180.000000
R1003,167.550000mm,-141.399999mm,Bottom,180.000000
R1004,182.350000mm,-116.199999mm,Bottom,180.000000
R1005,67.650000mm,-200.200000mm,Bottom,180.000000
R1006,230.450000mm,-65.800000mm,Bottom,180.000000
R1007,71.350000mm,-197.399999mm,Bottom,180.000000
R1008,63.950000mm,-133.000000mm,Bottom,180.000000
R1009,63.950000mm,-110.600000mm,Bottom,180.000000
R1010,193.450000mm,-26.600000mm,Bottom,180.000000
R1011,186.050000mm,-96.600000mm,Bottom,180.000000
R1012,15.850000mm,-79.800000mm,Bottom,180.000000
R1013,189.750000mm,-127.399999mm,Bottom,180.000000
R1014,149.050000mm,-250.600000mm,Bottom,180.000000
R1015,223.050000mm,-250.600000mm,Bottom,180.000000
R1016,145.350000mm,-68.600000mm,Bottom,180.000000
R1017,167.550000mm,-191.799999mm,Bottom,180.000000
R1018,63.950000mm,-256.200000mm,Bottom,180.000000
R1019,149.050000mm,-189.000000mm,Bottom,180.000000
R1020,149.050000mm,-200.200000mm,Bottom,180.000000
R1021,149.050000mm,-211.399999mm,Bottom,180.000000
R1022,149.050000mm,-222.600000mm,Bottom,180.000000
R1023,149.050000mm,-233.799999mm,Bottom,180.000000
R1024,149.050000mm,-247.799999mm,Bottom,180.000000
R1025,149.050000mm,-259.000000mm,Bottom,180.000000
R1026,149.050000mm,-270.200000mm,Bottom,180.000000
R1027,63.950000mm,-189.000000mm,Bottom,180.000000
R1028,67.650000mm,-203.000000mm,Bottom,180.000000
R1029,67.650000mm,-214.200000mm,Bottom,180.000000
R1030,63.950000mm,-225.399999mm,Bottom,180.000000
R1031,63.950000mm,-236.600000mm,Bottom,180.000000
R1032,67.650000mm,-250.600000mm,Bottom,180.000000
R1033,67.650000mm,-261.799999mm,Bottom,180.000000
R1034,63.950000mm,-273.000000mm,Bottom,180.000000
R1035,60.250000mm,-186.200000mm,Bottom,180.000000
R1036,63.950000mm,-200.200000mm,Bottom,180.000000
R1037,63.950000mm,-214.200000mm,Bottom,180.000000
R1038,60.250000mm,-222.600000mm,Bottom,180.000000
R1039,60.250000mm,-233.799999mm,Bottom,180.000000
R1040,63.950000mm,-250.600000mm,Bottom,180.000000
R1041,63.950000mm,-261.799999mm,Bottom,180.000000
R1042,60.250000mm,-270.200000mm,Bottom,180.000000
R1043,78.750000mm,-189.000000mm,Bottom,180.000000
R1044,78.750000mm,-200.200000mm,Bottom,180.000000
R1045,78.750000mm,-211.399999mm,Bottom,180.000000
R1046,78.750000mm,-222.600000mm,Bottom,180.000000
R1047,78.750000mm,-236.600000mm,Bottom,180.000000
R1048,78.750000mm,-247.799999mm,Bottom,180.000000
R1049,78.750000mm,-259.000000mm,Bottom,180.000000
R1050,78.750000mm,-270.200000mm,Bottom,180.000000
R1051,197.150000mm,-186.200000mm,Bottom,180.000000
R1052,193.450000mm,-197.399999mm,Bottom,180.000000
R1053,197.150000mm,-211.399999mm,Bottom,180.000000
R1054,193.450000mm,-219.799999mm,Bottom,180.000000
R1055,197.150000mm,-233.799999mm,Bottom,180.000000
R1056,193.450000mm,-244.999999mm,Bottom,180.000000
R1057,197.150000mm,-259.000000mm,Bottom,180.000000
R1058,193.450000mm,-267.399999mm,Bottom,180.000000
R1059,167.550000mm,-189.000000mm,Bottom,180.000000
R1060,163.850000mm,-200.200000mm,Bottom,180.000000
R1061,167.550000mm,-211.399999mm,Bottom,180.000000
R1062,163.850000mm,-222.600000mm,Bottom,180.000000
R1063,167.550000mm,-236.600000mm,Bottom,180.000000
R1064,163.850000mm,-247.799999mm,Bottom,180.000000
R1065,167.550000mm,-259.000000mm,Bottom,180.000000
R1066,163.850000mm,-270.200000mm,Bottom,180.000000
R1067,215.650000mm,-144.200000mm,Bottom,180.000000
R1068,245.250000mm,-163.799999mm,Bottom,180.000000
R1069,200.850000mm,-119.000000mm,Bottom,180.000000
R1070,226.750000mm,-149.799999mm,Bottom,180.000000
R1071,211.950000mm,-161.000000mm,Bottom,180.000000
R1072,241.550000mm,-155.399999mm,Bottom,180.000000
R1073,267.450000mm,-147.000000mm,Bottom,180.000000
R1074,117.609940mm,-7.800000mm,Bottom,180.000000
R1075,46.492798mm,-7.800000mm,Bottom,180.000000
R1076,22.276329mm,-7.800000mm,Bottom,180.000000
R1077,86.467119mm,-7.800000mm,Bottom,180.000000
R1078,191.663866mm,-7.800000mm,Bottom,180.000000
R1079,243.106950mm,-7.800000mm,Bottom,180.000000
R1080,121.009940mm,-7.800000mm,Bottom,180.000000
R1081,49.892798mm,-7.800000mm,Bottom,180.000000
R1082,25.676329mm,-7.800000mm,Bottom,180.000000
R1083,89.867119mm,-7.800000mm,Bottom,180.000000
R1084,195.063866mm,-7.800000mm,Bottom,180.000000
R1085,20.000000mm,-143.000000mm,Bottom,90.000000
R1086,23.200000mm,-143.000000mm,Bottom,90.000000
R1087,26.400000mm,-143.000000mm,Bottom,90.000000
R1088,29.600000mm,-143.000000mm,Bottom,90.000000
R1089,32.799999mm,-143.000000mm,Bottom,90.000000
R1090,36.000000mm,-143.000000mm,Bottom,90.000000
R1091,39.200000mm,-143.000000mm,Bottom,90.000000
R1092,42.400000mm,-143.000000mm,Bottom,90.000000
R1093,45.600000mm,-143.000000mm,Bottom,90.000000
R1094,48.800000mm,-143.000000mm,Bottom,90.000000
R1095,52.000000mm,-143.000000mm,Bottom,90.000000
R1096,55.200000mm,-143.000000mm,Bottom,90.000000
R1097,58.400000mm,-143.000000mm,Bottom,90.000000
R1098,20.000000mm,-146.400000mm,Bottom,90.000000
R1099,23.200000mm,-146.400000mm,Bottom,90.000000
R1100,26.400000mm,-146.400000mm,Bottom,90.000000
R1101,29.600000mm,-146.400000mm,Bottom,90.000000
R1102,32.799999mm,-146.400000mm,Bottom,90.000000
R1103,36.000000mm,-146.400000mm,Bottom,90.000000
R1104,39.200000mm,-146.400000mm,Bottom,90.000000
R1105,42.400000mm,-146.400000mm,Bottom,90.000000
R1106,45.600000mm,-146.400000mm,Bottom,90.000000
R1107,48.800000mm,-146.400000mm,Bottom,90.000000
R1108,52.000000mm,-146.400000mm,Bottom,90.000000
R1109,55.200000mm,-146.400000mm,Bottom,90.000000
R1110,58.400000mm,-146.400000mm,Bottom,90.000000
D1,145.350000mm,-186.200000mm,Top,0.000000
D2,145.350000mm,-197.399999mm,Top,0.000000
D3,145.350000mm,-208.600000mm,Top,0.000000
D4,145.350000mm,-219.799999mm,Top,0.000000
D5,145.350000mm,-231.000000mm,Top,0.000000
D6,145.350000mm,-244.999999mm,Top,0.000000
D7,145.350000mm,-256.200000mm,Top,0.000000
D8,145.350000mm,-267.399999mm,Top,0.000000
D9,63.950000mm,-186.200000mm,Top,0.000000
D10,63.950000mm,-200.200000mm,Top,0.000000
D11,63.950000mm,-211.399999mm,Top,0.000000
D12,63.950000mm,-222.600000mm,Top,0.000000
D13,63.950000mm,-233.799999mm,Top,0.000000
D14,63.950000mm,-247.799999mm,Top,0.000000
D15,63.950000mm,-259.000000mm,Top,0.000000
D16,63.950000mm,-270.200000mm,Top,0.000000
D17,60.250000mm,-186.200000mm,Top,0.000000
D18,60.250000mm,-200.200000mm,Top,0.000000
D19,60.250000mm,-211.399999mm,Top,0.000000
D20,60.250000mm,-222.600000mm,Top,0.000000
D21,60.250000mm,-233.799999mm,Top,0.000000
D22,60.250000mm,-247.799999mm,Top,0.000000
D23,60.250000mm,-259.000000mm,Top,0.000000
D24,60.250000mm,-270.200000mm,Top,0.000000
D25,75.050000mm,-186.200000mm,Top,0.000000
D26,75.050000mm,-197.399999mm,Top,0.000000
D27,75.050000mm,-208.600000mm,Top,0.000000
D28,75.050000mm,-219.799999mm,Top,0.000000
D29,75.050000mm,-233.799999mm,Top,0.000000
D30,75.050000mm,-244.999999mm,Top,0.000000
D31,75.050000mm,-256.200000mm,Top,0.000000
D32,75.050000mm,-267.399999mm,Top,0.000000
D33,193.450000mm,-183.399999mm,Top,0.000000
D34,189.750000mm,-194.600000mm,Top,0.000000
D35,193.450000mm,-208.600000mm,Top,0.000000
D36,189.750000mm,-217.000000mm,Top,0.000000
D37,193.450000mm,-231.000000mm,Top,0.000000
D38,189.750000mm,-242.200000mm,Top,0.000000
D39,193.450000mm,-256.200000mm,Top,0.000000
D40,189.750000mm,-264.600000mm,Top,0.000000
D41,163.850000mm,-186.200000mm,Top,0.000000
D42,163.850000mm,-200.200000mm,Top,0.000000
D43,163.850000mm,-208.600000mm,Top,0.000000
D44,163.850000mm,-222.600000mm,Top,0.000000
D45,163.850000mm,-233.799999mm,Top,0.000000
D46,163.850000mm,-247.799999mm,Top,0.000000
D47,163.850000mm,-256.200000mm,Top,0.000000
D48,163.850000mm,-270.200000mm,Top,0.000000
D49,215.650000mm,-144.200000mm,Top,0.000000
D50,241.550000mm,-161.000000mm,Top,0.000000
D51,197.150000mm,-116.199999mm,Top,0.000000
D52,223.050000mm,-147.000000mm,Top,0.000000
D53,211.950000mm,-161.000000mm,Top,0.000000
D54,237.850000mm,-152.600000mm,Top,0.000000
D55,263.750000mm,-144.200000mm,Top,0.000000
Q1,52.850000mm,-152.600000mm,Top,0.000000
Q2,171.250000mm,-289.799999mm,Top,0.000000
Q3,123.150000mm,-236.600000mm,Top,0.000000
Q4,63.950000mm,-289.799999mm,Top,0.000000
Q5,263.750000mm,-124.600000mm,Top,0.000000
Q6,189.750000mm,-289.799999mm,Top,0.000000
Q7,186.050000mm,-287.000000mm,Top,0.000000
Q8,230.450000mm,-208.600000mm,Top,0.000000
Q9,56.550000mm,-259.000000mm,Top,0.000000
Q10,52.850000mm,-256.200000mm,Top,0.000000
Q11,52.850000mm,-163.799999mm,Top,0.000000
Q12,38.050000mm,-172.200000mm,Top,0.000000
Q13,89.850000mm,-197.399999mm,Top,0.000000
Q14,89.850000mm,-200.200000mm,Top,0.000000
Q15,45.450000mm,-29.400000mm,Top,0.000000
Q16,67.650000mm,-289.799999mm,Top,0.000000
Q17,34.350000mm,-91.000000mm,Top,0.000000
Q18,219.350000mm,-149.799999mm,Top,0.000000
Q19,215.650000mm,-147.000000mm,Top,0.000000
Q20,145.350000mm,-289.799999mm,Top,0.000000
Q21,141.650000mm,-287.000000mm,Top,0.000000
Q22,137.950000mm,-177.799999mm,Top,0.000000
Q23,156.450000mm,-161.000000mm,Top,0.000000
Q24,152.750000mm,-158.200000mm,Top,0.000000
Q25,75.050000mm,-191.799999mm,Top,0.000000
Q26,71.350000mm,-189.000000mm,Top,0.000000
Q27,23.250000mm,-32.200000mm,Top,0.000000
Q28,19.550000mm,-29.400000mm,Top,0.000000
Q29,15.850000mm,-35.000000mm,Top,0.000000
Q30,15.850000mm,-32.200000mm,Top,0.000000
Q31,223.050000mm,-149.799999mm,Top,0.000000
Q32,223.050000mm,-152.600000mm,Top,0.000000
Q33,49.150000mm,-189.000000mm,Top,0.000000
Q34,45.450000mm,-189.000000mm,Top,0.000000
Q35,45.450000mm,-191.799999mm,Top,0.000000
Q36,215.650000mm,-175.000000mm,Top,0.000000
Q37,245.250000mm,-149.799999mm,Top,0.000000
Q38,108.350000mm,-233.799999mm,Top,0.000000
Q39,104.650000mm,-231.000000mm,Top,0.000000
Q40,108.350000mm,-236.600000mm,Top,0.000000
Q41,263.750000mm,-77.000000mm,Top,0.000000
Q42,260.050000mm,-74.199999mm,Top,0.000000
Q43,263.750000mm,-71.400000mm,Top,0.000000
Q44,260.050000mm,-68.600000mm,Top,0.000000
Q45,60.250000mm,-261.799999mm,Top,0.000000
Q46,60.250000mm,-264.600000mm,Top,0.000000
Q47,215.650000mm,-149.799999mm,Top,0.000000
Q48,75.050000mm,-239.399999mm,Top,0.000000
Q49,71.350000mm,-236.600000mm,Top,0.000000
Q50,71.350000mm,-239.399999mm,Top,0.000000
Q51,186.050000mm,-91.000000mm,Top,0.000000
Q52,130.550000mm,-289.799999mm,Top,0.000000
Q53,126.850000mm,-287.000000mm,Top,0.000000
Q54,19.550000mm,-46.199999mm,Top,0.000000
Q55,256.350000mm,-152.600000mm,Top,0.000000
Q56,256.350000mm,-91.000000mm,Top,0.000000
Q57,108.350000mm,-127.399999mm,Top,0.000000
Q58,126.850000mm,-236.600000mm,Top,0.000000
Q59,63.950000mm,-203.000000mm,Top,0.000000
Q60,60.250000mm,-203.000000mm,Top,0.000000
Q61,86.150000mm,-203.000000mm,Top,0.000000
Q62,82.450000mm,-200.200000mm,Top,0.000000
Q63,86.150000mm,-214.200000mm,Top,0.000000
Q64,82.450000mm,-211.399999mm,Top,0.000000
Q65,86.150000mm,-225.399999mm,Top,0.000000
Q66,82.450000mm,-222.600000mm,Top,0.000000
Q67,86.150000mm,-239.399999mm,Top,0.000000
Q68,82.450000mm,-236.600000mm,Top,0.000000
Q69,226.750000mm,-203.000000mm,Top,0.000000
Q70,71.350000mm,-175.000000mm,Top,0.000000
Q71,86.150000mm,-191.799999mm,Top,0.000000
Q72,82.450000mm,-189.000000mm,Top,0.000000
Q73,141.650000mm,-189.000000mm,Top,0.000000
Q74,137.950000mm,-186.200000mm,Top,0.000000
Q75,86.150000mm,-250.600000mm,Top,0.000000
Q76,82.450000mm,-247.799999mm,Top,0.000000
Q77,86.150000mm,-261.799999mm,Top,0.000000
Q78,82.450000mm,-259.000000mm,Top,0.000000
Q79,178.650000mm,-233.799999mm,Top,0.000000
Q80,82.450000mm,-116.199999mm,Top,0.000000
Q81,78.750000mm,-113.399999mm,Top,0.000000
Q82,67.650000mm,-91.000000mm,Top,0.000000
Q83,171.250000mm,-225.399999mm,Top,0.000000
Q84,112.050000mm,-219.799999mm,Top,0.000000
Q85,108.350000mm,-217.000000mm,Top,0.000000
Q86,112.050000mm,-225.399999mm,Top,0.000000
Q87,137.950000mm,-161.000000mm,Top,0.000000
Q88,134.250000mm,-158.200000mm,Top,0.000000
Q89,126.850000mm,-259.000000mm,Top,0.000000
Q90,230.450000mm,-152.600000mm,Top,0.000000
Q91,226.750000mm,-152.600000mm,Top,0.000000
Q92,219.350000mm,-208.600000mm,Top,0.000000
Q93,260.050000mm,-107.800000mm,Top,0.000000
Q94,256.350000mm,-107.800000mm,Top,0.000000
Q95,63.950000mm,-264.600000mm,Top,0.000000
Q96,67.650000mm,-259.000000mm,Top,0.000000
Q97,63.950000mm,-107.800000mm,Top,0.000000
Q98,60.250000mm,-105.000000mm,Top,0.000000
Q99,100.950000mm,-270.200000mm,Top,0.000000
Q100,93.550000mm,-270.200000mm,Top,0.000000
Q101,145.350000mm,-29.400000mm,Top,0.000000
Q102,63.950000mm,-239.399999mm,Top,0.000000
Q103,60.250000mm,-236.600000mm,Top,0.000000
Q104,208.250000mm,-82.600000mm,Top,0.000000
Q105,86.150000mm,-177.799999mm,Top,0.000000
Q106,226.750000mm,-239.399999mm,Top,0.000000
Q107,219.350000mm,-242.200000mm,Top,0.000000
Q108,200.850000mm,-163.799999mm,Top,0.000000
Q109,197.150000mm,-161.000000mm,Top,0.000000
Q110,197.150000mm,-163.799999mm,Top,0.000000
Q111,197.150000mm,-166.600000mm,Top,0.000000
Q112,215.650000mm,-121.800000mm,Top,0.000000
Q113,211.950000mm,-119.000000mm,Top,0.000000
Q114,215.650000mm,-130.199999mm,Top,0.000000
Q115,211.950000mm,-127.399999mm,Top,0.000000
Q116,223.050000mm,-233.799999mm,Top,0.000000
Q117,219.350000mm,-231.000000mm,Top,0.000000
Q118,174.950000mm,-186.200000mm,Top,0.000000
Q119,174.950000mm,-191.799999mm,Top,0.000000
Q120,182.350000mm,-208.600000mm,Top,0.000000
Q121,178.650000mm,-205.799999mm,Top,0.000000
Q122,182.350000mm,-211.399999mm,Top,0.000000
Q123,52.850000mm,-292.599999mm,Top,0.000000
Q124,89.850000mm,-144.200000mm,Top,0.000000
Q125,112.050000mm,-189.000000mm,Top,0.000000
Q126,174.950000mm,-222.600000mm,Top,0.000000
Q127,171.250000mm,-116.199999mm,Top,0.000000
Q128,63.950000mm,-197.399999mm,Top,0.000000
Q129,197.150000mm,-289.799999mm,Top,0.000000
Q130,78.750000mm,-124.600000mm,Top,0.000000
Q131,119.450000mm,-214.200000mm,Top,0.000000
Q132,134.250000mm,-82.600000mm,Top,0.000000
Q133,56.550000mm,-82.600000mm,Top,0.000000
Q134,119.450000mm,-284.200000mm,Top,0.000000
Q135,119.450000mm,-287.000000mm,Top,0.000000
Q136,123.150000mm,-289.799999mm,Top,0.000000
Q137,82.450000mm,-225.399999mm,Top,0.000000
Q138,260.050000mm,-99.399999mm,Top,0.000000
Q139,89.850000mm,-93.800000mm,Top,0.000000
Q140,215.650000mm,-200.200000mm,Top,0.000000
Q141,115.750000mm,-219.799999mm,Top,0.000000
Q142,112.050000mm,-217.000000mm,Top,0.000000
Q143,219.350000mm,-93.800000mm,Top,0.000000
Q144,215.650000mm,-91.000000mm,Top,0.000000
Q145,215.650000mm,-284.200000mm,Top,0.000000
Q146,145.350000mm,-130.199999mm,Top,0.000000
Q147,63.950000mm,-163.799999mm,Top,0.000000
Q148,193.450000mm,-270.200000mm,Top,0.000000
Q149,71.350000mm,-91.000000mm,Top,0.000000
Q150,211.950000mm,-289.799999mm,Top,0.000000
Q151,208.250000mm,-287.000000mm,Top,0.000000
Q152,223.050000mm,-177.799999mm,Top,0.000000
Q153,182.350000mm,-149.799999mm,Top,0.000000
Q154,178.650000mm,-147.000000mm,Top,0.000000
Q155,134.250000mm,-233.799999mm,Top,0.000000
Q156,130.550000mm,-231.000000mm,Top,0.000000
Q157,71.350000mm,-225.399999mm,Top,0.000000
Q158,67.650000mm,-222.600000mm,Top,0.000000
Q159,71.350000mm,-211.399999mm,Top,0.000000
Q160,67.650000mm,-208.600000mm,Top,0.000000
Q161,174.950000mm,-169.399999mm,Top,0.000000
Q162,174.950000mm,-172.200000mm,Top,0.000000
Q163,193.450000mm,-99.399999mm,Top,0.000000
Q164,71.350000mm,-273.000000mm,Top,0.000000
Q165,67.650000mm,-270.200000mm,Top,0.000000
Q166,71.350000mm,-261.799999mm,Top,0.000000
Q167,67.650000mm,-264.600000mm,Top,0.000000
Q168,178.650000mm,-169.399999mm,Top,0.000000
Q169,182.350000mm,-172.200000mm,Top,0.000000
Q170,67.650000mm,-233.799999mm,Top,0.000000
Q171,67.650000mm,-239.399999mm,Top,0.000000
Q172,197.150000mm,-127.399999mm,Top,0.000000
Q173,89.850000mm,-244.999999mm,Top,0.000000
Q174,86.150000mm,-242.200000mm,Top,0.000000
Q175,89.850000mm,-250.600000mm,Top,0.000000
Q176,263.750000mm,-63.000000mm,Top,0.000000
Q177,260.050000mm,-60.199999mm,Top,0.000000
Q178,67.650000mm,-247.799999mm,Top,0.000000
Q179,215.650000mm,-208.600000mm,Top,0.000000
Q180,211.950000mm,-205.799999mm,Top,0.000000
Q181,130.550000mm,-79.800000mm,Top,0.000000
Q182,134.250000mm,-85.399999mm,Top,0.000000
Q183,211.950000mm,-270.200000mm,Top,0.000000
Q184,100.950000mm,-225.399999mm,Top,0.000000
Q185,78.750000mm,-186.200000mm,Top,0.000000
Q186,126.850000mm,-169.399999mm,Top,0.000000
Q187,126.850000mm,-172.200000mm,Top,0.000000
Q188,112.050000mm,-113.399999mm,Top,0.000000
Q189,63.950000mm,-177.799999mm,Top,0.000000
Q190,89.850000mm,-82.600000mm,Top,0.000000
Q191,178.650000mm,-186.200000mm,Top,0.000000
Q192,245.250000mm,-203.000000mm,Top,0.000000
Q193,178.650000mm,-267.399999mm,Top,0.000000
Q194,52.850000mm,-273.000000mm,Top,0.000000
Q195,56.550000mm,-256.200000mm,Top,0.000000
Q196,163.850000mm,-91.000000mm,Top,0.000000
Q197,56.550000mm,-144.200000mm,Top,0.000000
Q198,15.850000mm,-40.599999mm,Top,0.000000
Q199,145.350000mm,-152.600000mm,Top,0.000000
Q200,186.050000mm,-267.399999mm,Top,0.000000
Q201,186.050000mm,-273.000000mm,Top,0.000000
Q202,137.950000mm,-264.600000mm,Top,0.000000
Q203,134.250000mm,-261.799999mm,Top,0.000000
Q204,112.050000mm,-289.799999mm,Top,0.000000
Q205,219.350000mm,-247.799999mm,Top,0.000000
Q206,26.950000mm,-79.800000mm,Top,0.000000
Q207,197.150000mm,-107.800000mm,Top,0.000000
Q208,52.850000mm,-244.999999mm,Top,0.000000
Q209,49.150000mm,-242.200000mm,Top,0.000000
Q210,186.050000mm,-186.200000mm,Top,0.000000
Q211,182.350000mm,-183.399999mm,Top,0.000000
Q212,186.050000mm,-189.000000mm,Top,0.000000
Q213,141.650000mm,-102.199999mm,Top,0.000000
Q214,137.950000mm,-99.399999mm,Top,0.000000
Q215,137.950000mm,-82.600000mm,Top,0.000000
Q216,186.050000mm,-127.399999mm,Top,0.000000
Q217,123.150000mm,-172.200000mm,Top,0.000000
Q218,182.350000mm,-166.600000mm,Top,0.000000
Q219,100.950000mm,-82.600000mm,Top,0.000000
Q220,104.650000mm,-116.199999mm,Top,0.000000
Q221,82.450000mm,-161.000000mm,Top,0.000000
Q222,78.750000mm,-158.200000mm,Top,0.000000
Q223,108.350000mm,-158.200000mm,Top,0.000000
Q224,104.650000mm,-155.399999mm,Top,0.000000
Q225,112.050000mm,-281.400000mm,Top,0.000000
Q226,108.350000mm,-278.599999mm,Top,0.000000
Q227,186.050000mm,-161.000000mm,Top,0.000000
Q228,182.350000mm,-158.200000mm,Top,0.000000
Q229,208.250000mm,-88.199999mm,Top,0.000000
Q230,219.350000mm,-256.200000mm,Top,0.000000
Q231,56.550000mm,-105.000000mm,Top,0.000000
Q232,126.850000mm,-281.400000mm,Top,0.000000
Q233,252.650000mm,-63.000000mm,Top,0.000000
Q234,260.050000mm,-79.800000mm,Top,0.000000
Q235,256.350000mm,-77.000000mm,Top,0.000000
Q236,171.250000mm,-273.000000mm,Top,0.000000
Q237,204.550000mm,-82.600000mm,Top,0.000000
Q238,93.550000mm,-135.800000mm,Top,0.000000
Q239,89.850000mm,-133.000000mm,Top,0.000000
Q240,226.750000mm,-247.799999mm,Top,0.000000
Q241,223.050000mm,-250.600000mm,Top,0.000000
Q242,219.350000mm,-236.600000mm,Top,0.000000
Q243,167.550000mm,-121.800000mm,Top,0.000000
Q244,100.950000mm,-152.600000mm,Top,0.000000
Q245,141.650000mm,-244.999999mm,Top,0.000000
Q246,141.650000mm,-247.799999mm,Top,0.000000
Q247,141.650000mm,-93.800000mm,Top,0.000000
Q248,152.750000mm,-107.800000mm,Top,0.000000
Q249,256.350000mm,-161.000000mm,Top,0.000000
Q250,152.750000mm,-292.599999mm,Top,0.000000
Q251,119.450000mm,-130.199999mm,Top,0.000000
Q252,115.750000mm,-127.399999mm,Top,0.000000
Q253,137.950000mm,-200.200000mm,Top,0.000000
Q254,38.050000mm,-79.800000mm,Top,0.000000
Q255,211.950000mm,-169.399999mm,Top,0.000000
Q256,49.150000mm,-79.800000mm,Top,0.000000
Q257,130.550000mm,-169.399999mm,Top,0.000000
Q258,130.550000mm,-172.200000mm,Top,0.000000
Q259,112.050000mm,-29.400000mm,Top,0.000000
Q260,108.350000mm,-26.600000mm,Top,0.000000
Q261,256.350000mm,-163.799999mm,Top,0.000000
Q262,167.550000mm,-82.600000mm,Top,0.000000
Q263,256.350000mm,-155.399999mm,Top,0.000000
Q264,263.750000mm,-54.599999mm,Top,0.000000
Q265,260.050000mm,-51.800000mm,Top,0.000000
Q266,241.550000mm,-105.000000mm,Top,0.000000
Q267,174.950000mm,-225.399999mm,Top,0.000000
Q268,75.050000mm,-189.000000mm,Top,0.000000
Q269,78.750000mm,-191.799999mm,Top,0.000000
Q270,211.950000mm,-191.799999mm,Top,0.000000
Q271,71.350000mm,-163.799999mm,Top,0.000000
Q272,241.550000mm,-175.000000mm,Top,0.000000
Q273,23.250000mm,-43.400000mm,Top,0.000000
Q274,208.250000mm,-191.799999mm,Top,0.000000
Q275,204.550000mm,-189.000000mm,Top,0.000000
Q276,208.250000mm,-203.000000mm,Top,0.000000
Q277,204.550000mm,-200.200000mm,Top,0.000000
Q278,208.250000mm,-214.200000mm,Top,0.000000
Q279,204.550000mm,-211.399999mm,Top,0.000000
Q280,208.250000mm,-228.200000mm,Top,0.000000
Q281,204.550000mm,-225.399999mm,Top,0.000000
Q282,208.250000mm,-239.399999mm,Top,0.000000
Q283,204.550000mm,-236.600000mm,Top,0.000000
Q284,208.250000mm,-250.600000mm,Top,0.000000
Q285,204.550000mm,-247.799999mm,Top,0.000000
Q286,208.250000mm,-264.600000mm,Top,0.000000
Q287,204.550000mm,-261.799999mm,Top,0.000000
Q288,208.250000mm,-275.800000mm,Top,0.000000
Q289,204.550000mm,-273.000000mm,Top,0.000000
Q290,75.050000mm,-85.399999mm,Top,0.000000
Q291,82.450000mm,-163.799999mm,Top,0.000000
Q292,149.050000mm,-256.200000mm,Top,0.000000
Q293,145.350000mm,-253.399999mm,Top,0.000000
Q294,60.250000mm,-149.799999mm,Top,0.000000
Q295,56.550000mm,-147.000000mm,Top,0.000000
Q296,215.650000mm,-233.799999mm,Top,0.000000
Q297,211.950000mm,-231.000000mm,Top,0.000000
Q298,63.950000mm,-127.399999mm,Top,0.000000
Q299,93.550000mm,-119.000000mm,Top,0.000000
Q300,89.850000mm,-186.200000mm,Top,0.000000
Q301,86.150000mm,-183.399999mm,Top,0.000000
Q302,89.850000mm,-189.000000mm,Top,0.000000
Q303,78.750000mm,-250.600000mm,Top,0.000000
Q304,75.050000mm,-247.799999mm,Top,0.000000
Q305,78.750000mm,-261.799999mm,Top,0.000000
Q306,75.050000mm,-259.000000mm,Top,0.000000
Q307,78.750000mm,-225.399999mm,Top,0.000000
Q308,75.050000mm,-222.600000mm,Top,0.000000
Q309,75.050000mm,-236.600000mm,Top,0.000000
Q310,78.750000mm,-233.799999mm,Top,0.000000
Q311,75.050000mm,-200.200000mm,Top,0.000000
Q312,75.050000mm,-203.000000mm,Top,0.000000
Q313,78.750000mm,-214.200000mm,Top,0.000000
Q314,75.050000mm,-211.399999mm,Top,0.000000
Q315,237.850000mm,-169.399999mm,Top,0.000000
Q316,108.350000mm,-186.200000mm,Top,0.000000
Q317,108.350000mm,-189.000000mm,Top,0.000000
Q318,108.350000mm,-244.999999mm,Top,0.000000
Q319,108.350000mm,-225.399999mm,Top,0.000000
Q320,63.950000mm,-228.200000mm,Top,0.000000
Q321,67.650000mm,-228.200000mm,Top,0.000000
Q322,115.750000mm,-158.200000mm,Top,0.000000
Q323,112.050000mm,-155.399999mm,Top,0.000000
Q324,119.450000mm,-158.200000mm,Top,0.000000
Q325,115.750000mm,-155.399999mm,Top,0.000000
Q326,86.150000mm,-79.800000mm,Top,0.000000
Q327,126.850000mm,-163.799999mm,Top,0.000000
Q328,78.750000mm,-177.799999mm,Top,0.000000
Q329,163.850000mm,-144.200000mm,Top,0.000000
Q330,130.550000mm,-119.000000mm,Top,0.000000
Q331,119.450000mm,-107.800000mm,Top,0.000000
Q332,219.350000mm,-166.600000mm,Top,0.000000
Q333,215.650000mm,-166.600000mm,Top,0.000000
Q334,97.250000mm,-161.000000mm,Top,0.000000
Q335,93.550000mm,-158.200000mm,Top,0.000000
Q336,211.950000mm,-147.000000mm,Top,0.000000
Q337,208.250000mm,-144.200000mm,Top,0.000000
Q338,178.650000mm,-163.799999mm,Top,0.000000
Q339,26.950000mm,-51.800000mm,Top,0.000000
Q340,104.650000mm,-183.399999mm,Top,0.000000
Q341,104.650000mm,-186.200000mm,Top,0.000000
Q342,108.350000mm,-191.799999mm,Top,0.000000
Q343,167.550000mm,-169.399999mm,Top,0.000000
Q344,167.550000mm,-172.200000mm,Top,0.000000
Q345,67.650000mm,-99.399999mm,Top,0.000000
Q346,60.250000mm,-82.600000mm,Top,0.000000
Q347,204.550000mm,-233.799999mm,Top,0.000000
Q348,104.650000mm,-163.799999mm,Top,0.000000
Q349,52.850000mm,-82.600000mm,Top,0.000000
Q350,149.050000mm,-130.199999mm,Top,0.000000
Q351,75.050000mm,-261.799999mm,Top,0.000000
Q352,78.750000mm,-256.200000mm,Top,0.000000
Q353,75.050000mm,-250.600000mm,Top,0.000000
Q354,78.750000mm,-244.999999mm,Top,0.000000
Q355,78.750000mm,-239.399999mm,Top,0.000000
Q356,82.450000mm,-233.799999mm,Top,0.000000
Q357,75.050000mm,-225.399999mm,Top,0.000000
Q358,78.750000mm,-219.799999mm,Top,0.000000
Q359,75.050000mm,-214.200000mm,Top,0.000000
Q360,78.750000mm,-208.600000mm,Top,0.000000
Q361,78.750000mm,-197.399999mm,Top,0.000000
Q362,78.750000mm,-203.000000mm,Top,0.000000
Q363,130.550000mm,-287.000000mm,Top,0.000000
Q364,52.850000mm,-261.799999mm,Top,0.000000
Q365,241.550000mm,-82.600000mm,Top,0.000000
Q366,208.250000mm,-127.399999mm,Top,0.000000
Q367,171.250000mm,-175.000000mm,Top,0.000000
Q368,86.150000mm,-91.000000mm,Top,0.000000
Q369,71.350000mm,-256.200000mm,Top,0.000000
Q370,215.650000mm,-186.200000mm,Top,0.000000
Q371,211.950000mm,-183.399999mm,Top,0.000000
Q372,260.050000mm,-91.000000mm,Top,0.000000
Q373,211.950000mm,-141.399999mm,Top,0.000000
Q374,160.150000mm,-191.799999mm,Top,0.000000
Q375,67.650000mm,-256.200000mm,Top,0.000000
Q376,263.750000mm,-261.799999mm,Top,0.000000
Q377,34.350000mm,-110.600000mm,Top,0.000000
Q378,34.350000mm,-113.399999mm,Top,0.000000
Q379,152.750000mm,-26.600000mm,Top,0.000000
Q380,15.850000mm,-119.000000mm,Top,0.000000
Q381,93.550000mm,-284.200000mm,Top,0.000000
Q382,141.650000mm,-110.600000mm,Top,0.000000
Q383,104.650000mm,-242.200000mm,Top,0.000000
Q384,108.350000mm,-247.799999mm,Top,0.000000
Q385,130.550000mm,-208.600000mm,Top,0.000000
Q386,126.850000mm,-205.799999mm,Top,0.000000
Q387,130.550000mm,-194.600000mm,Top,0.000000
Q388,126.850000mm,-191.799999mm,Top,0.000000
Q389,130.550000mm,-183.399999mm,Top,0.000000
Q390,126.850000mm,-180.600000mm,Top,0.000000
Q391,75.050000mm,-79.800000mm,Top,0.000000
Q392,171.250000mm,-88.199999mm,Top,0.000000
Q393,171.250000mm,-32.200000mm,Top,0.000000
Q394,182.350000mm,-82.600000mm,Top,0.000000
Q395,119.450000mm,-197.399999mm,Top,0.000000
Q396,60.250000mm,-191.799999mm,Top,0.000000
Q397,56.550000mm,-189.000000mm,Top,0.000000
Q398,193.450000mm,-91.000000mm,Top,0.000000
Q399,141.650000mm,-163.799999mm,Top,0.000000
Q400,156.450000mm,-152.600000mm,Top,0.000000
Q401,219.350000mm,-200.200000mm,Top,0.000000
Q402,178.650000mm,-96.600000mm,Top,0.000000
Q403,174.950000mm,-93.800000mm,Top,0.000000
Q404,189.750000mm,-141.399999mm,Top,0.000000
Q405,186.050000mm,-138.600000mm,Top,0.000000
Q406,260.050000mm,-54.599999mm,Top,0.000000
Q407,260.050000mm,-57.400000mm,Top,0.000000
Q408,267.450000mm,-141.399999mm,Top,0.000000
Q409,263.750000mm,-138.600000mm,Top,0.000000
Q410,193.450000mm,-189.000000mm,Top,0.000000
Q411,152.750000mm,-124.600000mm,Top,0.000000
Q412,15.850000mm,-88.199999mm,Top,0.000000
Q413,115.750000mm,-82.600000mm,Top,0.000000
Q414,182.350000mm,-133.000000mm,Top,0.000000
Q415,115.750000mm,-177.799999mm,Top,0.000000
Q416,152.750000mm,-169.399999mm,Top,0.000000
Q417,152.750000mm,-172.200000mm,Top,0.000000
Q418,123.150000mm,-155.399999mm,Top,0.000000
Q419,119.450000mm,-82.600000mm,Top,0.000000
Q420,252.650000mm,-46.199999mm,Top,0.000000
Q421,260.050000mm,-49.000000mm,Top,0.000000
Q422,19.550000mm,-197.399999mm,Top,0.000000
Q423,163.850000mm,-278.599999mm,Top,0.000000
Q424,167.550000mm,-278.599999mm,Top,0.000000
Q425,134.250000mm,-208.600000mm,Top,0.000000
Q426,108.350000mm,-85.399999mm,Top,0.000000
Q427,219.350000mm,-172.200000mm,Top,0.000000
Q428,38.050000mm,-91.000000mm,Top,0.000000
Q429,34.350000mm,-88.199999mm,Top,0.000000
Q430,208.250000mm,-138.600000mm,Top,0.000000
Q431,204.550000mm,-141.399999mm,Top,0.000000
Q432,208.250000mm,-29.400000mm,Top,0.000000
Q433,123.150000mm,-163.799999mm,Top,0.000000
Q434,108.350000mm,-110.600000mm,Top,0.000000
Q435,230.450000mm,-130.199999mm,Top,0.000000
Q436,182.350000mm,-110.600000mm,Top,0.000000
Q437,93.550000mm,-113.399999mm,Top,0.000000
Q438,178.650000mm,-107.800000mm,Top,0.000000
Q439,182.350000mm,-116.199999mm,Top,0.000000
Q440,41.750000mm,-91.000000mm,Top,0.000000
Q441,38.050000mm,-88.199999mm,Top,0.000000
Q442,82.450000mm,-180.600000mm,Top,0.000000
Q443,82.450000mm,-183.399999mm,Top,0.000000
Q444,60.250000mm,-144.200000mm,Top,0.000000
Q445,71.350000mm,-200.200000mm,Top,0.000000
Q446,67.650000mm,-197.399999mm,Top,0.000000
Q447,178.650000mm,-292.599999mm,Top,0.000000
Q448,245.250000mm,-250.600000mm,Top,0.000000
Q449,182.350000mm,-264.600000mm,Top,0.000000
Q450,71.350000mm,-247.799999mm,Top,0.000000
Q451,67.650000mm,-244.999999mm,Top,0.000000
Q452,82.450000mm,-91.000000mm,Top,0.000000
Q453,115.750000mm,-239.399999mm,Top,0.000000
Q454,112.050000mm,-236.600000mm,Top,0.000000
Q455,15.850000mm,-43.400000mm,Top,0.000000
Q456,15.850000mm,-46.199999mm,Top,0.000000
Q457,19.550000mm,-57.400000mm,Top,0.000000
Q458,15.850000mm,-54.599999mm,Top,0.000000
Q459,15.850000mm,-65.800000mm,Top,0.000000
Q460,230.450000mm,-197.399999mm,Top,0.000000
Q461,56.550000mm,-152.600000mm,Top,0.000000
Q462,71.350000mm,-244.999999mm,Top,0.000000
Q463,145.350000mm,-222.600000mm,Top,0.000000
Q464,145.350000mm,-225.399999mm,Top,0.000000
Q465,45.450000mm,-287.000000mm,Top,0.000000
Q466,41.750000mm,-284.200000mm,Top,0.000000
Q467,75.050000mm,-163.799999mm,Top,0.000000
Q468,30.650000mm,-113.399999mm,Top,0.000000
Q469,156.450000mm,-203.000000mm,Top,0.000000
Q470,226.750000mm,-236.600000mm,Top,0.000000
Q471,219.350000mm,-239.399999mm,Top,0.000000
Q472,197.150000mm,-119.000000mm,Top,0.000000
Q473,193.450000mm,-116.199999mm,Top,0.000000
Q474,75.050000mm,-91.000000mm,Top,0.000000
Q475,252.650000mm,-124.600000mm,Top,0.000000
Q476,108.350000mm,-253.399999mm,Top,0.000000
Q477,104.650000mm,-259.000000mm,Top,0.000000
Q478,100.950000mm,-256.200000mm,Top,0.000000
Q479,167.550000mm,-161.000000mm,Top,0.000000
Q480,163.850000mm,-158.200000mm,Top,0.000000
Q481,60.250000mm,-32.200000mm,Top,0.000000
Q482,200.850000mm,-96.600000mm,Top,0.000000
Q483,163.850000mm,-225.399999mm,Top,0.000000
Q484,160.150000mm,-222.600000mm,Top,0.000000
Q485,163.850000mm,-214.200000mm,Top,0.000000
Q486,160.150000mm,-211.399999mm,Top,0.000000
Q487,163.850000mm,-250.600000mm,Top,0.000000
Q488,160.150000mm,-247.799999mm,Top,0.000000
Q489,163.850000mm,-239.399999mm,Top,0.000000
Q490,160.150000mm,-236.600000mm,Top,0.000000
Q491,163.850000mm,-275.800000mm,Top,0.000000
Q492,160.150000mm,-273.000000mm,Top,0.000000
Q493,163.850000mm,-261.799999mm,Top,0.000000
Q494,160.150000mm,-259.000000mm,Top,0.000000
Q495,75.050000mm,-264.600000mm,Top,0.000000
Q496,71.350000mm,-259.000000mm,Top,0.000000
Q497,71.350000mm,-264.600000mm,Top,0.000000
Q498,82.450000mm,-250.600000mm,Top,0.000000
Q499,126.850000mm,-289.799999mm,Top,0.000000
Q500,123.150000mm,-287.000000mm,Top,0.000000
Q501,145.350000mm,-161.000000mm,Top,0.000000
Q502,141.650000mm,-158.200000mm,Top,0.000000
Q503,134.250000mm,-273.000000mm,Top,0.000000
Q504,137.950000mm,-23.799999mm,Top,0.000000
Q505,204.550000mm,-242.200000mm,Top,0.000000
Q506,200.850000mm,-239.399999mm,Top,0.000000
Q507,152.750000mm,-82.600000mm,Top,0.000000
Q508,149.050000mm,-79.800000mm,Top,0.000000
Q509,149.050000mm,-284.200000mm,Top,0.000000
Q510,156.450000mm,-163.799999mm,Top,0.000000
Q511,189.750000mm,-233.799999mm,Top,0.000000
Q512,186.050000mm,-231.000000mm,Top,0.000000
Q513,67.650000mm,-191.799999mm,Top,0.000000
Q514,63.950000mm,-191.799999mm,Top,0.000000
Q515,241.550000mm,-172.200000mm,Top,0.000000
Q516,200.850000mm,-284.200000mm,Top,0.000000
Q517,193.450000mm,-289.799999mm,Top,0.000000
Q518,163.850000mm,-166.600000mm,Top,0.000000
Q519,171.250000mm,-172.200000mm,Top,0.000000
Q520,49.150000mm,-169.399999mm,Top,0.000000
Q521,49.150000mm,-172.200000mm,Top,0.000000
Q522,252.650000mm,-29.400000mm,Top,0.000000
Q523,260.050000mm,-32.200000mm,Top,0.000000
Q524,260.050000mm,-26.600000mm,Top,0.000000
Q525,260.050000mm,-35.000000mm,Top,0.000000
Q526,63.950000mm,-267.399999mm,Top,0.000000
Q527,93.550000mm,-152.600000mm,Top,0.000000
Q528,100.950000mm,-289.799999mm,Top,0.000000
Q529,149.050000mm,-82.600000mm,Top,0.000000
Q530,174.950000mm,-233.799999mm,Top,0.000000
Q531,174.950000mm,-239.399999mm,Top,0.000000
Q532,82.450000mm,-186.200000mm,Top,0.000000
Q533,78.750000mm,-183.399999mm,Top,0.000000
Q534,252.650000mm,-37.800000mm,Top,0.000000
Q535,248.950000mm,-35.000000mm,Top,0.000000
Q536,211.950000mm,-18.200000mm,Top,0.000000
Q537,52.850000mm,-161.000000mm,Top,0.000000
Q538,49.150000mm,-158.200000mm,Top,0.000000
Q539,63.950000mm,-275.800000mm,Top,0.000000
Q540,67.650000mm,-275.800000mm,Top,0.000000
Q541,156.450000mm,-205.799999mm,Top,0.000000
Q542,223.050000mm,-244.999999mm,Top,0.000000
Q543,219.350000mm,-244.999999mm,Top,0.000000
Q544,49.150000mm,-225.399999mm,Top,0.000000
Q545,45.450000mm,-222.600000mm,Top,0.000000
Q546,45.450000mm,-228.200000mm,Top,0.000000
Q547,245.250000mm,-113.399999mm,Top,0.000000
Q548,152.750000mm,-141.399999mm,Top,0.000000
Q549,149.050000mm,-261.799999mm,Top,0.000000
Q550,30.650000mm,-32.200000mm,Top,0.000000
Q551,78.750000mm,-169.399999mm,Top,0.000000
Q552,82.450000mm,-172.200000mm,Top,0.000000
Q553,230.450000mm,-91.000000mm,Top,0.000000
Q554,230.450000mm,-93.800000mm,Top,0.000000
Q555,112.050000mm,-107.800000mm,Top,0.000000
Q556,123.150000mm,-124.600000mm,Top,0.000000
Q557,123.150000mm,-130.199999mm,Top,0.000000
Q558,263.750000mm,-68.600000mm,Top,0.000000
Q559,260.050000mm,-65.800000mm,Top,0.000000
Q560,174.950000mm,-219.799999mm,Top,0.000000
Q561,171.250000mm,-217.000000mm,Top,0.000000
Q562,119.450000mm,-102.199999mm,Top,0.000000
Q563,115.750000mm,-99.399999mm,Top,0.000000
Q564,89.850000mm,-29.400000mm,Top,0.000000
Q565,193.450000mm,-175.000000mm,Top,0.000000
Q566,119.450000mm,-275.800000mm,Top,0.000000
Q567,115.750000mm,-273.000000mm,Top,0.000000
Q568,112.050000mm,-259.000000mm,Top,0.000000
Q569,237.850000mm,-161.000000mm,Top,0.000000
Q570,82.450000mm,-35.000000mm,Top,0.000000
Q571,97.250000mm,-292.599999mm,Top,0.000000
Q572,60.250000mm,-256.200000mm,Top,0.000000
Q573,75.050000mm,-270.200000mm,Top,0.000000
Q574,75.050000mm,-273.000000mm,Top,0.000000
Q575,182.350000mm,-284.200000mm,Top,0.000000
Q576,86.150000mm,-26.600000mm,Top,0.000000
Q577,182.350000mm,-161.000000mm,Top,0.000000
Q578,267.450000mm,-99.399999mm,Top,0.000000
Q579,263.750000mm,-91.000000mm,Top,0.000000
Q580,104.650000mm,-189.000000mm,Top,0.000000
Q581,100.950000mm,-186.200000mm,Top,0.000000
Q582,137.950000mm,-144.200000mm,Top,0.000000
Q583,145.350000mm,-147.000000mm,Top,0.000000
Q584,141.650000mm,-144.200000mm,Top,0.000000
Q585,93.550000mm,-259.000000mm,Top,0.000000
Q586,89.850000mm,-256.200000mm,Top,0.000000
Q587,134.250000mm,-93.800000mm,Top,0.000000
Q588,45.450000mm,-236.600000mm,Top,0.000000
Q589,49.150000mm,-239.399999mm,Top,0.000000
Q590,263.750000mm,-49.000000mm,Top,0.000000
Q591,260.050000mm,-46.199999mm,Top,0.000000
Q592,78.750000mm,-116.199999mm,Top,0.000000
Q593,171.250000mm,-144.200000mm,Top,0.000000
Q594,141.650000mm,-264.600000mm,Top,0.000000
Q595,26.950000mm,-191.799999mm,Top,0.000000
Q596,97.250000mm,-91.000000mm,Top,0.000000
Q597,112.050000mm,-82.600000mm,Top,0.000000
Q598,71.350000mm,-233.799999mm,Top,0.000000
Q599,219.350000mm,-127.399999mm,Top,0.000000
Q600,215.650000mm,-124.600000mm,Top,0.000000
Q601,219.350000mm,-130.199999mm,Top,0.000000
Q602,71.350000mm,-250.600000mm,Top,0.000000
Q603,71.350000mm,-253.399999mm,Top,0.000000
Q604,86.150000mm,-169.399999mm,Top,0.000000
Q605,89.850000mm,-172.200000mm,Top,0.000000
Q606,252.650000mm,-74.199999mm,Top,0.000000
Q607,126.850000mm,-93.800000mm,Top,0.000000
Q608,215.650000mm,-197.399999mm,Top,0.000000
Q609,211.950000mm,-194.600000mm,Top,0.000000
Q610,130.550000mm,-219.799999mm,Top,0.000000
Q611,126.850000mm,-217.000000mm,Top,0.000000
Q612,126.850000mm,-228.200000mm,Top,0.000000
Q613,126.850000mm,-231.000000mm,Top,0.000000
Q614,67.650000mm,-161.000000mm,Top,0.000000
Q615,63.950000mm,-158.200000mm,Top,0.000000
Q616,230.450000mm,-244.999999mm,Top,0.000000
Q617,171.250000mm,-130.199999mm,Top,0.000000
Q618,130.550000mm,-270.200000mm,Top,0.000000
Q619,126.850000mm,-267.399999mm,Top,0.000000
Q620,130.550000mm,-244.999999mm,Top,0.000000
Q621,126.850000mm,-242.200000mm,Top,0.000000
Q622,130.550000mm,-256.200000mm,Top,0.000000
Q623,126.850000mm,-253.399999mm,Top,0.000000
Q624,171.250000mm,-214.200000mm,Top,0.000000
Q625,167.550000mm,-214.200000mm,Top,0.000000
Q626,178.650000mm,-219.799999mm,Top,0.000000
Q627,174.950000mm,-217.000000mm,Top,0.000000
Q628,178.650000mm,-225.399999mm,Top,0.000000
Q629,49.150000mm,-91.000000mm,Top,0.000000
Q630,45.450000mm,-88.199999mm,Top,0.000000
Q631,60.250000mm,-29.400000mm,Top,0.000000
Q632,41.750000mm,-219.799999mm,Top,0.000000
Q633,49.150000mm,-228.200000mm,Top,0.000000
Q634,26.950000mm,-57.400000mm,Top,0.000000
Q635,141.650000mm,-217.000000mm,Top,0.000000
Q636,93.550000mm,-208.600000mm,Top,0.000000
Q637,89.850000mm,-205.799999mm,Top,0.000000
Q638,115.750000mm,-124.600000mm,Top,0.000000
Q639,112.050000mm,-121.800000mm,Top,0.000000
Q640,145.350000mm,-175.000000mm,Top,0.000000
Q641,267.450000mm,-43.400000mm,Top,0.000000
Q642,263.750000mm,-40.599999mm,Top,0.000000
Q643,267.450000mm,-46.199999mm,Top,0.000000
Q644,263.750000mm,-43.400000mm,Top,0.000000
Q645,200.850000mm,-127.399999mm,Top,0.000000
Q646,197.150000mm,-124.600000mm,Top,0.000000
Q647,119.450000mm,-152.600000mm,Top,0.000000
Q648,174.950000mm,-130.199999mm,Top,0.000000
Q649,171.250000mm,-127.399999mm,Top,0.000000
Q650,93.550000mm,-222.600000mm,Top,0.000000
Q651,89.850000mm,-219.799999mm,Top,0.000000
Q652,108.350000mm,-208.600000mm,Top,0.000000
Q653,104.650000mm,-205.799999mm,Top,0.000000
Q654,108.350000mm,-214.200000mm,Top,0.000000
Q655,126.850000mm,-222.600000mm,Top,0.000000
Q656,123.150000mm,-219.799999mm,Top,0.000000
Q657,108.350000mm,-102.199999mm,Top,0.000000
Q658,78.750000mm,-23.799999mm,Top,0.000000
Q659,223.050000mm,-186.200000mm,Top,0.000000
Q660,219.350000mm,-183.399999mm,Top,0.000000
Q661,104.650000mm,-247.799999mm,Top,0.000000
Q662,137.950000mm,-222.600000mm,Top,0.000000
Q663,134.250000mm,-219.799999mm,Top,0.000000
Q664,226.750000mm,-217.000000mm,Top,0.000000
Q665,219.350000mm,-217.000000mm,Top,0.000000
Q666,149.050000mm,-141.399999mm,Top,0.000000
Q667,149.050000mm,-163.799999mm,Top,0.000000
Q668,241.550000mm,-149.799999mm,Top,0.000000
Q669,237.850000mm,-147.000000mm,Top,0.000000
Q670,189.750000mm,-88.199999mm,Top,0.000000
Q671,237.850000mm,-91.000000mm,Top,0.000000
Q672,19.550000mm,-105.000000mm,Top,0.000000
Q673,119.450000mm,-259.000000mm,Top,0.000000
Q674,119.450000mm,-261.799999mm,Top,0.000000
Q675,115.750000mm,-169.399999mm,Top,0.000000
Q676,115.750000mm,-172.200000mm,Top,0.000000
Q677,67.650000mm,-242.200000mm,Top,0.000000
Q678,193.450000mm,-214.200000mm,Top,0.000000
Q679,145.350000mm,-278.599999mm,Top,0.000000
Q680,67.650000mm,-163.799999mm,Top,0.000000
Q681,137.950000mm,-166.600000mm,Top,0.000000
Q682,234.150000mm,-166.600000mm,Top,0.000000
Q683,230.450000mm,-163.799999mm,Top,0.000000
Q684,219.350000mm,-214.200000mm,Top,0.000000
Q685,226.750000mm,-99.399999mm,Top,0.000000
Q686,230.450000mm,-99.399999mm,Top,0.000000
Q687,126.850000mm,-130.199999mm,Top,0.000000
Q688,123.150000mm,-127.399999mm,Top,0.000000
Q689,130.550000mm,-116.199999mm,Top,0.000000
Q690,126.850000mm,-113.399999mm,Top,0.000000
Q691,108.350000mm,-270.200000mm,Top,0.000000
Q692,197.150000mm,-130.199999mm,Top,0.000000
Q693,208.250000mm,-189.000000mm,Top,0.000000
Q694,208.250000mm,-194.600000mm,Top,0.000000
Q695,208.250000mm,-205.799999mm,Top,0.000000
Q696,208.250000mm,-208.600000mm,Top,0.000000
Q697,211.950000mm,-217.000000mm,Top,0.000000
Q698,208.250000mm,-217.000000mm,Top,0.000000
Q699,211.950000mm,-228.200000mm,Top,0.000000
Q700,208.250000mm,-225.399999mm,Top,0.000000
Q701,211.950000mm,-242.200000mm,Top,0.000000
Q702,208.250000mm,-242.200000mm,Top,0.000000
Q703,211.950000mm,-253.399999mm,Top,0.000000
Q704,208.250000mm,-253.399999mm,Top,0.000000
Q705,211.950000mm,-264.600000mm,Top,0.000000
Q706,208.250000mm,-261.799999mm,Top,0.000000
Q707,211.950000mm,-275.800000mm,Top,0.000000
Q708,208.250000mm,-273.000000mm,Top,0.000000
Q709,26.950000mm,-63.000000mm,Top,0.000000
Q710,38.050000mm,-292.599999mm,Top,0.000000
Q711,38.050000mm,-77.000000mm,Top,0.000000
Q712,63.950000mm,-77.000000mm,Top,0.000000
Q713,34.350000mm,-77.000000mm,Top,0.000000
Q714,34.350000mm,-74.199999mm,Top,0.000000
Q715,45.450000mm,-77.000000mm,Top,0.000000
Q716,49.150000mm,-77.000000mm,Top,0.000000
Q717,45.450000mm,-74.199999mm,Top,0.000000
Q718,52.850000mm,-77.000000mm,Top,0.000000
Q719,49.150000mm,-74.199999mm,Top,0.000000
Q720,60.250000mm,-77.000000mm,Top,0.000000
Q721,56.550000mm,-74.199999mm,Top,0.000000
Q722,67.650000mm,-77.000000mm,Top,0.000000
Q723,71.350000mm,-77.000000mm,Top,0.000000
Q724,78.750000mm,-77.000000mm,Top,0.000000
Q725,82.450000mm,-77.000000mm,Top,0.000000
Q726,86.150000mm,-77.000000mm,Top,0.000000
Q727,112.050000mm,-77.000000mm,Top,0.000000
Q728,108.350000mm,-74.199999mm,Top,0.000000
Q729,108.350000mm,-77.000000mm,Top,0.000000
Q730,115.750000mm,-77.000000mm,Top,0.000000
Q731,126.850000mm,-77.000000mm,Top,0.000000
Q732,130.550000mm,-77.000000mm,Top,0.000000
Q733,134.250000mm,-77.000000mm,Top,0.000000
Q734,130.550000mm,-74.199999mm,Top,0.000000
Q735,134.250000mm,-74.199999mm,Top,0.000000
Q736,137.950000mm,-77.000000mm,Top,0.000000
Q737,134.250000mm,-79.800000mm,Top,0.000000
Q738,141.650000mm,-77.000000mm,Top,0.000000
Q739,137.950000mm,-74.199999mm,Top,0.000000
Q740,137.950000mm,-79.800000mm,Top,0.000000
Q741,149.050000mm,-77.000000mm,Top,0.000000
Q742,152.750000mm,-77.000000mm,Top,0.000000
Q743,171.250000mm,-77.000000mm,Top,0.000000
Q744,174.950000mm,-77.000000mm,Top,0.000000
Q745,211.950000mm,-77.000000mm,Top,0.000000
Q746,215.650000mm,-77.000000mm,Top,0.000000
Q747,219.350000mm,-77.000000mm,Top,0.000000
Q748,223.050000mm,-77.000000mm,Top,0.000000
Q749,234.150000mm,-77.000000mm,Top,0.000000
Q750,60.250000mm,-214.200000mm,Top,0.000000
Q751,60.250000mm,-217.000000mm,Top,0.000000
Q752,145.350000mm,-110.600000mm,Top,0.000000
Q753,241.550000mm,-141.399999mm,Top,0.000000
Q754,115.750000mm,-71.400000mm,Top,0.000000
Q755,30.650000mm,-68.600000mm,Top,0.000000
Q756,38.050000mm,-68.600000mm,Top,0.000000
Q757,45.450000mm,-68.600000mm,Top,0.000000
Q758,41.750000mm,-65.800000mm,Top,0.000000
Q759,52.850000mm,-68.600000mm,Top,0.000000
Q760,49.150000mm,-65.800000mm,Top,0.000000
Q761,49.150000mm,-68.600000mm,Top,0.000000
Q762,60.250000mm,-68.600000mm,Top,0.000000
Q763,56.550000mm,-65.800000mm,Top,0.000000
Q764,63.950000mm,-68.600000mm,Top,0.000000
Q765,67.650000mm,-68.600000mm,Top,0.000000
Q766,63.950000mm,-65.800000mm,Top,0.000000
Q767,82.450000mm,-68.600000mm,Top,0.000000
Q768,93.550000mm,-71.400000mm,Top,0.000000
Q769,108.350000mm,-71.400000mm,Top,0.000000
Q770,123.150000mm,-71.400000mm,Top,0.000000
Q771,119.450000mm,-68.600000mm,Top,0.000000
Q772,126.850000mm,-71.400000mm,Top,0.000000
Q773,130.550000mm,-71.400000mm,Top,0.000000
Q774,134.250000mm,-71.400000mm,Top,0.000000
Q775,137.950000mm,-71.400000mm,Top,0.000000
Q776,141.650000mm,-71.400000mm,Top,0.000000
Q777,137.950000mm,-68.600000mm,Top,0.000000
Q778,141.650000mm,-68.600000mm,Top,0.000000
Q779,156.450000mm,-71.400000mm,Top,0.000000
Q780,152.750000mm,-68.600000mm,Top,0.000000
Q781,152.750000mm,-71.400000mm,Top,0.000000
Q782,186.050000mm,-71.400000mm,Top,0.000000
Q783,193.450000mm,-71.400000mm,Top,0.000000
Q784,189.750000mm,-68.600000mm,Top,0.000000
Q785,189.750000mm,-71.400000mm,Top,0.000000
Q786,200.850000mm,-71.400000mm,Top,0.000000
Q787,211.950000mm,-71.400000mm,Top,0.000000
Q788,215.650000mm,-71.400000mm,Top,0.000000
Q789,211.950000mm,-68.600000mm,Top,0.000000
Q790,219.350000mm,-71.400000mm,Top,0.000000
Q791,223.050000mm,-71.400000mm,Top,0.000000
Q792,226.750000mm,-71.400000mm,Top,0.000000
Q793,234.150000mm,-71.400000mm,Top,0.000000
Q794,245.250000mm,-71.400000mm,Top,0.000000
Q795,97.250000mm,-119.000000mm,Top,0.000000
Q796,93.550000mm,-116.199999mm,Top,0.000000
Q797,97.250000mm,-113.399999mm,Top,0.000000
Q798,93.550000mm,-110.600000mm,Top,0.000000
Q799,186.050000mm,-219.799999mm,Top,0.000000
Q800,97.250000mm,-116.199999mm,Top,0.000000
Q801,100.950000mm,-113.399999mm,Top,0.000000
Q802,186.050000mm,-133.000000mm,Top,0.000000
Q803,167.550000mm,-113.399999mm,Top,0.000000
Q804,174.950000mm,-208.600000mm,Top,0.000000
Q805,174.950000mm,-214.200000mm,Top,0.000000
Q806,267.450000mm,-161.000000mm,Top,0.000000
Q807,89.850000mm,-127.399999mm,Top,0.000000
Q808,178.650000mm,-256.200000mm,Top,0.000000
Q809,49.150000mm,-270.200000mm,Top,0.000000
Q810,45.450000mm,-267.399999mm,Top,0.000000
Q811,45.450000mm,-275.800000mm,Top,0.000000
Q812,137.950000mm,-228.200000mm,Top,0.000000
Q813,260.050000mm,-63.000000mm,Top,0.000000
Q814,256.350000mm,-60.199999mm,Top,0.000000
Q815,189.750000mm,-152.600000mm,Top,0.000000
Q816,100.950000mm,-177.799999mm,Top,0.000000
Q817,49.150000mm,-211.399999mm,Top,0.000000
Q818,45.450000mm,-211.399999mm,Top,0.000000
Q819,45.450000mm,-217.000000mm,Top,0.000000
Q820,211.950000mm,-172.200000mm,Top,0.000000
Q821,52.850000mm,-141.399999mm,Top,0.000000
Q822,52.850000mm,-144.200000mm,Top,0.000000
Q823,126.850000mm,-244.999999mm,Top,0.000000
Q824,123.150000mm,-242.200000mm,Top,0.000000
Q825,119.450000mm,-239.399999mm,Top,0.000000
Q826,56.550000mm,-102.199999mm,Top,0.000000
Q827,56.550000mm,-107.800000mm,Top,0.000000
Q828,100.950000mm,-273.000000mm,Top,0.000000
Q829,82.450000mm,-261.799999mm,Top,0.000000
Q830,100.950000mm,-166.600000mm,Top,0.000000
Q831,100.950000mm,-163.799999mm,Top,0.000000
Q832,141.650000mm,-82.600000mm,Top,0.000000
Q833,123.150000mm,-29.400000mm,Top,0.000000
Q834,119.450000mm,-26.600000mm,Top,0.000000
Q835,19.550000mm,-93.800000mm,Top,0.000000
Q836,134.250000mm,-186.200000mm,Top,0.000000
Q837,130.550000mm,-186.200000mm,Top,0.000000
Q838,137.950000mm,-189.000000mm,Top,0.000000
Q839,82.450000mm,-88.199999mm,Top,0.000000
Q840,178.650000mm,-197.399999mm,Top,0.000000
Q841,174.950000mm,-194.600000mm,Top,0.000000
Q842,178.650000mm,-200.200000mm,Top,0.000000
Q843,34.350000mm,-60.199999mm,Top,0.000000
Q844,38.050000mm,-60.199999mm,Top,0.000000
Q845,45.450000mm,-60.199999mm,Top,0.000000
Q846,41.750000mm,-57.400000mm,Top,0.000000
Q847,49.150000mm,-60.199999mm,Top,0.000000
Q848,45.450000mm,-57.400000mm,Top,0.000000
Q849,56.550000mm,-60.199999mm,Top,0.000000
Q850,52.850000mm,-57.400000mm,Top,0.000000
Q851,60.250000mm,-60.199999mm,Top,0.000000
Q852,63.950000mm,-60.199999mm,Top,0.000000
Q853,67.650000mm,-60.199999mm,Top,0.000000
Q854,63.950000mm,-57.400000mm,Top,0.000000
Q855,71.350000mm,-60.199999mm,Top,0.000000
Q856,67.650000mm,-57.400000mm,Top,0.000000
Q857,75.050000mm,-60.199999mm,Top,0.000000
Q858,71.350000mm,-57.400000mm,Top,0.000000
Q859,82.450000mm,-60.199999mm,Top,0.000000
Q860,78.750000mm,-57.400000mm,Top,0.000000
Q861,89.850000mm,-60.199999mm,Top,0.000000
Q862,86.150000mm,-57.400000mm,Top,0.000000
Q863,93.550000mm,-60.199999mm,Top,0.000000
Q864,89.850000mm,-57.400000mm,Top,0.000000
Q865,97.250000mm,-60.199999mm,Top,0.000000
Q866,100.950000mm,-60.199999mm,Top,0.000000
Q867,104.650000mm,-60.199999mm,Top,0.000000
Q868,108.350000mm,-60.199999mm,Top,0.000000
Q869,104.650000mm,-57.400000mm,Top,0.000000
Q870,112.050000mm,-60.199999mm,Top,0.000000
Q871,119.450000mm,-60.199999mm,Top,0.000000
Q872,123.150000mm,-60.199999mm,Top,0.000000
Q873,119.450000mm,-57.400000mm,Top,0.000000
Q874,130.550000mm,-60.199999mm,Top,0.000000
Q875,126.850000mm,-57.400000mm,Top,0.000000
Q876,134.250000mm,-60.199999mm,Top,0.000000
Q877,137.950000mm,-60.199999mm,Top,0.000000
Q878,134.250000mm,-57.400000mm,Top,0.000000
Q879,141.650000mm,-60.199999mm,Top,0.000000
Q880,137.950000mm,-57.400000mm,Top,0.000000
Q881,152.750000mm,-60.199999mm,Top,0.000000
Q882,149.050000mm,-57.400000mm,Top,0.000000
Q883,156.450000mm,-60.199999mm,Top,0.000000
Q884,152.750000mm,-57.400000mm,Top,0.000000
Q885,167.550000mm,-60.199999mm,Top,0.000000
Q886,171.250000mm,-60.199999mm,Top,0.000000
Q887,174.950000mm,-60.199999mm,Top,0.000000
Q888,171.250000mm,-57.400000mm,Top,0.000000
Q889,186.050000mm,-60.199999mm,Top,0.000000
Q890,182.350000mm,-57.400000mm,Top,0.000000
Q891,189.750000mm,-60.199999mm,Top,0.000000
Q892,186.050000mm,-57.400000mm,Top,0.000000
Q893,193.450000mm,-60.199999mm,Top,0.000000
Q894,189.750000mm,-57.400000mm,Top,0.000000
Q895,197.150000mm,-60.199999mm,Top,0.000000
Q896,193.450000mm,-57.400000mm,Top,0.000000
Q897,200.850000mm,-60.199999mm,Top,0.000000
Q898,197.150000mm,-57.400000mm,Top,0.000000
Q899,204.550000mm,-60.199999mm,Top,0.000000
Q900,208.250000mm,-60.199999mm,Top,0.000000
Q901,215.650000mm,-60.199999mm,Top,0.000000
Q902,219.350000mm,-60.199999mm,Top,0.000000
Q903,223.050000mm,-60.199999mm,Top,0.000000
Q904,219.350000mm,-57.400000mm,Top,0.000000
Q905,226.750000mm,-60.199999mm,Top,0.000000
Q906,223.050000mm,-57.400000mm,Top,0.000000
Q907,230.450000mm,-60.199999mm,Top,0.000000
Q908,234.150000mm,-60.199999mm,Top,0.000000
Q909,237.850000mm,-60.199999mm,Top,0.000000
Q910,234.150000mm,-57.400000mm,Top,0.000000
Q911,256.350000mm,-65.800000mm,Top,0.000000
Q912,56.550000mm,-197.399999mm,Top,0.000000
Q913,52.850000mm,-194.600000mm,Top,0.000000
Q914,126.850000mm,-211.399999mm,Top,0.000000
Q915,167.550000mm,-135.800000mm,Top,0.000000
Q916,163.850000mm,-133.000000mm,Top,0.000000
Q917,237.850000mm,-163.799999mm,Top,0.000000
Q918,234.150000mm,-161.000000mm,Top,0.000000
Q919,115.750000mm,-57.400000mm,Top,0.000000
Q920,67.650000mm,-54.599999mm,Top,0.000000
Q921,63.950000mm,-51.800000mm,Top,0.000000
Q922,71.350000mm,-54.599999mm,Top,0.000000
Q923,67.650000mm,-51.800000mm,Top,0.000000
Q924,75.050000mm,-54.599999mm,Top,0.000000
Q925,71.350000mm,-51.800000mm,Top,0.000000
Q926,75.050000mm,-51.800000mm,Top,0.000000
Q927,78.750000mm,-54.599999mm,Top,0.000000
Q928,82.450000mm,-54.599999mm,Top,0.000000
Q929,78.750000mm,-51.800000mm,Top,0.000000
Q930,89.850000mm,-54.599999mm,Top,0.000000
Q931,86.150000mm,-51.800000mm,Top,0.000000
Q932,93.550000mm,-54.599999mm,Top,0.000000
Q933,89.850000mm,-51.800000mm,Top,0.000000
Q934,100.950000mm,-54.599999mm,Top,0.000000
Q935,108.350000mm,-57.400000mm,Top,0.000000
Q936,104.650000mm,-54.599999mm,Top,0.000000
Q937,115.750000mm,-54.599999mm,Top,0.000000
Q938,123.150000mm,-57.400000mm,Top,0.000000
Q939,119.450000mm,-54.599999mm,Top,0.000000
Q940,123.150000mm,-54.599999mm,Top,0.000000
Q941,126.850000mm,-54.599999mm,Top,0.000000
Q942,130.550000mm,-57.400000mm,Top,0.000000
Q943,130.550000mm,-54.599999mm,Top,0.000000
Q944,134.250000mm,-54.599999mm,Top,0.000000
Q945,141.650000mm,-57.400000mm,Top,0.000000
Q946,137.950000mm,-54.599999mm,Top,0.000000
Q947,149.050000mm,-54.599999mm,Top,0.000000
Q948,149.050000mm,-60.199999mm,Top,0.000000
Q949,152.750000mm,-54.599999mm,Top,0.000000
Q950,156.450000mm,-57.400000mm,Top,0.000000
Q951,156.450000mm,-54.599999mm,Top,0.000000
Q952,167.550000mm,-57.400000mm,Top,0.000000
Q953,167.550000mm,-54.599999mm,Top,0.000000
Q954,174.950000mm,-57.400000mm,Top,0.000000
Q955,182.350000mm,-54.599999mm,Top,0.000000
Q956,182.350000mm,-60.199999mm,Top,0.000000
Q957,186.050000mm,-54.599999mm,Top,0.000000
Q958,189.750000mm,-54.599999mm,Top,0.000000
Q959,193.450000mm,-54.599999mm,Top,0.000000
Q960,197.150000mm,-54.599999mm,Top,0.000000
Q961,200.850000mm,-54.599999mm,Top,0.000000
Q962,200.850000mm,-57.400000mm,Top,0.000000
Q963,204.550000mm,-54.599999mm,Top,0.000000
Q964,204.550000mm,-57.400000mm,Top,0.000000
Q965,208.250000mm,-54.599999mm,Top,0.000000
Q966,208.250000mm,-57.400000mm,Top,0.000000
Q967,211.950000mm,-57.400000mm,Top,0.000000
Q968,211.950000mm,-54.599999mm,Top,0.000000
Q969,215.650000mm,-57.400000mm,Top,0.000000
Q970,211.950000mm,-60.199999mm,Top,0.000000
Q971,215.650000mm,-54.599999mm,Top,0.000000
Q972,219.350000mm,-54.599999mm,Top,0.000000
Q973,223.050000mm,-54.599999mm,Top,0.000000
Q974,226.750000mm,-57.400000mm,Top,0.000000
Q975,230.450000mm,-54.599999mm,Top,0.000000
Q976,241.550000mm,-57.400000mm,Top,0.000000
Q977,104.650000mm,-236.600000mm,Top,0.000000
Q978,252.650000mm,-169.399999mm,Top,0.000000
Q979,193.450000mm,-110.600000mm,Top,0.000000
Q980,234.150000mm,-169.399999mm,Top,0.000000
Q981,234.150000mm,-172.200000mm,Top,0.000000
Q982,119.450000mm,-200.200000mm,Top,0.000000
Q983,119.450000mm,-203.000000mm,Top,0.000000
Q984,56.550000mm,-267.399999mm,Top,0.000000
Q985,100.950000mm,-88.199999mm,Top,0.000000
Q986,52.850000mm,-197.399999mm,Top,0.000000
Q987,49.150000mm,-194.600000mm,Top,0.000000
Q988,182.350000mm,-175.000000mm,Top,0.000000
Q989,215.650000mm,-127.399999mm,Top,0.000000
Q990,52.850000mm,-208.600000mm,Top,0.000000
Q991,49.150000mm,-205.799999mm,Top,0.000000
Q992,60.250000mm,-208.600000mm,Top,0.000000
Q993,104.650000mm,-267.399999mm,Top,0.000000
Q994,108.350000mm,-273.000000mm,Top,0.000000
Q995,186.050000mm,-169.399999mm,Top,0.000000
Q996,186.050000mm,-172.200000mm,Top,0.000000
Q997,163.850000mm,-82.600000mm,Top,0.000000
Q998,149.050000mm,-116.199999mm,Top,0.000000
Q999,178.650000mm,-259.000000mm,Top,0.000000
Q1000,149.050000mm,-147.000000mm,Top,0.000000
Q1001,126.850000mm,-152.600000mm,Top,0.000000
Q1002,63.950000mm,-169.399999mm,Top,0.000000
Q1003,63.950000mm,-172.200000mm,Top,0.000000
Q1004,104.650000mm,-85.399999mm,Top,0.000000
Q1005,82.450000mm,-152.600000mm,Top,0.000000
Q1006,82.450000mm,-214.200000mm,Top,0.000000
Q1007,171.250000mm,-236.600000mm,Top,0.000000
Q1008,75.050000mm,-93.800000mm,Top,0.000000
Q1009,186.050000mm,-244.999999mm,Top,0.000000
Q1010,100.950000mm,-96.600000mm,Top,0.000000
Q1011,19.550000mm,-37.800000mm,Top,0.000000
Q1012,15.850000mm,-37.800000mm,Top,0.000000
Q1013,182.350000mm,-147.000000mm,Top,0.000000
Q1014,223.050000mm,-236.600000mm,Top,0.000000
Q1015,237.850000mm,-79.800000mm,Top,0.000000
Q1016,63.950000mm,-133.000000mm,Top,0.000000
Q1017,63.950000mm,-130.199999mm,Top,0.000000
Q1018,226.750000mm,-88.199999mm,Top,0.000000
Q1019,19.550000mm,-35.000000mm,Top,0.000000
Q1020,19.550000mm,-40.599999mm,Top,0.000000
Q1021,112.050000mm,-247.799999mm,Top,0.000000
Q1022,197.150000mm,-284.200000mm,Top,0.000000
Q1023,197.150000mm,-287.000000mm,Top,0.000000
Q1024,189.750000mm,-287.000000mm,Top,0.000000
Q1025,89.850000mm,-177.799999mm,Top,0.000000
Q1026,108.350000mm,-219.799999mm,Top,0.000000
Q1027,108.350000mm,-222.600000mm,Top,0.000000
Q1028,104.650000mm,-197.399999mm,Top,0.000000
Q1029,104.650000mm,-200.200000mm,Top,0.000000
Q1030,100.950000mm,-85.399999mm,Top,0.000000
Q1031,141.650000mm,-219.799999mm,Top,0.000000
Q1032,141.650000mm,-222.600000mm,Top,0.000000
Q1033,197.150000mm,-292.599999mm,Top,0.000000
Q1034,86.150000mm,-166.600000mm,Top,0.000000
Q1035,163.850000mm,-135.800000mm,Top,0.000000
Q1036,71.350000mm,-267.399999mm,Top,0.000000
Q1037,130.550000mm,-138.600000mm,Top,0.000000
Q1038,126.850000mm,-135.800000mm,Top,0.000000
Q1039,171.250000mm,-91.000000mm,Top,0.000000
Q1040,45.450000mm,-259.000000mm,Top,0.000000
Q1041,49.150000mm,-264.600000mm,Top,0.000000
Q1042,182.350000mm,-138.600000mm,Top,0.000000
Q1043,237.850000mm,-175.000000mm,Top,0.000000
Q1044,89.850000mm,-130.199999mm,Top,0.000000
Q1045,89.850000mm,-135.800000mm,Top,0.000000
Q1046,86.150000mm,-133.000000mm,Top,0.000000
Q1047,123.150000mm,-292.599999mm,Top,0.000000
Q1048,126.850000mm,-292.599999mm,Top,0.000000
Q1049,226.750000mm,-138.600000mm,Top,0.000000
Q1050,223.050000mm,-135.800000mm,Top,0.000000
Q1051,215.650000mm,-219.799999mm,Top,0.000000
Q1052,211.950000mm,-219.799999mm,Top,0.000000
Q1053,160.150000mm,-177.799999mm,Top,0.000000
Q1054,215.650000mm,-211.399999mm,Top,0.000000
Q1055,97.250000mm,-96.600000mm,Top,0.000000
Q1056,134.250000mm,-203.000000mm,Top,0.000000
Q1057,237.850000mm,-149.799999mm,Top,0.000000
Q1058,234.150000mm,-147.000000mm,Top,0.000000
Q1059,112.050000mm,-169.399999mm,Top,0.000000
Q1060,112.050000mm,-172.200000mm,Top,0.000000
Q1061,97.250000mm,-183.399999mm,Top,0.000000
Q1062,97.250000mm,-186.200000mm,Top,0.000000
Q1063,100.950000mm,-200.200000mm,Top,0.000000
Q1064,97.250000mm,-197.399999mm,Top,0.000000
Q1065,100.950000mm,-211.399999mm,Top,0.000000
Q1066,97.250000mm,-208.600000mm,Top,0.000000
Q1067,100.950000mm,-222.600000mm,Top,0.000000
Q1068,97.250000mm,-219.799999mm,Top,0.000000
Q1069,100.950000mm,-233.799999mm,Top,0.000000
Q1070,97.250000mm,-231.000000mm,Top,0.000000
Q1071,100.950000mm,-247.799999mm,Top,0.000000
Q1072,97.250000mm,-244.999999mm,Top,0.000000
Q1073,100.950000mm,-259.000000mm,Top,0.000000
Q1074,97.250000mm,-256.200000mm,Top,0.000000
Q1075,97.250000mm,-270.200000mm,Top,0.000000
Q1076,97.250000mm,-273.000000mm,Top,0.000000
Q1077,171.250000mm,-82.600000mm,Top,0.000000
Q1078,19.550000mm,-49.000000mm,Top,0.000000
Q1079,15.850000mm,-49.000000mm,Top,0.000000
Q1080,211.950000mm,-85.399999mm,Top,0.000000
Q1081,208.250000mm,-85.399999mm,Top,0.000000
Q1082,119.450000mm,-116.199999mm,Top,0.000000
Q1083,56.550000mm,-79.800000mm,Top,0.000000
Q1084,52.850000mm,-79.800000mm,Top,0.000000
Q1085,60.250000mm,-79.800000mm,Top,0.000000
Q1086,126.850000mm,-79.800000mm,Top,0.000000
Q1087,123.150000mm,-77.000000mm,Top,0.000000
Q1088,126.850000mm,-82.600000mm,Top,0.000000
Q1089,215.650000mm,-79.800000mm,Top,0.000000
Q1090,219.350000mm,-79.800000mm,Top,0.000000
Q1091,223.050000mm,-79.800000mm,Top,0.000000
Q1092,226.750000mm,-79.800000mm,Top,0.000000
Q1093,223.050000mm,-82.600000mm,Top,0.000000
Q1094,230.450000mm,-79.800000mm,Top,0.000000
Q1095,208.250000mm,-231.000000mm,Top,0.000000
Q1096,63.950000mm,-217.000000mm,Top,0.000000
Q1097,67.650000mm,-211.399999mm,Top,0.000000
Q1098,82.450000mm,-191.799999mm,Top,0.000000
Q1099,71.350000mm,-183.399999mm,Top,0.000000
Q1100,208.250000mm,-99.399999mm,Top,0.000000
Q1101,208.250000mm,-175.000000mm,Top,0.000000
Q1102,200.850000mm,-82.600000mm,Top,0.000000
Q1103,115.750000mm,-189.000000mm,Top,0.000000
Q1104,112.050000mm,-186.200000mm,Top,0.000000
Q1105,115.750000mm,-194.600000mm,Top,0.000000
Q1106,15.850000mm,-71.400000mm,Top,0.000000
Q1107,89.850000mm,-163.799999mm,Top,0.000000
Q1108,197.150000mm,-82.600000mm,Top,0.000000
Q1109,200.850000mm,-102.199999mm,Top,0.000000
Q1110,52.850000mm,-189.000000mm,Top,0.000000
Q1111,197.150000mm,-99.399999mm,Top,0.000000
Q1112,200.850000mm,-105.000000mm,Top,0.000000
Q1113,197.150000mm,-102.199999mm,Top,0.000000
Q1114,245.250000mm,-175.000000mm,Top,0.000000
Q1115,104.650000mm,-278.599999mm,Top,0.000000
Q1116,45.450000mm,-91.000000mm,Top,0.000000
Q1117,45.450000mm,-93.800000mm,Top,0.000000
Q1118,123.150000mm,-102.199999mm,Top,0.000000
Q1119,67.650000mm,-79.800000mm,Top,0.000000
Q1120,267.450000mm,-110.600000mm,Top,0.000000
Q1121,86.150000mm,-144.200000mm,Top,0.000000
Q1122,189.750000mm,-91.000000mm,Top,0.000000
Q1123,56.550000mm,-141.399999mm,Top,0.000000
Q1124,45.450000mm,-79.800000mm,Top,0.000000
Q1125,141.650000mm,-205.799999mm,Top,0.000000
Q1126,193.450000mm,-191.799999mm,Top,0.000000
Q1127,189.750000mm,-189.000000mm,Top,0.000000
Q1128,174.950000mm,-284.200000mm,Top,0.000000
Q1129,174.950000mm,-287.000000mm,Top,0.000000
Q1130,178.650000mm,-289.799999mm,Top,0.000000
Q1131,189.750000mm,-211.399999mm,Top,0.000000
Q1132,189.750000mm,-214.200000mm,Top,0.000000
Q1133,241.550000mm,-119.000000mm,Top,0.000000
Q1134,19.550000mm,-85.399999mm,Top,0.000000
Q1135,115.750000mm,-113.399999mm,Top,0.000000
Q1136,112.050000mm,-110.600000mm,Top,0.000000
Q1137,263.750000mm,-57.400000mm,Top,0.000000
Q1138,263.750000mm,-60.199999mm,Top,0.000000
Q1139,115.750000mm,-152.600000mm,Top,0.000000
Q1140,108.350000mm,-155.399999mm,Top,0.000000
Q1141,219.350000mm,-141.399999mm,Top,0.000000
Q1142,112.050000mm,-197.399999mm,Top,0.000000
Q1143,108.350000mm,-194.600000mm,Top,0.000000
Q1144,112.050000mm,-200.200000mm,Top,0.000000
Q1145,226.750000mm,-259.000000mm,Top,0.000000
Q1146,219.350000mm,-261.799999mm,Top,0.000000
Q1147,67.650000mm,-107.800000mm,Top,0.000000
Q1148,108.350000mm,-239.399999mm,Top,0.000000
Q1149,71.350000mm,-99.399999mm,Top,0.000000
Q1150,67.650000mm,-96.600000mm,Top,0.000000
Q1151,252.650000mm,-68.600000mm,Top,0.000000
Q1152,256.350000mm,-71.400000mm,Top,0.000000
Q1153,256.350000mm,-74.199999mm,Top,0.000000
Q1154,123.150000mm,-149.799999mm,Top,0.000000
Q1155,256.350000mm,-116.199999mm,Top,0.000000
Q1156,252.650000mm,-113.399999mm,Top,0.000000
Q1157,252.650000mm,-116.199999mm,Top,0.000000
Q1158,248.950000mm,-113.399999mm,Top,0.000000
Q1159,248.950000mm,-119.000000mm,Top,0.000000
Q1160,245.250000mm,-116.199999mm,Top,0.000000
Q1161,149.050000mm,-197.399999mm,Top,0.000000
Q1162,145.350000mm,-194.600000mm,Top,0.000000
Q1163,86.150000mm,-163.799999mm,Top,0.000000
Q1164,223.050000mm,-256.200000mm,Top,0.000000
Q1165,219.350000mm,-253.399999mm,Top,0.000000
Q1166,97.250000mm,-211.399999mm,Top,0.000000
Q1167,97.250000mm,-214.200000mm,Top,0.000000
Q1168,182.350000mm,-91.000000mm,Top,0.000000
Q1169,49.150000mm,-161.000000mm,Top,0.000000
Q1170,23.250000mm,-85.399999mm,Top,0.000000
Q1171,82.450000mm,-177.799999mm,Top,0.000000
Q1172,252.650000mm,-281.400000mm,Top,0.000000
Q1173,226.750000mm,-189.000000mm,Top,0.000000
Q1174,219.350000mm,-191.799999mm,Top,0.000000
Q1175,208.250000mm,-35.000000mm,Top,0.000000
Q1176,56.550000mm,-244.999999mm,Top,0.000000
Q1177,52.850000mm,-242.200000mm,Top,0.000000
Q1178,263.750000mm,-65.800000mm,Top,0.000000
Q1179,267.450000mm,-60.199999mm,Top,0.000000
Q1180,15.850000mm,-68.600000mm,Top,0.000000
Q1181,186.050000mm,-149.799999mm,Top,0.000000
Q1182,86.150000mm,-287.000000mm,Top,0.000000
Q1183,208.250000mm,-289.799999mm,Top,0.000000
Q1184,208.250000mm,-292.599999mm,Top,0.000000
Q1185,208.250000mm,-141.399999mm,Top,0.000000
Q1186,208.250000mm,-147.000000mm,Top,0.000000
Q1187,163.850000mm,-124.600000mm,Top,0.000000
Q1188,63.950000mm,-79.800000mm,Top,0.000000
Q1189,171.250000mm,-211.399999mm,Top,0.000000
Q1190,60.250000mm,-273.000000mm,Top,0.000000
Q1191,60.250000mm,-275.800000mm,Top,0.000000
Q1192,56.550000mm,-233.799999mm,Top,0.000000
Q1193,60.250000mm,-99.399999mm,Top,0.000000
Q1194,56.550000mm,-96.600000mm,Top,0.000000
Q1195,108.350000mm,-147.000000mm,Top,0.000000
Q1196,52.850000mm,-186.200000mm,Top,0.000000
Q1197,49.150000mm,-183.399999mm,Top,0.000000
Q1198,211.950000mm,-82.600000mm,Top,0.000000
Q1199,26.950000mm,-65.800000mm,Top,0.000000
Q1200,41.750000mm,-68.600000mm,Top,0.000000
Q1201,56.550000mm,-68.600000mm,Top,0.000000
Q1202,78.750000mm,-65.800000mm,Top,0.000000
Q1203,78.750000mm,-68.600000mm,Top,0.000000
Q1204,115.750000mm,-65.800000mm,Top,0.000000
Q1205,137.950000mm,-65.800000mm,Top,0.000000
Q1206,160.150000mm,-68.600000mm,Top,0.000000
Q1207,174.950000mm,-68.600000mm,Top,0.000000
Q1208,186.050000mm,-65.800000mm,Top,0.000000
Q1209,197.150000mm,-68.600000mm,Top,0.000000
Q1210,204.550000mm,-68.600000mm,Top,0.000000
Q1211,215.650000mm,-68.600000mm,Top,0.000000
Q1212,219.350000mm,-68.600000mm,Top,0.000000
Q1213,215.650000mm,-65.800000mm,Top,0.000000
Q1214,226.750000mm,-68.600000mm,Top,0.000000
Q1215,237.850000mm,-68.600000mm,Top,0.000000
Q1216,234.150000mm,-65.800000mm,Top,0.000000
Q1217,89.850000mm,-278.599999mm,Top,0.000000
Q1218,86.150000mm,-278.599999mm,Top,0.000000
Q1219,82.450000mm,-275.800000mm,Top,0.000000
Q1220,82.450000mm,-278.599999mm,Top,0.000000
Q1221,78.750000mm,-278.599999mm,Top,0.000000
Q1222,75.050000mm,-275.800000mm,Top,0.000000
Q1223,75.050000mm,-278.599999mm,Top,0.000000
Q1224,86.150000mm,-189.000000mm,Top,0.000000
Q1225,237.850000mm,-99.399999mm,Top,0.000000
Q1226,234.150000mm,-96.600000mm,Top,0.000000
Q1227,86.150000mm,-200.200000mm,Top,0.000000
Q1228,86.150000mm,-236.600000mm,Top,0.000000
Q1229,82.450000mm,-264.600000mm,Top,0.000000
Q1230,82.450000mm,-253.399999mm,Top,0.000000
Q1231,189.750000mm,-82.600000mm,Top,0.000000
Q1232,186.050000mm,-82.600000mm,Top,0.000000
Q1233,108.350000mm,-183.399999mm,Top,0.000000
Q1234,104.650000mm,-191.799999mm,Top,0.000000
Q1235,252.650000mm,-217.000000mm,Top,0.000000
Q1236,145.350000mm,-183.399999mm,Top,0.000000
Q1237,141.650000mm,-183.399999mm,Top,0.000000
Q1238,119.450000mm,-267.399999mm,Top,0.000000
Q1239,115.750000mm,-264.600000mm,Top,0.000000
Q1240,211.950000mm,-88.199999mm,Top,0.000000
Q1241,163.850000mm,-219.799999mm,Top,0.000000
Q1242,104.650000mm,-91.000000mm,Top,0.000000
Q1243,60.250000mm,-267.399999mm,Top,0.000000
Q1244,63.950000mm,-256.200000mm,Top,0.000000
Q1245,60.250000mm,-102.199999mm,Top,0.000000
Q1246,137.950000mm,-175.000000mm,Top,0.000000
Q1247,112.050000mm,-183.399999mm,Top,0.000000
Q1248,115.750000mm,-183.399999mm,Top,0.000000
Q1249,108.350000mm,-197.399999mm,Top,0.000000
Q1250,108.350000mm,-200.200000mm,Top,0.000000
Q1251,112.050000mm,-208.600000mm,Top,0.000000
Q1252,108.350000mm,-205.799999mm,Top,0.000000
Q1253,115.750000mm,-222.600000mm,Top,0.000000
Q1254,112.050000mm,-222.600000mm,Top,0.000000
Q1255,112.050000mm,-233.799999mm,Top,0.000000
Q1256,108.350000mm,-231.000000mm,Top,0.000000
Q1257,108.350000mm,-250.600000mm,Top,0.000000
Q1258,112.050000mm,-244.999999mm,Top,0.000000
Q1259,108.350000mm,-256.200000mm,Top,0.000000
Q1260,108.350000mm,-259.000000mm,Top,0.000000
Q1261,112.050000mm,-270.200000mm,Top,0.000000
Q1262,108.350000mm,-267.399999mm,Top,0.000000
Q1263,211.950000mm,-208.600000mm,Top,0.000000
Q1264,211.950000mm,-211.399999mm,Top,0.000000
Q1265,219.350000mm,-82.600000mm,Top,0.000000
Q1266,97.250000mm,-222.600000mm,Top,0.000000
Q1267,71.350000mm,-222.600000mm,Top,0.000000
Q1268,71.350000mm,-228.200000mm,Top,0.000000
Q1269,75.050000mm,-228.200000mm,Top,0.000000
Q1270,208.250000mm,-105.000000mm,Top,0.000000
Q1271,193.450000mm,-247.799999mm,Top,0.000000
Q1272,26.950000mm,-74.199999mm,Top,0.000000
Q1273,23.250000mm,-71.400000mm,Top,0.000000
Q1274,252.650000mm,-32.200000mm,Top,0.000000
Q1275,63.950000mm,-231.000000mm,Top,0.000000
Q1276,260.050000mm,-110.600000mm,Top,0.000000
Q1277,171.250000mm,-161.000000mm,Top,0.000000
Q1278,167.550000mm,-158.200000mm,Top,0.000000
Q1279,60.250000mm,-183.399999mm,Top,0.000000
Q1280,30.650000mm,-57.400000mm,Top,0.000000
Q1281,34.350000mm,-57.400000mm,Top,0.000000
Q1282,38.050000mm,-57.400000mm,Top,0.000000
Q1283,34.350000mm,-54.599999mm,Top,0.000000
Q1284,41.750000mm,-54.599999mm,Top,0.000000
Q1285,41.750000mm,-60.199999mm,Top,0.000000
Q1286,49.150000mm,-57.400000mm,Top,0.000000
Q1287,45.450000mm,-54.599999mm,Top,0.000000
Q1288,49.150000mm,-54.599999mm,Top,0.000000
Q1289,52.850000mm,-54.599999mm,Top,0.000000
Q1290,52.850000mm,-60.199999mm,Top,0.000000
Q1291,56.550000mm,-57.400000mm,Top,0.000000
Q1292,56.550000mm,-54.599999mm,Top,0.000000
Q1293,60.250000mm,-57.400000mm,Top,0.000000
Q1294,60.250000mm,-54.599999mm,Top,0.000000
Q1295,63.950000mm,-54.599999mm,Top,0.000000
Q1296,56.550000mm,-51.800000mm,Top,0.000000
Q1297,100.950000mm,-57.400000mm,Top,0.000000
Q1298,112.050000mm,-57.400000mm,Top,0.000000
Q1299,108.350000mm,-54.599999mm,Top,0.000000
Q1300,112.050000mm,-54.599999mm,Top,0.000000
Q1301,126.850000mm,-60.199999mm,Top,0.000000
Q1302,123.150000mm,-51.800000mm,Top,0.000000
Q1303,126.850000mm,-51.800000mm,Top,0.000000
Q1304,141.650000mm,-54.599999mm,Top,0.000000
Q1305,145.350000mm,-54.599999mm,Top,0.000000
Q1306,160.150000mm,-54.599999mm,Top,0.000000
Q1307,186.050000mm,-51.800000mm,Top,0.000000
Q1308,226.750000mm,-54.599999mm,Top,0.000000
Q1309,230.450000mm,-57.400000mm,Top,0.000000
Q1310,234.150000mm,-54.599999mm,Top,0.000000
Q1311,237.850000mm,-54.599999mm,Top,0.000000
Q1312,245.250000mm,-57.400000mm,Top,0.000000
Q1313,86.150000mm,-186.200000mm,Top,0.000000
Q1314,75.050000mm,-180.600000mm,Top,0.000000
Q1315,97.250000mm,-141.399999mm,Top,0.000000
Q1316,104.650000mm,-217.000000mm,Top,0.000000
Q1317,104.650000mm,-222.600000mm,Top,0.000000
Q1318,100.950000mm,-219.799999mm,Top,0.000000
Q1319,78.750000mm,-231.000000mm,Top,0.000000
Q1320,82.450000mm,-231.000000mm,Top,0.000000
Q1321,82.450000mm,-208.600000mm,Top,0.000000
Q1322,78.750000mm,-205.799999mm,Top,0.000000
Q1323,145.350000mm,-233.799999mm,Top,0.000000
Q1324,152.750000mm,-23.799999mm,Top,0.000000
Q1325,149.050000mm,-32.200000mm,Top,0.000000
Q1326,23.250000mm,-54.599999mm,Top,0.000000
Q1327,215.650000mm,-82.600000mm,Top,0.000000
Q1328,97.250000mm,-189.000000mm,Top,0.000000
Q1329,19.550000mm,-32.200000mm,Top,0.000000
Q1330,23.250000mm,-29.400000mm,Top,0.000000
Q1331,149.050000mm,-85.399999mm,Top,0.000000
Q1332,97.250000mm,-233.799999mm,Top,0.000000
Q1333,97.250000mm,-236.600000mm,Top,0.000000
Q1334,52.850000mm,-247.799999mm,Top,0.000000
Q1335,130.550000mm,-93.800000mm,Top,0.000000
Q1336,149.050000mm,-273.000000mm,Top,0.000000
Q1337,167.550000mm,-127.399999mm,Top,0.000000
Q1338,49.150000mm,-200.200000mm,Top,0.000000
Q1339,45.450000mm,-200.200000mm,Top,0.000000
Q1340,45.450000mm,-205.799999mm,Top,0.000000
Q1341,63.950000mm,-205.799999mm,Top,0.000000
Q1342,67.650000mm,-200.200000mm,Top,0.000000
Q1343,56.550000mm,-194.600000mm,Top,0.000000
Q1344,23.250000mm,-68.600000mm,Top,0.000000
Q1345,19.550000mm,-65.800000mm,Top,0.000000
Q1346,156.450000mm,-130.199999mm,Top,0.000000
Q1347,41.750000mm,-29.400000mm,Top,0.000000
Q1348,38.050000mm,-26.600000mm,Top,0.000000
Q1349,34.350000mm,-29.400000mm,Top,0.000000
Q1350,186.050000mm,-191.799999mm,Top,0.000000
Q1351,71.350000mm,-79.800000mm,Top,0.000000
Q1352,104.650000mm,-228.200000mm,Top,0.000000
Q1353,100.950000mm,-236.600000mm,Top,0.000000
Q1354,100.950000mm,-239.399999mm,Top,0.000000
Q1355,104.650000mm,-270.200000mm,Top,0.000000
Q1356,126.850000mm,-284.200000mm,Top,0.000000
Q1357,219.350000mm,-175.000000mm,Top,0.000000
Q1358,245.250000mm,-96.600000mm,Top,0.000000
Q1359,182.350000mm,-99.399999mm,Top,0.000000
Q1360,178.650000mm,-99.399999mm,Top,0.000000
Q1361,45.450000mm,-82.600000mm,Top,0.000000
Q1362,215.650000mm,-256.200000mm,Top,0.000000
Q1363,211.950000mm,-256.200000mm,Top,0.000000
Q1364,119.450000mm,-194.600000mm,Top,0.000000
Q1365,193.450000mm,-163.799999mm,Top,0.000000
Q1366,200.850000mm,-113.399999mm,Top,0.000000
Q1367,193.450000mm,-105.000000mm,Top,0.000000
Q1368,189.750000mm,-102.199999mm,Top,0.000000
Q1369,108.350000mm,-79.800000mm,Top,0.000000
Q1370,104.650000mm,-158.200000mm,Top,0.000000
Q1371,104.650000mm,-161.000000mm,Top,0.000000
Q1372,100.950000mm,-158.200000mm,Top,0.000000
Q1373,97.250000mm,-155.399999mm,Top,0.000000
Q1374,56.550000mm,-91.000000mm,Top,0.000000
Q1375,52.850000mm,-88.199999mm,Top,0.000000
Q1376,126.850000mm,-261.799999mm,Top,0.000000
Q1377,123.150000mm,-259.000000mm,Top,0.000000
Q1378,126.850000mm,-250.600000mm,Top,0.000000
Q1379,123.150000mm,-247.799999mm,Top,0.000000
Q1380,126.850000mm,-239.399999mm,Top,0.000000
Q1381,123.150000mm,-239.399999mm,Top,0.000000
Q1382,126.850000mm,-225.399999mm,Top,0.000000
Q1383,123.150000mm,-222.600000mm,Top,0.000000
Q1384,193.450000mm,-82.600000mm,Top,0.000000
Q1385,197.150000mm,-88.199999mm,Top,0.000000
Q1386,171.250000mm,-231.000000mm,Top,0.000000
Q1387,167.550000mm,-228.200000mm,Top,0.000000
Q1388,200.850000mm,-124.600000mm,Top,0.000000
Q1389,200.850000mm,-130.199999mm,Top,0.000000
Q1390,174.950000mm,-119.000000mm,Top,0.000000
Q1391,52.850000mm,-191.799999mm,Top,0.000000
Q1392,89.850000mm,-233.799999mm,Top,0.000000
Q1393,89.850000mm,-236.600000mm,Top,0.000000
Q1394,156.450000mm,-166.600000mm,Top,0.000000
Q1395,186.050000mm,-99.399999mm,Top,0.000000
Q1396,252.650000mm,-71.400000mm,Top,0.000000
Q1397,19.550000mm,-60.199999mm,Top,0.000000
Q1398,15.850000mm,-57.400000mm,Top,0.000000
Q1399,34.350000mm,-79.800000mm,Top,0.000000
Q1400,130.550000mm,-107.800000mm,Top,0.000000
Q1401,126.850000mm,-107.800000mm,Top,0.000000
Q1402,167.550000mm,-163.799999mm,Top,0.000000
Q1403,171.250000mm,-158.200000mm,Top,0.000000
Q1404,145.350000mm,-270.200000mm,Top,0.000000
Q1405,145.350000mm,-273.000000mm,Top,0.000000
Q1406,38.050000mm,-29.400000mm,Top,0.000000
Q1407,45.450000mm,-49.000000mm,Top,0.000000
Q1408,41.750000mm,-46.199999mm,Top,0.000000
Q1409,49.150000mm,-49.000000mm,Top,0.000000
Q1410,52.850000mm,-49.000000mm,Top,0.000000
Q1411,49.150000mm,-46.199999mm,Top,0.000000
Q1412,49.150000mm,-51.800000mm,Top,0.000000
Q1413,56.550000mm,-49.000000mm,Top,0.000000
Q1414,60.250000mm,-49.000000mm,Top,0.000000
Q1415,75.050000mm,-49.000000mm,Top,0.000000
Q1416,104.650000mm,-51.800000mm,Top,0.000000
Q1417,115.750000mm,-51.800000mm,Top,0.000000
Q1418,119.450000mm,-49.000000mm,Top,0.000000
Q1419,130.550000mm,-51.800000mm,Top,0.000000
Q1420,126.850000mm,-49.000000mm,Top,0.000000
Q1421,137.950000mm,-51.800000mm,Top,0.000000
Q1422,141.650000mm,-51.800000mm,Top,0.000000
Q1423,152.750000mm,-51.800000mm,Top,0.000000
Q1424,149.050000mm,-49.000000mm,Top,0.000000
Q1425,208.250000mm,-51.800000mm,Top,0.000000
Q1426,211.950000mm,-51.800000mm,Top,0.000000
Q1427,226.750000mm,-51.800000mm,Top,0.000000
Q1428,208.250000mm,-93.800000mm,Top,0.000000
Q1429,186.050000mm,-152.600000mm,Top,0.000000
Q1430,219.350000mm,-161.000000mm,Top,0.000000
Q1431,219.350000mm,-225.399999mm,Top,0.000000
Q1432,100.950000mm,-147.000000mm,Top,0.000000
Q1433,67.650000mm,-124.600000mm,Top,0.000000
Q1434,63.950000mm,-121.800000mm,Top,0.000000
Q1435,104.650000mm,-244.999999mm,Top,0.000000
Q1436,100.950000mm,-244.999999mm,Top,0.000000
Q1437,182.350000mm,-217.000000mm,Top,0.000000
Q1438,186.050000mm,-225.399999mm,Top,0.000000
Q1439,256.350000mm,-63.000000mm,Top,0.000000
Q1440,241.550000mm,-113.399999mm,Top,0.000000
Q1441,237.850000mm,-110.600000mm,Top,0.000000
Q1442,215.650000mm,-183.399999mm,Top,0.000000
Q1443,211.950000mm,-180.600000mm,Top,0.000000
Q1444,237.850000mm,-155.399999mm,Top,0.000000
Q1445,237.850000mm,-158.200000mm,Top,0.000000
Q1446,56.550000mm,-99.399999mm,Top,0.000000
Q1447,52.850000mm,-96.600000mm,Top,0.000000
Q1448,45.450000mm,-102.199999mm,Top,0.000000
Q1449,49.150000mm,-88.199999mm,Top,0.000000
Q1450,271.150000mm,-163.799999mm,Top,0.000000
Q1451,182.350000mm,-289.799999mm,Top,0.000000
Q1452,178.650000mm,-287.000000mm,Top,0.000000
Q1453,245.250000mm,-121.800000mm,Top,0.000000
Q1454,241.550000mm,-121.800000mm,Top,0.000000
Q1455,104.650000mm,-211.399999mm,Top,0.000000
Q1456,100.950000mm,-208.600000mm,Top,0.000000
Q1457,174.950000mm,-155.399999mm,Top,0.000000
Q1458,171.250000mm,-152.600000mm,Top,0.000000
Q1459,178.650000mm,-189.000000mm,Top,0.000000
Q1460,178.650000mm,-191.799999mm,Top,0.000000
Q1461,141.650000mm,-177.799999mm,Top,0.000000
Q1462,78.750000mm,-163.799999mm,Top,0.000000
Q1463,134.250000mm,-130.199999mm,Top,0.000000
Q1464,130.550000mm,-127.399999mm,Top,0.000000
Q1465,126.850000mm,-233.799999mm,Top,0.000000
Q1466,123.150000mm,-231.000000mm,Top,0.000000
Q1467,271.150000mm,-88.199999mm,Top,0.000000
Q1468,34.350000mm,-26.600000mm,Top,0.000000
Q1469,34.350000mm,-32.200000mm,Top,0.000000
Q1470,171.250000mm,-200.200000mm,Top,0.000000
Q1471,30.650000mm,-60.199999mm,Top,0.000000
Q1472,30.650000mm,-63.000000mm,Top,0.000000
Q1473,34.350000mm,-63.000000mm,Top,0.000000
Q1474,38.050000mm,-63.000000mm,Top,0.000000
Q1475,49.150000mm,-63.000000mm,Top,0.000000
Q1476,56.550000mm,-63.000000mm,Top,0.000000
Q1477,93.550000mm,-57.400000mm,Top,0.000000
Q1478,93.550000mm,-63.000000mm,Top,0.000000
Q1479,97.250000mm,-57.400000mm,Top,0.000000
Q1480,100.950000mm,-63.000000mm,Top,0.000000
Q1481,123.150000mm,-63.000000mm,Top,0.000000
Q1482,145.350000mm,-60.199999mm,Top,0.000000
Q1483,141.650000mm,-63.000000mm,Top,0.000000
Q1484,145.350000mm,-57.400000mm,Top,0.000000
Q1485,160.150000mm,-60.199999mm,Top,0.000000
Q1486,178.650000mm,-57.400000mm,Top,0.000000
Q1487,178.650000mm,-60.199999mm,Top,0.000000
Q1488,178.650000mm,-63.000000mm,Top,0.000000
Q1489,208.250000mm,-63.000000mm,Top,0.000000
Q1490,211.950000mm,-63.000000mm,Top,0.000000
Q1491,215.650000mm,-63.000000mm,Top,0.000000
Q1492,230.450000mm,-63.000000mm,Top,0.000000
Q1493,241.550000mm,-60.199999mm,Top,0.000000
Q1494,245.250000mm,-60.199999mm,Top,0.000000
Q1495,82.450000mm,-284.200000mm,Top,0.000000
Q1496,86.150000mm,-208.600000mm,Top,0.000000
Q1497,82.450000mm,-205.799999mm,Top,0.000000
Q1498,219.350000mm,-96.600000mm,Top,0.000000
Q1499,215.650000mm,-93.800000mm,Top,0.000000
Q1500,211.950000mm,-200.200000mm,Top,0.000000
Q1501,156.450000mm,-177.799999mm,Top,0.000000
Q1502,152.750000mm,-177.799999mm,Top,0.000000
Q1503,204.550000mm,-105.000000mm,Top,0.000000
Q1504,112.050000mm,-239.399999mm,Top,0.000000
Q1505,52.850000mm,-222.600000mm,Top,0.000000
Q1506,49.150000mm,-219.799999mm,Top,0.000000
Q1507,67.650000mm,-127.399999mm,Top,0.000000
Q1508,174.950000mm,-26.600000mm,Top,0.000000
Q1509,171.250000mm,-163.799999mm,Top,0.000000
Q1510,211.950000mm,-91.000000mm,Top,0.000000
Q1511,130.550000mm,-82.600000mm,Top,0.000000
Q1512,86.150000mm,-135.800000mm,Top,0.000000
Q1514,112.050000mm,-85.399999mm,Top,0.000000
Q1515,115.750000mm,-259.000000mm,Top,0.000000
Q1516,256.350000mm,-96.600000mm,Top,0.000000
Q1517,256.350000mm,-102.199999mm,Top,0.000000
Q1518,56.550000mm,-205.799999mm,Top,0.000000
Q1519,23.250000mm,-63.000000mm,Top,0.000000
Q1520,141.650000mm,-233.799999mm,Top,0.000000
Q1521,167.550000mm,-152.600000mm,Top,0.000000
Q1522,149.050000mm,-244.999999mm,Top,0.000000
Q1523,145.350000mm,-242.200000mm,Top,0.000000
Q1524,60.250000mm,-107.800000mm,Top,0.000000
Q1525,63.950000mm,-102.199999mm,Top,0.000000
Q1526,223.050000mm,-166.600000mm,Top,0.000000
Q1527,219.350000mm,-163.799999mm,Top,0.000000
Q1528,45.450000mm,-247.799999mm,Top,0.000000
Q1529,49.150000mm,-250.600000mm,Top,0.000000
Q1530,26.950000mm,-49.000000mm,Top,0.000000
Q1531,208.250000mm,-169.399999mm,Top,0.000000
Q1532,71.350000mm,-203.000000mm,Top,0.000000
Q1533,67.650000mm,-205.799999mm,Top,0.000000
Q1534,226.750000mm,-91.000000mm,Top,0.000000
Q1535,134.250000mm,-256.200000mm,Top,0.000000
Q1536,86.150000mm,-273.000000mm,Top,0.000000
Q1537,189.750000mm,-23.799999mm,Top,0.000000
Q1538,189.750000mm,-35.000000mm,Top,0.000000
Q1539,178.650000mm,-82.600000mm,Top,0.000000
Q1540,60.250000mm,-239.399999mm,Top,0.000000
Q1541,186.050000mm,-197.399999mm,Top,0.000000
Q1542,52.850000mm,-91.000000mm,Top,0.000000
Q1543,78.750000mm,-161.000000mm,Top,0.000000
Q1544,75.050000mm,-158.200000mm,Top,0.000000
Q1545,49.150000mm,-186.200000mm,Top,0.000000
Q1546,52.850000mm,-183.399999mm,Top,0.000000
Q1547,263.750000mm,-141.399999mm,Top,0.000000
Q1548,186.050000mm,-119.000000mm,Top,0.000000
Q1549,97.250000mm,-135.800000mm,Top,0.000000
Q1550,19.550000mm,-79.800000mm,Top,0.000000
Q1551,34.350000mm,-93.800000mm,Top,0.000000
Q1552,38.050000mm,-93.800000mm,Top,0.000000
Q1553,149.050000mm,-177.799999mm,Top,0.000000
Q1554,115.750000mm,-267.399999mm,Top,0.000000
Q1555,112.050000mm,-264.600000mm,Top,0.000000
Q1556,149.050000mm,-40.599999mm,Top,0.000000
Q1557,86.150000mm,-253.399999mm,Top,0.000000
Q1558,86.150000mm,-256.200000mm,Top,0.000000
Q1559,89.850000mm,-261.799999mm,Top,0.000000
Q1560,134.250000mm,-247.799999mm,Top,0.000000
Q1561,134.250000mm,-250.600000mm,Top,0.000000
Q1562,82.450000mm,-239.399999mm,Top,0.000000
Q1563,108.350000mm,-203.000000mm,Top,0.000000
Q1564,167.550000mm,-43.400000mm,Top,0.000000
Q1565,178.650000mm,-43.400000mm,Top,0.000000
Q1566,215.650000mm,-180.600000mm,Top,0.000000
Q1567,145.350000mm,-163.799999mm,Top,0.000000
Q1568,60.250000mm,-175.000000mm,Top,0.000000
Q1569,104.650000mm,-96.600000mm,Top,0.000000
Q1570,241.550000mm,-158.200000mm,Top,0.000000
Q1571,56.550000mm,-32.200000mm,Top,0.000000
Q1572,52.850000mm,-29.400000mm,Top,0.000000
Q1573,89.850000mm,-166.600000mm,Top,0.000000
Q1574,75.050000mm,-175.000000mm,Top,0.000000
Q1575,171.250000mm,-250.600000mm,Top,0.000000
Q1576,178.650000mm,-141.399999mm,Top,0.000000
Q1577,104.650000mm,-194.600000mm,Top,0.000000
Q1578,104.650000mm,-203.000000mm,Top,0.000000
Q1579,134.250000mm,-222.600000mm,Top,0.000000
Q1580,193.450000mm,-261.799999mm,Top,0.000000
Q1581,189.750000mm,-259.000000mm,Top,0.000000
Q1582,145.350000mm,-259.000000mm,Top,0.000000
Q1583,93.550000mm,-278.599999mm,Top,0.000000
Q1584,119.450000mm,-205.799999mm,Top,0.000000
Q1585,126.850000mm,-189.000000mm,Top,0.000000
Q1586,226.750000mm,-264.600000mm,Top,0.000000
Q1587,219.350000mm,-264.600000mm,Top,0.000000
Q1588,15.850000mm,-99.399999mm,Top,0.000000
Q1589,15.850000mm,-96.600000mm,Top,0.000000
Q1590,267.450000mm,-116.199999mm,Top,0.000000
Q1591,263.750000mm,-113.399999mm,Top,0.000000
Q1592,263.750000mm,-116.199999mm,Top,0.000000
Q1593,260.050000mm,-113.399999mm,Top,0.000000
Q1594,271.150000mm,-116.199999mm,Top,0.000000
Q1595,267.450000mm,-113.399999mm,Top,0.000000
Q1596,63.950000mm,-35.000000mm,Top,0.000000
Q1597,126.850000mm,-200.200000mm,Top,0.000000
Q1598,160.150000mm,-91.000000mm,Top,0.000000
Q1599,230.450000mm,-105.000000mm,Top,0.000000
Q1600,226.750000mm,-102.199999mm,Top,0.000000
Q1601,256.350000mm,-124.600000mm,Top,0.000000
Q1602,149.050000mm,-214.200000mm,Top,0.000000
Q1603,256.350000mm,-54.599999mm,Top,0.000000
Q1604,119.450000mm,-119.000000mm,Top,0.000000
Q1605,71.350000mm,-219.799999mm,Top,0.000000
Q1606,89.850000mm,-99.399999mm,Top,0.000000
Q1607,89.850000mm,-102.199999mm,Top,0.000000
Q1608,126.850000mm,-147.000000mm,Top,0.000000
Q1609,123.150000mm,-144.200000mm,Top,0.000000
Q1610,71.350000mm,-197.399999mm,Top,0.000000
Q1611,163.850000mm,-169.399999mm,Top,0.000000
Q1612,163.850000mm,-172.200000mm,Top,0.000000
Q1613,130.550000mm,-102.199999mm,Top,0.000000
Q1614,93.550000mm,-105.000000mm,Top,0.000000
Q1615,248.950000mm,-144.200000mm,Top,0.000000
Q1616,108.350000mm,-82.600000mm,Top,0.000000
Q1617,226.750000mm,-211.399999mm,Top,0.000000
Q1618,215.650000mm,-214.200000mm,Top,0.000000
Q1619,30.650000mm,-51.800000mm,Top,0.000000
Q1620,30.650000mm,-54.599999mm,Top,0.000000
Q1621,41.750000mm,-51.800000mm,Top,0.000000
Q1622,75.050000mm,-57.400000mm,Top,0.000000
Q1623,82.450000mm,-51.800000mm,Top,0.000000
Q1624,97.250000mm,-54.599999mm,Top,0.000000
Q1625,93.550000mm,-51.800000mm,Top,0.000000
Q1626,97.250000mm,-51.800000mm,Top,0.000000
Q1627,100.950000mm,-51.800000mm,Top,0.000000
Q1628,108.350000mm,-51.800000mm,Top,0.000000
Q1629,112.050000mm,-51.800000mm,Top,0.000000
Q1630,104.650000mm,-49.000000mm,Top,0.000000
Q1631,119.450000mm,-51.800000mm,Top,0.000000
Q1632,123.150000mm,-49.000000mm,Top,0.000000
Q1633,130.550000mm,-49.000000mm,Top,0.000000
Q1634,134.250000mm,-51.800000mm,Top,0.000000
Q1635,134.250000mm,-49.000000mm,Top,0.000000
Q1636,145.350000mm,-51.800000mm,Top,0.000000
Q1637,149.050000mm,-51.800000mm,Top,0.000000
Q1638,156.450000mm,-51.800000mm,Top,0.000000
Q1639,163.850000mm,-54.599999mm,Top,0.000000
Q1640,174.950000mm,-54.599999mm,Top,0.000000
Q1641,178.650000mm,-51.800000mm,Top,0.000000
Q1642,215.650000mm,-51.800000mm,Top,0.000000
Q1643,219.350000mm,-51.800000mm,Top,0.000000
Q1644,241.550000mm,-54.599999mm,Top,0.000000
Q1645,186.050000mm,-105.000000mm,Top,0.000000
Q1646,260.050000mm,-71.400000mm,Top,0.000000
Q1647,267.450000mm,-65.800000mm,Top,0.000000
Q1648,241.550000mm,-88.199999mm,Top,0.000000
Q1649,56.550000mm,-35.000000mm,Top,0.000000
Q1650,52.850000mm,-32.200000mm,Top,0.000000
Q1651,226.750000mm,-250.600000mm,Top,0.000000
Q1652,186.050000mm,-141.399999mm,Top,0.000000
Q1653,186.050000mm,-144.200000mm,Top,0.000000
Q1654,189.750000mm,-144.200000mm,Top,0.000000
Q1655,186.050000mm,-147.000000mm,Top,0.000000
Q1656,34.350000mm,-46.199999mm,Top,0.000000
Q1657,75.050000mm,-46.199999mm,Top,0.000000
Q1658,89.850000mm,-46.199999mm,Top,0.000000
Q1659,97.250000mm,-46.199999mm,Top,0.000000
Q1660,100.950000mm,-46.199999mm,Top,0.000000
Q1661,104.650000mm,-46.199999mm,Top,0.000000
Q1662,119.450000mm,-46.199999mm,Top,0.000000
Q1663,156.450000mm,-46.199999mm,Top,0.000000
Q1664,171.250000mm,-46.199999mm,Top,0.000000
Q1665,178.650000mm,-46.199999mm,Top,0.000000
Q1666,182.350000mm,-46.199999mm,Top,0.000000
Q1667,178.650000mm,-49.000000mm,Top,0.000000
Q1668,208.250000mm,-46.199999mm,Top,0.000000
Q1669,219.350000mm,-46.199999mm,Top,0.000000
Q1670,237.850000mm,-46.199999mm,Top,0.000000
Q1671,141.650000mm,-186.200000mm,Top,0.000000
Q1672,137.950000mm,-183.399999mm,Top,0.000000
Q1673,100.950000mm,-169.399999mm,Top,0.000000
Q1674,104.650000mm,-172.200000mm,Top,0.000000
Q1675,71.350000mm,-161.000000mm,Top,0.000000
Q1676,149.050000mm,-91.000000mm,Top,0.000000
Q1677,145.350000mm,-91.000000mm,Top,0.000000
Q1678,82.450000mm,-175.000000mm,Top,0.000000
Q1679,82.450000mm,-289.799999mm,Top,0.000000
Q1680,78.750000mm,-287.000000mm,Top,0.000000
Q1681,230.450000mm,-96.600000mm,Top,0.000000
Q1682,226.750000mm,-96.600000mm,Top,0.000000
Q1683,219.350000mm,-91.000000mm,Top,0.000000
Q1684,219.350000mm,-85.399999mm,Top,0.000000
Q1685,208.250000mm,-219.799999mm,Top,0.000000
Q1686,204.550000mm,-217.000000mm,Top,0.000000
Q1687,208.250000mm,-233.799999mm,Top,0.000000
Q1688,204.550000mm,-231.000000mm,Top,0.000000
Q1689,208.250000mm,-197.399999mm,Top,0.000000
Q1690,204.550000mm,-194.600000mm,Top,0.000000
Q1691,204.550000mm,-205.799999mm,Top,0.000000
Q1692,204.550000mm,-208.600000mm,Top,0.000000
Q1693,208.250000mm,-186.200000mm,Top,0.000000
Q1694,204.550000mm,-183.399999mm,Top,0.000000
Q1695,141.650000mm,-197.399999mm,Top,0.000000
Q1696,141.650000mm,-200.200000mm,Top,0.000000
Q1697,226.750000mm,-261.799999mm,Top,0.000000
Q1698,145.350000mm,-82.600000mm,Top,0.000000
Q1699,226.750000mm,-228.200000mm,Top,0.000000
Q1700,219.350000mm,-228.200000mm,Top,0.000000
Q1701,19.550000mm,-74.199999mm,Top,0.000000
Q1702,15.850000mm,-74.199999mm,Top,0.000000
Q1703,174.950000mm,-82.600000mm,Top,0.000000
Q1704,104.650000mm,-219.799999mm,Top,0.000000
Q1705,186.050000mm,-26.600000mm,Top,0.000000
Q1706,174.950000mm,-256.200000mm,Top,0.000000
Q1707,174.950000mm,-261.799999mm,Top,0.000000
Q1708,67.650000mm,-147.000000mm,Top,0.000000
Q1709,119.450000mm,-247.799999mm,Top,0.000000
Q1710,56.550000mm,-211.399999mm,Top,0.000000
Q1711,56.550000mm,-214.200000mm,Top,0.000000
Q1712,152.750000mm,-127.399999mm,Top,0.000000
Q1713,149.050000mm,-186.200000mm,Top,0.000000
Q1714,145.350000mm,-189.000000mm,Top,0.000000
Q1715,60.250000mm,-225.399999mm,Top,0.000000
Q1716,56.550000mm,-222.600000mm,Top,0.000000
Q1717,215.650000mm,-119.000000mm,Top,0.000000
Q1718,226.750000mm,-214.200000mm,Top,0.000000
Q1719,86.150000mm,-217.000000mm,Top,0.000000
Q1720,86.150000mm,-219.799999mm,Top,0.000000
Q1721,89.850000mm,-225.399999mm,Top,0.000000
Q1722,226.750000mm,-200.200000mm,Top,0.000000
Q1723,223.050000mm,-203.000000mm,Top,0.000000
Q1724,52.850000mm,-284.200000mm,Top,0.000000
Q1725,67.650000mm,-166.600000mm,Top,0.000000
Q1726,67.650000mm,-217.000000mm,Top,0.000000
Q1727,171.250000mm,-259.000000mm,Top,0.000000
Q1728,160.150000mm,-284.200000mm,Top,0.000000
Q1729,149.050000mm,-289.799999mm,Top,0.000000
Q1730,89.850000mm,-32.200000mm,Top,0.000000
Q1731,86.150000mm,-29.400000mm,Top,0.000000
Q1732,63.950000mm,-242.200000mm,Top,0.000000
Q1733,71.350000mm,-242.200000mm,Top,0.000000
Q1734,60.250000mm,-219.799999mm,Top,0.000000
Q1735,60.250000mm,-228.200000mm,Top,0.000000
Q1736,71.350000mm,-214.200000mm,Top,0.000000
Q1737,71.350000mm,-217.000000mm,Top,0.000000
Q1738,45.450000mm,-169.399999mm,Top,0.000000
Q1739,45.450000mm,-172.200000mm,Top,0.000000
Q1740,67.650000mm,-267.399999mm,Top,0.000000
Q1741,56.550000mm,-253.399999mm,Top,0.000000
Q1742,63.950000mm,-253.399999mm,Top,0.000000
Q1743,67.650000mm,-253.399999mm,Top,0.000000
Q1744,141.650000mm,-242.200000mm,Top,0.000000
Q1745,52.850000mm,-211.399999mm,Top,0.000000
Q1746,78.750000mm,-175.000000mm,Top,0.000000
Q1747,71.350000mm,-270.200000mm,Top,0.000000
Q1748,71.350000mm,-275.800000mm,Top,0.000000
Q1749,149.050000mm,-250.600000mm,Top,0.000000
Q1750,34.350000mm,-82.600000mm,Top,0.000000
Q1751,245.250000mm,-219.799999mm,Top,0.000000
Q1752,211.950000mm,-102.199999mm,Top,0.000000
Q1753,112.050000mm,-177.799999mm,Top,0.000000
Q1754,211.950000mm,-236.600000mm,Top,0.000000
Q1755,23.250000mm,-49.000000mm,Top,0.000000
Q1756,115.750000mm,-29.400000mm,Top,0.000000
Q1757,104.650000mm,-256.200000mm,Top,0.000000
Q1758,100.950000mm,-261.799999mm,Top,0.000000
Q1759,141.650000mm,-267.399999mm,Top,0.000000
Q1760,141.650000mm,-270.200000mm,Top,0.000000
Q1761,141.650000mm,-273.000000mm,Top,0.000000
Q1762,104.650000mm,-149.799999mm,Top,0.000000
Q1763,100.950000mm,-149.799999mm,Top,0.000000
Q1764,71.350000mm,-278.599999mm,Top,0.000000
Q1765,108.350000mm,-149.799999mm,Top,0.000000
Q1766,104.650000mm,-147.000000mm,Top,0.000000
Q1767,189.750000mm,-273.000000mm,Top,0.000000
Q1768,186.050000mm,-270.200000mm,Top,0.000000
Q1769,252.650000mm,-149.799999mm,Top,0.000000
Q1770,141.650000mm,-214.200000mm,Top,0.000000
Q1771,19.550000mm,-244.999999mm,Top,0.000000
Q1772,52.850000mm,-105.000000mm,Top,0.000000
Q1773,52.850000mm,-107.800000mm,Top,0.000000
Q1774,63.950000mm,-82.600000mm,Top,0.000000
Q1775,97.250000mm,-259.000000mm,Top,0.000000
Q1776,19.550000mm,-259.000000mm,Top,0.000000
Q1777,182.350000mm,-141.399999mm,Top,0.000000
Q1778,145.350000mm,-275.800000mm,Top,0.000000
Q1779,226.750000mm,-222.600000mm,Top,0.000000
Q1780,215.650000mm,-222.600000mm,Top,0.000000
Q1781,108.350000mm,-152.600000mm,Top,0.000000
Q1782,60.250000mm,-242.200000mm,Top,0.000000
Q1783,56.550000mm,-236.600000mm,Top,0.000000
Q1784,115.750000mm,-107.800000mm,Top,0.000000
Q1785,189.750000mm,-236.600000mm,Top,0.000000
Q1786,186.050000mm,-289.799999mm,Top,0.000000
Q1787,182.350000mm,-287.000000mm,Top,0.000000
Q1788,97.250000mm,-177.799999mm,Top,0.000000
Q1789,56.550000mm,-219.799999mm,Top,0.000000
Q1790,56.550000mm,-225.399999mm,Top,0.000000
Q1791,78.750000mm,-127.399999mm,Top,0.000000
Q1792,75.050000mm,-124.600000mm,Top,0.000000
Q1793,19.550000mm,-43.400000mm,Top,0.000000
Q1794,23.250000mm,-37.800000mm,Top,0.000000
Q1795,248.950000mm,-155.399999mm,Top,0.000000
Q1796,245.250000mm,-152.600000mm,Top,0.000000
Q1797,130.550000mm,-144.200000mm,Top,0.000000
Q1798,182.350000mm,-124.600000mm,Top,0.000000
Q1799,211.950000mm,-79.800000mm,Top,0.000000
Q1800,174.950000mm,-124.600000mm,Top,0.000000
Q1801,171.250000mm,-121.800000mm,Top,0.000000
Q1802,223.050000mm,-247.799999mm,Top,0.000000
Q1803,219.350000mm,-250.600000mm,Top,0.000000
Q1804,71.350000mm,-191.799999mm,Top,0.000000
Q1805,126.850000mm,-256.200000mm,Top,0.000000
Q1806,123.150000mm,-253.399999mm,Top,0.000000
Q1807,252.650000mm,-96.600000mm,Top,0.000000
Q1808,93.550000mm,-194.600000mm,Top,0.000000
Q1809,93.550000mm,-197.399999mm,Top,0.000000
Q1810,93.550000mm,-205.799999mm,Top,0.000000
Q1811,93.550000mm,-211.399999mm,Top,0.000000
Q1812,93.550000mm,-217.000000mm,Top,0.000000
Q1813,93.550000mm,-219.799999mm,Top,0.000000
Q1814,93.550000mm,-231.000000mm,Top,0.000000
Q1815,93.550000mm,-233.799999mm,Top,0.000000
Q1816,93.550000mm,-242.200000mm,Top,0.000000
Q1817,93.550000mm,-244.999999mm,Top,0.000000
Q1818,93.550000mm,-253.399999mm,Top,0.000000
Q1819,93.550000mm,-256.200000mm,Top,0.000000
Q1820,97.250000mm,-267.399999mm,Top,0.000000
Q1821,93.550000mm,-264.600000mm,Top,0.000000
Q1822,174.950000mm,-244.999999mm,Top,0.000000
Q1823,171.250000mm,-242.200000mm,Top,0.000000
Q1824,52.850000mm,-85.399999mm,Top,0.000000
Q1825,56.550000mm,-208.600000mm,Top,0.000000
Q1826,56.550000mm,-217.000000mm,Top,0.000000
Q1827,141.650000mm,-208.600000mm,Top,0.000000
Q1828,141.650000mm,-211.399999mm,Top,0.000000
Q1829,145.350000mm,-211.399999mm,Top,0.000000
Q1830,208.250000mm,-278.599999mm,Top,0.000000
Q1831,19.550000mm,-88.199999mm,Top,0.000000
Q1832,15.850000mm,-85.399999mm,Top,0.000000
Q1833,115.750000mm,-275.800000mm,Top,0.000000
Q1834,115.750000mm,-278.599999mm,Top,0.000000
Q1835,171.250000mm,-138.600000mm,Top,0.000000
Q1836,100.950000mm,-183.399999mm,Top,0.000000
Q1837,100.950000mm,-189.000000mm,Top,0.000000
Q1838,52.850000mm,-99.399999mm,Top,0.000000
Q1839,200.850000mm,-158.200000mm,Top,0.000000
Q1840,226.750000mm,-225.399999mm,Top,0.000000
Q1841,145.350000mm,-99.399999mm,Top,0.000000
Q1842,163.850000mm,-99.399999mm,Top,0.000000
Q1843,119.450000mm,-273.000000mm,Top,0.000000
Q1844,115.750000mm,-225.399999mm,Top,0.000000
Q1845,60.250000mm,-244.999999mm,Top,0.000000
Q1846,63.950000mm,-244.999999mm,Top,0.000000
Q1847,223.050000mm,-219.799999mm,Top,0.000000
Q1848,219.350000mm,-219.799999mm,Top,0.000000
Q1849,171.250000mm,-107.800000mm,Top,0.000000
Q1850,230.450000mm,-267.399999mm,Top,0.000000
Q1851,197.150000mm,-155.399999mm,Top,0.000000
Q1852,45.450000mm,-105.000000mm,Top,0.000000
Q1853,41.750000mm,-102.199999mm,Top,0.000000
Q1854,52.850000mm,-259.000000mm,Top,0.000000
Q1855,49.150000mm,-256.200000mm,Top,0.000000
Q1856,126.850000mm,-99.399999mm,Top,0.000000
Q1857,189.750000mm,-99.399999mm,Top,0.000000
Q1858,186.050000mm,-96.600000mm,Top,0.000000
Q1859,126.850000mm,-197.399999mm,Top,0.000000
Q1860,123.150000mm,-194.600000mm,Top,0.000000
Q1861,49.150000mm,-222.600000mm,Top,0.000000
Q1862,52.850000mm,-219.799999mm,Top,0.000000
Q1863,252.650000mm,-121.800000mm,Top,0.000000
Q1864,82.450000mm,-26.600000mm,Top,0.000000
Q1865,271.150000mm,-77.000000mm,Top,0.000000
Q1866,252.650000mm,-172.200000mm,Top,0.000000
Q1867,223.050000mm,-197.399999mm,Top,0.000000
Q1868,219.350000mm,-203.000000mm,Top,0.000000
Q1869,152.750000mm,-166.600000mm,Top,0.000000
Q1870,149.050000mm,-166.600000mm,Top,0.000000
Q1871,241.550000mm,-147.000000mm,Top,0.000000
Q1872,248.950000mm,-147.000000mm,Top,0.000000
Q1873,86.150000mm,-222.600000mm,Top,0.000000
Q1874,86.150000mm,-228.200000mm,Top,0.000000
Q1875,93.550000mm,-177.799999mm,Top,0.000000
Q1876,67.650000mm,-219.799999mm,Top,0.000000
Q1877,60.250000mm,-205.799999mm,Top,0.000000
Q1878,56.550000mm,-200.200000mm,Top,0.000000
Q1879,204.550000mm,-96.600000mm,Top,0.000000
Q1880,204.550000mm,-99.399999mm,Top,0.000000
Q1881,108.350000mm,-91.000000mm,Top,0.000000
Q1882,104.650000mm,-88.199999mm,Top,0.000000
Q1883,256.350000mm,-158.200000mm,Top,0.000000
Q1884,167.550000mm,-79.800000mm,Top,0.000000
Q1885,86.150000mm,-231.000000mm,Top,0.000000
Q1886,86.150000mm,-233.799999mm,Top,0.000000
Q1887,89.850000mm,-239.399999mm,Top,0.000000
Q1888,189.750000mm,-96.600000mm,Top,0.000000
Q1889,67.650000mm,-186.200000mm,Top,0.000000
Q1890,108.350000mm,-163.799999mm,Top,0.000000
Q1891,219.350000mm,-155.399999mm,Top,0.000000
Q1892,215.650000mm,-152.600000mm,Top,0.000000
Q1893,30.650000mm,-74.199999mm,Top,0.000000
Q1894,26.950000mm,-71.400000mm,Top,0.000000
Q1895,226.750000mm,-253.399999mm,Top,0.000000
Q1896,215.650000mm,-250.600000mm,Top,0.000000
Q1897,174.950000mm,-200.200000mm,Top,0.000000
Q1898,193.450000mm,-79.800000mm,Top,0.000000
Q1899,115.750000mm,-203.000000mm,Top,0.000000
Q1900,112.050000mm,-267.399999mm,Top,0.000000
Q1901,93.550000mm,-166.600000mm,Top,0.000000
Q1902,178.650000mm,-270.200000mm,Top,0.000000
Q1903,267.450000mm,-163.799999mm,Top,0.000000
Q1904,112.050000mm,-124.600000mm,Top,0.000000
Q1905,197.150000mm,-121.800000mm,Top,0.000000
Q1906,112.050000mm,-119.000000mm,Top,0.000000
Q1907,97.250000mm,-163.799999mm,Top,0.000000
Q1908,97.250000mm,-82.600000mm,Top,0.000000
Q1909,93.550000mm,-85.399999mm,Top,0.000000
Q1910,141.650000mm,-147.000000mm,Top,0.000000
Q1911,256.350000mm,-169.399999mm,Top,0.000000
Q1912,130.550000mm,-85.399999mm,Top,0.000000
Q1913,149.050000mm,-175.000000mm,Top,0.000000
Q1914,156.450000mm,-175.000000mm,Top,0.000000
Q1915,208.250000mm,-256.200000mm,Top,0.000000
Q1916,204.550000mm,-253.399999mm,Top,0.000000
Q1917,208.250000mm,-244.999999mm,Top,0.000000
Q1918,204.550000mm,-244.999999mm,Top,0.000000
Q1919,152.750000mm,-161.000000mm,Top,0.000000
Q1920,149.050000mm,-158.200000mm,Top,0.000000
Q1921,245.250000mm,-233.799999mm,Top,0.000000
Q1922,67.650000mm,-231.000000mm,Top,0.000000
Q1923,215.650000mm,-161.000000mm,Top,0.000000
Q1924,67.650000mm,-158.200000mm,Top,0.000000
Q1925,71.350000mm,-158.200000mm,Top,0.000000
Q1926,56.550000mm,-270.200000mm,Top,0.000000
Q1927,52.850000mm,-267.399999mm,Top,0.000000
Q1928,89.850000mm,-169.399999mm,Top,0.000000
Q1929,86.150000mm,-172.200000mm,Top,0.000000
Q1930,41.750000mm,-85.399999mm,Top,0.000000
Q1931,41.750000mm,-88.199999mm,Top,0.000000
Q1932,211.950000mm,-247.799999mm,Top,0.000000
Q1933,112.050000mm,-158.200000mm,Top,0.000000
Q1934,112.050000mm,-161.000000mm,Top,0.000000
Q1935,67.650000mm,-88.199999mm,Top,0.000000
Q1936,189.750000mm,-135.800000mm,Top,0.000000
Q1937,208.250000mm,-116.199999mm,Top,0.000000
Q1938,226.750000mm,-127.399999mm,Top,0.000000
Q1939,223.050000mm,-133.000000mm,Top,0.000000
Q1940,141.650000mm,-289.799999mm,Top,0.000000
Q1941,141.650000mm,-292.599999mm,Top,0.000000
Q1942,115.750000mm,-163.799999mm,Top,0.000000
Q1943,75.050000mm,-169.399999mm,Top,0.000000
Q1944,75.050000mm,-172.200000mm,Top,0.000000
Q1945,178.650000mm,-105.000000mm,Top,0.000000
Q1946,160.150000mm,-289.799999mm,Top,0.000000
Q1947,86.150000mm,-152.600000mm,Top,0.000000
Q1948,182.350000mm,-152.600000mm,Top,0.000000
Q1949,178.650000mm,-149.799999mm,Top,0.000000
Q1950,189.750000mm,-155.399999mm,Top,0.000000
Q1951,186.050000mm,-155.399999mm,Top,0.000000
Q1952,252.650000mm,-43.400000mm,Top,0.000000
Q1953,260.050000mm,-43.400000mm,Top,0.000000
Q1954,182.350000mm,-292.599999mm,Top,0.000000
Q1955,186.050000mm,-292.599999mm,Top,0.000000
Q1956,152.750000mm,-91.000000mm,Top,0.000000
Q1957,189.750000mm,-26.600000mm,Top,0.000000
Q1958,119.450000mm,-217.000000mm,Top,0.000000
Q1959,97.250000mm,-200.200000mm,Top,0.000000
Q1960,245.250000mm,-189.000000mm,Top,0.000000
Q1961,160.150000mm,-166.600000mm,Top,0.000000
Q1962,49.150000mm,-85.399999mm,Top,0.000000
Q1963,78.750000mm,-135.800000mm,Top,0.000000
Q1964,75.050000mm,-133.000000mm,Top,0.000000
Q1965,149.050000mm,-183.399999mm,Top,0.000000
Q1966,145.350000mm,-79.800000mm,Top,0.000000
Q1967,52.850000mm,-205.799999mm,Top,0.000000
Q1968,49.150000mm,-203.000000mm,Top,0.000000
Q1969,245.250000mm,-119.000000mm,Top,0.000000
Q1970,75.050000mm,-242.200000mm,Top,0.000000
Q1971,78.750000mm,-242.200000mm,Top,0.000000
Q1972,71.350000mm,-231.000000mm,Top,0.000000
Q1973,75.050000mm,-231.000000mm,Top,0.000000
Q1974,75.050000mm,-217.000000mm,Top,0.000000
Q1975,63.950000mm,-219.799999mm,Top,0.000000
Q1976,71.350000mm,-208.600000mm,Top,0.000000
Q1977,71.350000mm,-205.799999mm,Top,0.000000
Q1978,115.750000mm,-102.199999mm,Top,0.000000
Q1979,208.250000mm,-124.600000mm,Top,0.000000
Q1980,78.750000mm,-264.600000mm,Top,0.000000
Q1981,78.750000mm,-267.399999mm,Top,0.000000
Q1982,123.150000mm,-107.800000mm,Top,0.000000
Q1983,52.850000mm,-200.200000mm,Top,0.000000
Q1984,145.350000mm,-127.399999mm,Top,0.000000
Q1985,145.350000mm,-133.000000mm,Top,0.000000
Q1986,167.550000mm,-222.600000mm,Top,0.000000
Q1987,223.050000mm,-105.000000mm,Top,0.000000
Q1988,219.350000mm,-102.199999mm,Top,0.000000
Q1989,223.050000mm,-102.199999mm,Top,0.000000
Q1990,219.350000mm,-99.399999mm,Top,0.000000
Q1991,226.750000mm,-133.000000mm,Top,0.000000
Q1992,223.050000mm,-130.199999mm,Top,0.000000
Q1993,219.350000mm,-267.399999mm,Top,0.000000
Q1994,178.650000mm,-138.600000mm,Top,0.000000
Q1995,75.050000mm,-205.799999mm,Top,0.000000
Q1996,178.650000mm,-161.000000mm,Top,0.000000
Q1997,174.950000mm,-158.200000mm,Top,0.000000
Q1998,174.950000mm,-161.000000mm,Top,0.000000
Q1999,174.950000mm,-163.799999mm,Top,0.000000
Q2000,197.150000mm,-79.800000mm,Top,0.000000
Q2001,119.450000mm,-186.200000mm,Top,0.000000
Q2002,241.550000mm,-110.600000mm,Top,0.000000
Q2003,145.350000mm,-169.399999mm,Top,0.000000
Q2004,145.350000mm,-172.200000mm,Top,0.000000
Q2005,174.950000mm,-127.399999mm,Top,0.000000
Q2006,141.650000mm,-169.399999mm,Top,0.000000
Q2007,141.650000mm,-172.200000mm,Top,0.000000
Q2008,171.250000mm,-208.600000mm,Top,0.000000
Q2009,167.550000mm,-205.799999mm,Top,0.000000
Q2010,167.550000mm,-208.600000mm,Top,0.000000
Q2011,211.950000mm,-259.000000mm,Top,0.000000
Q2012,215.650000mm,-253.399999mm,Top,0.000000
Q2013,234.150000mm,-149.799999mm,Top,0.000000
Q2014,230.450000mm,-147.000000mm,Top,0.000000
Q2015,200.850000mm,-116.199999mm,Top,0.000000
Q2016,123.150000mm,-96.600000mm,Top,0.000000
Q2017,230.450000mm,-88.199999mm,Top,0.000000
Q2018,245.250000mm,-264.600000mm,Top,0.000000
Q2019,63.950000mm,-99.399999mm,Top,0.000000
Q2020,211.950000mm,-214.200000mm,Top,0.000000
Q2021,23.250000mm,-74.199999mm,Top,0.000000
Q2022,141.650000mm,-259.000000mm,Top,0.000000
Q2023,130.550000mm,-217.000000mm,Top,0.000000
Q2024,130.550000mm,-222.600000mm,Top,0.000000
Q2025,130.550000mm,-225.399999mm,Top,0.000000
Q2026,126.850000mm,-161.000000mm,Top,0.000000
Q2027,123.150000mm,-158.200000mm,Top,0.000000
Q2028,123.150000mm,-161.000000mm,Top,0.000000
Q2029,126.850000mm,-158.200000mm,Top,0.000000
Q2030,189.750000mm,-197.399999mm,Top,0.000000
Q2031,186.050000mm,-194.600000mm,Top,0.000000
Q2032,108.350000mm,-261.799999mm,Top,0.000000
Q2033,226.750000mm,-270.200000mm,Top,0.000000
Q2034,219.350000mm,-273.000000mm,Top,0.000000
Q2035,137.950000mm,-219.799999mm,Top,0.000000
Q2036,52.850000mm,-169.399999mm,Top,0.000000
Q2037,52.850000mm,-172.200000mm,Top,0.000000
Q2038,182.350000mm,-270.200000mm,Top,0.000000
Q2039,182.350000mm,-273.000000mm,Top,0.000000
Q2040,75.050000mm,-177.799999mm,Top,0.000000
Q2041,93.550000mm,-79.800000mm,Top,0.000000
Q2042,60.250000mm,-250.600000mm,Top,0.000000
Q2043,60.250000mm,-253.399999mm,Top,0.000000
Q2044,226.750000mm,-166.600000mm,Top,0.000000
Q2045,182.350000mm,-177.799999mm,Top,0.000000
Q2046,56.550000mm,-273.000000mm,Top,0.000000
Q2047,56.550000mm,-275.800000mm,Top,0.000000
Q2048,119.450000mm,-236.600000mm,Top,0.000000
Q2049,256.350000mm,-110.600000mm,Top,0.000000
Q2050,230.450000mm,-233.799999mm,Top,0.000000
Q2051,189.750000mm,-250.600000mm,Top,0.000000
Q2052,186.050000mm,-247.799999mm,Top,0.000000
Q2053,186.050000mm,-256.200000mm,Top,0.000000
Q2054,182.350000mm,-253.399999mm,Top,0.000000
Q2055,186.050000mm,-261.799999mm,Top,0.000000
Q2056,67.650000mm,-110.600000mm,Top,0.000000
Q2057,63.950000mm,-110.600000mm,Top,0.000000
Q2058,41.750000mm,-93.800000mm,Top,0.000000
Q2059,256.350000mm,-295.400000mm,Top,0.000000
Q2060,215.650000mm,-133.000000mm,Top,0.000000
Q2061,211.950000mm,-130.199999mm,Top,0.000000
Q2062,97.250000mm,-242.200000mm,Top,0.000000
Q2063,26.950000mm,-77.000000mm,Top,0.000000
Q2064,123.150000mm,-225.399999mm,Top,0.000000
Q2065,163.850000mm,-130.199999mm,Top,0.000000
Q2066,160.150000mm,-127.399999mm,Top,0.000000
Q2067,167.550000mm,-88.199999mm,Top,0.000000
Q2068,167.550000mm,-91.000000mm,Top,0.000000
Q2069,34.350000mm,-49.000000mm,Top,0.000000
Q2070,41.750000mm,-49.000000mm,Top,0.000000
Q2071,45.450000mm,-46.199999mm,Top,0.000000
Q2072,78.750000mm,-49.000000mm,Top,0.000000
Q2073,82.450000mm,-49.000000mm,Top,0.000000
Q2074,86.150000mm,-49.000000mm,Top,0.000000
Q2075,89.850000mm,-49.000000mm,Top,0.000000
Q2076,97.250000mm,-49.000000mm,Top,0.000000
Q2077,108.350000mm,-49.000000mm,Top,0.000000
Q2078,123.150000mm,-46.199999mm,Top,0.000000
Q2079,152.750000mm,-49.000000mm,Top,0.000000
Q2080,156.450000mm,-49.000000mm,Top,0.000000
Q2081,160.150000mm,-49.000000mm,Top,0.000000
Q2082,160.150000mm,-46.199999mm,Top,0.000000
Q2083,163.850000mm,-49.000000mm,Top,0.000000
Q2084,167.550000mm,-49.000000mm,Top,0.000000
Q2085,193.450000mm,-49.000000mm,Top,0.000000
Q2086,197.150000mm,-49.000000mm,Top,0.000000
Q2087,204.550000mm,-49.000000mm,Top,0.000000
Q2088,237.850000mm,-49.000000mm,Top,0.000000
Q2089,23.250000mm,-57.400000mm,Top,0.000000
Q2090,19.550000mm,-54.599999mm,Top,0.000000
Q2091,41.750000mm,-77.000000mm,Top,0.000000
Q2092,130.550000mm,-130.199999mm,Top,0.000000
Q2093,211.950000mm,-96.600000mm,Top,0.000000
Q2094,208.250000mm,-96.600000mm,Top,0.000000
Q2095,97.250000mm,-147.000000mm,Top,0.000000
Q2096,97.250000mm,-149.799999mm,Top,0.000000
Q2097,56.550000mm,-264.600000mm,Top,0.000000
Q2098,260.050000mm,-37.800000mm,Top,0.000000
Q2099,260.050000mm,-40.599999mm,Top,0.000000
Q2100,245.250000mm,-46.199999mm,Top,0.000000
Q2101,263.750000mm,-46.199999mm,Top,0.000000
Q2102,267.450000mm,-40.599999mm,Top,0.000000
Q2103,267.450000mm,-49.000000mm,Top,0.000000
Q2104,256.350000mm,-40.599999mm,Top,0.000000
Q2105,171.250000mm,-119.000000mm,Top,0.000000
Q2106,167.550000mm,-116.199999mm,Top,0.000000
Q2107,241.550000mm,-124.600000mm,Top,0.000000
Q2108,208.250000mm,-259.000000mm,Top,0.000000
Q2109,171.250000mm,-85.399999mm,Top,0.000000
Q2110,30.650000mm,-88.199999mm,Top,0.000000
Q2111,30.650000mm,-91.000000mm,Top,0.000000
Q2112,271.150000mm,-110.600000mm,Top,0.000000
Q2113,89.850000mm,-208.600000mm,Top,0.000000
Q2114,86.150000mm,-205.799999mm,Top,0.000000
Q2115,89.850000mm,-214.200000mm,Top,0.000000
Q2116,141.650000mm,-191.799999mm,Top,0.000000
Q2117,145.350000mm,-191.799999mm,Top,0.000000
Q2118,141.650000mm,-194.600000mm,Top,0.000000
Q2119,145.350000mm,-200.200000mm,Top,0.000000
Q2120,145.350000mm,-205.799999mm,Top,0.000000
Q2121,149.050000mm,-205.799999mm,Top,0.000000
Q2122,145.350000mm,-217.000000mm,Top,0.000000
Q2123,149.050000mm,-217.000000mm,Top,0.000000
Q2124,141.650000mm,-231.000000mm,Top,0.000000
Q2125,141.650000mm,-236.600000mm,Top,0.000000
Q2126,145.350000mm,-247.799999mm,Top,0.000000
Q2127,149.050000mm,-242.200000mm,Top,0.000000
Q2128,141.650000mm,-253.399999mm,Top,0.000000
Q2129,141.650000mm,-256.200000mm,Top,0.000000
Q2130,145.350000mm,-264.600000mm,Top,0.000000
Q2131,149.050000mm,-264.600000mm,Top,0.000000
Q2132,230.450000mm,-169.399999mm,Top,0.000000
Q2133,234.150000mm,-175.000000mm,Top,0.000000
Q2134,178.650000mm,-135.800000mm,Top,0.000000
Q2135,152.750000mm,-189.000000mm,Top,0.000000
Q2136,149.050000mm,-191.799999mm,Top,0.000000
Q2137,152.750000mm,-203.000000mm,Top,0.000000
Q2138,149.050000mm,-203.000000mm,Top,0.000000
Q2139,152.750000mm,-214.200000mm,Top,0.000000
Q2140,152.750000mm,-211.399999mm,Top,0.000000
Q2141,152.750000mm,-225.399999mm,Top,0.000000
Q2142,149.050000mm,-225.399999mm,Top,0.000000
Q2143,152.750000mm,-239.399999mm,Top,0.000000
Q2144,149.050000mm,-236.600000mm,Top,0.000000
Q2145,152.750000mm,-250.600000mm,Top,0.000000
Q2146,149.050000mm,-253.399999mm,Top,0.000000
Q2147,152.750000mm,-261.799999mm,Top,0.000000
Q2148,152.750000mm,-259.000000mm,Top,0.000000
Q2149,152.750000mm,-273.000000mm,Top,0.000000
Q2150,149.050000mm,-275.800000mm,Top,0.000000
Q2151,211.950000mm,-99.399999mm,Top,0.000000
Q2152,208.250000mm,-102.199999mm,Top,0.000000
Q2153,115.750000mm,-236.600000mm,Top,0.000000
Q2154,208.250000mm,-158.200000mm,Top,0.000000
Q2155,89.850000mm,-113.399999mm,Top,0.000000
Q2156,163.850000mm,-161.000000mm,Top,0.000000
Q2157,160.150000mm,-158.200000mm,Top,0.000000
Q2158,34.350000mm,-138.600000mm,Top,0.000000
Q2159,119.450000mm,-219.799999mm,Top,0.000000
Q2160,115.750000mm,-217.000000mm,Top,0.000000
Q2161,52.850000mm,-225.399999mm,Top,0.000000
Q2162,119.450000mm,-29.400000mm,Top,0.000000
Q2163,60.250000mm,-91.000000mm,Top,0.000000
Q2164,234.150000mm,-82.600000mm,Top,0.000000
Q2165,208.250000mm,-91.000000mm,Top,0.000000
Q2166,215.650000mm,-259.000000mm,Top,0.000000
Q2167,208.250000mm,-267.399999mm,Top,0.000000
Q2168,204.550000mm,-264.600000mm,Top,0.000000
Q2169,267.450000mm,-155.399999mm,Top,0.000000
Q2170,263.750000mm,-158.200000mm,Top,0.000000
Q2171,134.250000mm,-169.399999mm,Top,0.000000
Q2172,134.250000mm,-172.200000mm,Top,0.000000
Q2173,174.950000mm,-267.399999mm,Top,0.000000
Q2174,171.250000mm,-264.600000mm,Top,0.000000
Q2175,271.150000mm,-147.000000mm,Top,0.000000
Q2176,267.450000mm,-144.200000mm,Top,0.000000
Q2177,52.850000mm,-270.200000mm,Top,0.000000
Q2178,49.150000mm,-267.399999mm,Top,0.000000
Q2179,93.550000mm,-175.000000mm,Top,0.000000
Q2180,230.450000mm,-82.600000mm,Top,0.000000
Q2181,23.250000mm,-77.000000mm,Top,0.000000
Q2182,248.950000mm,-231.000000mm,Top,0.000000
Q2183,234.150000mm,-32.200000mm,Top,0.000000
Q2184,104.650000mm,-264.600000mm,Top,0.000000
Q2185,100.950000mm,-267.399999mm,Top,0.000000
Q2186,104.650000mm,-273.000000mm,Top,0.000000
Q2187,263.750000mm,-93.800000mm,Top,0.000000
Q2188,263.750000mm,-96.600000mm,Top,0.000000
Q2189,267.450000mm,-138.600000mm,Top,0.000000
Q2190,78.750000mm,-273.000000mm,Top,0.000000
Q2191,189.750000mm,-163.799999mm,Top,0.000000
Q2192,241.550000mm,-144.200000mm,Top,0.000000
Q2193,245.250000mm,-144.200000mm,Top,0.000000
Q2194,189.750000mm,-225.399999mm,Top,0.000000
Q2195,186.050000mm,-222.600000mm,Top,0.000000
Q2196,160.150000mm,-214.200000mm,Top,0.000000
Q2197,93.550000mm,-138.600000mm,Top,0.000000
Q2198,89.850000mm,-138.600000mm,Top,0.000000
Q2199,15.850000mm,-91.000000mm,Top,0.000000
Q2200,15.850000mm,-93.800000mm,Top,0.000000
Q2201,167.550000mm,-119.000000mm,Top,0.000000
Q2202,223.050000mm,-93.800000mm,Top,0.000000
Q2203,226.750000mm,-93.800000mm,Top,0.000000
Q2204,174.950000mm,-273.000000mm,Top,0.000000
Q2205,156.450000mm,-144.200000mm,Top,0.000000
Q2206,149.050000mm,-23.799999mm,Top,0.000000
Q2207,134.250000mm,-197.399999mm,Top,0.000000
Q2208,237.850000mm,-141.399999mm,Top,0.000000
Q2209,237.850000mm,-144.200000mm,Top,0.000000
Q2210,38.050000mm,-214.200000mm,Top,0.000000
Q2211,112.050000mm,-91.000000mm,Top,0.000000
Q2212,252.650000mm,-77.000000mm,Top,0.000000
Q2213,119.450000mm,-163.799999mm,Top,0.000000
Q2214,63.950000mm,-124.600000mm,Top,0.000000
Q2215,230.450000mm,-166.600000mm,Top,0.000000
Q2216,234.150000mm,-163.799999mm,Top,0.000000
Q2217,189.750000mm,-244.999999mm,Top,0.000000
Q2218,186.050000mm,-242.200000mm,Top,0.000000
Q2219,223.050000mm,-259.000000mm,Top,0.000000
Q2220,223.050000mm,-261.799999mm,Top,0.000000
Q2221,130.550000mm,-99.399999mm,Top,0.000000
Q2222,112.050000mm,-211.399999mm,Top,0.000000
Q2223,189.750000mm,-284.200000mm,Top,0.000000
Q2224,75.050000mm,-161.000000mm,Top,0.000000
Q2225,67.650000mm,-155.399999mm,Top,0.000000
Q2226,223.050000mm,-161.000000mm,Top,0.000000
Q2227,23.250000mm,-51.800000mm,Top,0.000000
Q2228,19.550000mm,-51.800000mm,Top,0.000000
Q2229,156.450000mm,-23.799999mm,Top,0.000000
Q2230,100.950000mm,-155.399999mm,Top,0.000000
Q2231,119.450000mm,-105.000000mm,Top,0.000000
Q2232,56.550000mm,-228.200000mm,Top,0.000000
Q2233,186.050000mm,-208.600000mm,Top,0.000000
Q2234,163.850000mm,-175.000000mm,Top,0.000000
Q2235,156.450000mm,-116.199999mm,Top,0.000000
Q2236,171.250000mm,-29.400000mm,Top,0.000000
Q2237,134.250000mm,-141.399999mm,Top,0.000000
Q2238,171.250000mm,-239.399999mm,Top,0.000000
Q2239,167.550000mm,-239.399999mm,Top,0.000000
Q2240,178.650000mm,-244.999999mm,Top,0.000000
Q2241,174.950000mm,-242.200000mm,Top,0.000000
Q2242,178.650000mm,-247.799999mm,Top,0.000000
Q2243,215.650000mm,-116.199999mm,Top,0.000000
Q2244,93.550000mm,-169.399999mm,Top,0.000000
Q2245,93.550000mm,-172.200000mm,Top,0.000000
Q2246,89.850000mm,-267.399999mm,Top,0.000000
Q2247,89.850000mm,-270.200000mm,Top,0.000000
Q2248,93.550000mm,-186.200000mm,Top,0.000000
Q2249,89.850000mm,-183.399999mm,Top,0.000000
Q2250,145.350000mm,-228.200000mm,Top,0.000000
Q2251,189.750000mm,-261.799999mm,Top,0.000000
Q2252,71.350000mm,-186.200000mm,Top,0.000000
Q2253,67.650000mm,-183.399999mm,Top,0.000000
Q2254,256.350000mm,-113.399999mm,Top,0.000000
Q2255,78.750000mm,-217.000000mm,Top,0.000000
Q2256,256.350000mm,-68.600000mm,Top,0.000000
Q2257,252.650000mm,-65.800000mm,Top,0.000000
Q2258,263.750000mm,-152.600000mm,Top,0.000000
Q2259,263.750000mm,-155.399999mm,Top,0.000000
Q2260,271.150000mm,-158.200000mm,Top,0.000000
Q2261,100.950000mm,-205.799999mm,Top,0.000000
Q2262,104.650000mm,-208.600000mm,Top,0.000000
Q2263,193.450000mm,-222.600000mm,Top,0.000000
Q2264,223.050000mm,-200.200000mm,Top,0.000000
Q2265,219.350000mm,-205.799999mm,Top,0.000000
Q2266,123.150000mm,-93.800000mm,Top,0.000000
Q2267,174.950000mm,-166.600000mm,Top,0.000000
Q2268,171.250000mm,-177.799999mm,Top,0.000000
Q2269,256.350000mm,-43.400000mm,Top,0.000000
Q2270,104.650000mm,-253.399999mm,Top,0.000000
Q2271,112.050000mm,-253.399999mm,Top,0.000000
Q2272,104.650000mm,-261.799999mm,Top,0.000000
Q2273,26.950000mm,-40.599999mm,Top,0.000000
Q2274,93.550000mm,-93.800000mm,Top,0.000000
Q2275,93.550000mm,-96.600000mm,Top,0.000000
Q2276,137.950000mm,-284.200000mm,Top,0.000000
Q2277,115.750000mm,-133.000000mm,Top,0.000000
Q2278,211.950000mm,-222.600000mm,Top,0.000000
Q2279,130.550000mm,-177.799999mm,Top,0.000000
Q2280,197.150000mm,-267.399999mm,Top,0.000000
Q2281,193.450000mm,-264.600000mm,Top,0.000000
Q2282,56.550000mm,-231.000000mm,Top,0.000000
Q2283,60.250000mm,-231.000000mm,Top,0.000000
Q2284,149.050000mm,-161.000000mm,Top,0.000000
Q2285,145.350000mm,-158.200000mm,Top,0.000000
Q2286,167.550000mm,-32.200000mm,Top,0.000000
Q2287,167.550000mm,-35.000000mm,Top,0.000000
Q2288,163.850000mm,-32.200000mm,Top,0.000000
Q2289,93.550000mm,-82.600000mm,Top,0.000000
Q2290,226.750000mm,-273.000000mm,Top,0.000000
Q2291,223.050000mm,-273.000000mm,Top,0.000000
Q2292,112.050000mm,-149.799999mm,Top,0.000000
Q2293,189.750000mm,-161.000000mm,Top,0.000000
Q2294,186.050000mm,-158.200000mm,Top,0.000000
Q2295,223.050000mm,-124.600000mm,Top,0.000000
Q2296,219.350000mm,-124.600000mm,Top,0.000000
Q2297,115.750000mm,-116.199999mm,Top,0.000000
Q2298,134.250000mm,-217.000000mm,Top,0.000000
Q2299,119.450000mm,-91.000000mm,Top,0.000000
Q2300,208.250000mm,-26.600000mm,Top,0.000000
Q2301,38.050000mm,-261.799999mm,Top,0.000000
Q2302,130.550000mm,-189.000000mm,Top,0.000000
Q2303,134.250000mm,-189.000000mm,Top,0.000000
Q2304,97.250000mm,-247.799999mm,Top,0.000000
Q2305,49.150000mm,-177.799999mm,Top,0.000000
Q2306,263.750000mm,-51.800000mm,Top,0.000000
Q2307,267.450000mm,-51.800000mm,Top,0.000000
Q2308,171.250000mm,-133.000000mm,Top,0.000000
Q2309,167.550000mm,-130.199999mm,Top,0.000000
Q2310,186.050000mm,-116.199999mm,Top,0.000000
Q2311,167.550000mm,-175.000000mm,Top,0.000000
Q2312,167.550000mm,-270.200000mm,Top,0.000000
Q2313,167.550000mm,-102.199999mm,Top,0.000000
Q2314,252.650000mm,-158.200000mm,Top,0.000000
Q2315,200.850000mm,-169.399999mm,Top,0.000000
Q2316,200.850000mm,-175.000000mm,Top,0.000000
Q2317,160.150000mm,-102.199999mm,Top,0.000000
Q2318,38.050000mm,-186.200000mm,Top,0.000000
Q2319,86.150000mm,-141.399999mm,Top,0.000000
Q2320,78.750000mm,-130.199999mm,Top,0.000000
Q2321,56.550000mm,-29.400000mm,Top,0.000000
Q2322,137.950000mm,-261.799999mm,Top,0.000000
Q2323,134.250000mm,-259.000000mm,Top,0.000000
Q2324,200.850000mm,-270.200000mm,Top,0.000000
Q2325,163.850000mm,-163.799999mm,Top,0.000000
Q2326,167.550000mm,-105.000000mm,Top,0.000000
Q2327,141.650000mm,-116.199999mm,Top,0.000000
Q2328,119.450000mm,-161.000000mm,Top,0.000000
Q2329,115.750000mm,-161.000000mm,Top,0.000000
Q2330,267.450000mm,-91.000000mm,Top,0.000000
Q2331,267.450000mm,-93.800000mm,Top,0.000000
Q2332,267.450000mm,-96.600000mm,Top,0.000000
Q2333,263.750000mm,-99.399999mm,Top,0.000000
Q2334,215.650000mm,-228.200000mm,Top,0.000000
Q2335,71.350000mm,-172.200000mm,Top,0.000000
Q2336,63.950000mm,-88.199999mm,Top,0.000000
Q2337,204.550000mm,-110.600000mm,Top,0.000000
Q2338,200.850000mm,-107.800000mm,Top,0.000000
Q2339,89.850000mm,-91.000000mm,Top,0.000000
Q2340,89.850000mm,-96.600000mm,Top,0.000000
Q2341,45.450000mm,-158.200000mm,Top,0.000000
Q2342,45.450000mm,-161.000000mm,Top,0.000000
Q2343,115.750000mm,-270.200000mm,Top,0.000000
Q2344,189.750000mm,-256.200000mm,Top,0.000000
Q2345,186.050000mm,-253.399999mm,Top,0.000000
Q2346,174.950000mm,-91.000000mm,Top,0.000000
Q2347,130.550000mm,-91.000000mm,Top,0.000000
Q2348,115.750000mm,-284.200000mm,Top,0.000000
Q2349,119.450000mm,-289.799999mm,Top,0.000000
Q2350,126.850000mm,-85.399999mm,Top,0.000000
Q2351,126.850000mm,-275.800000mm,Top,0.000000
Q2352,123.150000mm,-273.000000mm,Top,0.000000
Q2353,100.950000mm,-127.399999mm,Top,0.000000
Q2354,126.850000mm,-88.199999mm,Top,0.000000
Q2355,82.450000mm,-292.599999mm,Top,0.000000
Q2356,97.250000mm,-275.800000mm,Top,0.000000
Q2357,63.950000mm,-105.000000mm,Top,0.000000
Q2358,230.450000mm,-175.000000mm,Top,0.000000
Q2359,149.050000mm,-208.600000mm,Top,0.000000
Q2360,15.850000mm,-77.000000mm,Top,0.000000
Q2361,171.250000mm,-102.199999mm,Top,0.000000
Q2362,52.850000mm,-177.799999mm,Top,0.000000
Q2363,182.350000mm,-256.200000mm,Top,0.000000
Q2364,178.650000mm,-253.399999mm,Top,0.000000
Q2365,182.350000mm,-259.000000mm,Top,0.000000
Q2366,248.950000mm,-141.399999mm,Top,0.000000
Q2367,245.250000mm,-138.600000mm,Top,0.000000
Q2368,52.850000mm,-289.799999mm,Top,0.000000
Q2369,49.150000mm,-292.599999mm,Top,0.000000
Q2370,263.750000mm,-147.000000mm,Top,0.000000
Q2371,260.050000mm,-144.200000mm,Top,0.000000
Q2372,15.850000mm,-105.000000mm,Top,0.000000
Q2373,49.150000mm,-141.399999mm,Top,0.000000
Q2374,49.150000mm,-144.200000mm,Top,0.000000
Q2375,211.950000mm,-133.000000mm,Top,0.000000
Q2376,19.550000mm,-91.000000mm,Top,0.000000
Q2377,89.850000mm,-105.000000mm,Top,0.000000
Q2378,89.850000mm,-107.800000mm,Top,0.000000
Q2379,156.450000mm,-147.000000mm,Top,0.000000
Q2380,226.750000mm,-144.200000mm,Top,0.000000
Q2381,226.750000mm,-147.000000mm,Top,0.000000
Q2382,149.050000mm,-239.399999mm,Top,0.000000
Q2383,193.450000mm,-85.399999mm,Top,0.000000
Q2384,193.450000mm,-88.199999mm,Top,0.000000
Q2385,186.050000mm,-163.799999mm,Top,0.000000
Q2386,56.550000mm,-242.200000mm,Top,0.000000
Q2387,49.150000mm,-197.399999mm,Top,0.000000
Q2388,45.450000mm,-194.600000mm,Top,0.000000
Q2389,152.750000mm,-284.200000mm,Top,0.000000
Q2390,152.750000mm,-287.000000mm,Top,0.000000
Q2391,145.350000mm,-287.000000mm,Top,0.000000
Q2392,126.850000mm,-186.200000mm,Top,0.000000
Q2393,123.150000mm,-183.399999mm,Top,0.000000
Q2394,112.050000mm,-191.799999mm,Top,0.000000
Q2395,100.950000mm,-194.600000mm,Top,0.000000
Q2396,100.950000mm,-197.399999mm,Top,0.000000
Q2397,63.950000mm,-93.800000mm,Top,0.000000
Q2398,112.050000mm,-275.800000mm,Top,0.000000
Q2399,182.350000mm,-135.800000mm,Top,0.000000
Q2400,23.250000mm,-289.799999mm,Top,0.000000
Q2401,149.050000mm,-219.799999mm,Top,0.000000
Q2402,137.950000mm,-214.200000mm,Top,0.000000
Q2403,141.650000mm,-225.399999mm,Top,0.000000
Q2404,60.250000mm,-194.600000mm,Top,0.000000
Q2405,215.650000mm,-244.999999mm,Top,0.000000
Q2406,211.950000mm,-244.999999mm,Top,0.000000
Q2407,63.950000mm,-152.600000mm,Top,0.000000
Q2408,208.250000mm,-79.800000mm,Top,0.000000
Q2409,252.650000mm,-107.800000mm,Top,0.000000
Q2410,63.950000mm,-194.600000mm,Top,0.000000
Q2411,137.950000mm,-163.799999mm,Top,0.000000
Q2412,115.750000mm,-261.799999mm,Top,0.000000
Q2413,189.750000mm,-133.000000mm,Top,0.000000
Q2414,186.050000mm,-130.199999mm,Top,0.000000
Q2415,108.350000mm,-105.000000mm,Top,0.000000
Q2416,163.850000mm,-29.400000mm,Top,0.000000
Q2417,174.950000mm,-144.200000mm,Top,0.000000
Q2418,171.250000mm,-141.399999mm,Top,0.000000
Q2419,49.150000mm,-281.400000mm,Top,0.000000
Q2420,215.650000mm,-23.799999mm,Top,0.000000
Q2421,126.850000mm,-91.000000mm,Top,0.000000
Q2422,38.050000mm,-82.600000mm,Top,0.000000
Q2423,67.650000mm,-194.600000mm,Top,0.000000
Q2424,71.350000mm,-194.600000mm,Top,0.000000
Q2425,97.250000mm,-261.799999mm,Top,0.000000
Q2426,93.550000mm,-261.799999mm,Top,0.000000
Q2427,248.950000mm,-172.200000mm,Top,0.000000
Q2428,211.950000mm,-163.799999mm,Top,0.000000
Q2429,211.950000mm,-166.600000mm,Top,0.000000
Q2430,271.150000mm,-124.600000mm,Top,0.000000
Q2431,208.250000mm,-163.799999mm,Top,0.000000
Q2432,204.550000mm,-161.000000mm,Top,0.000000
Q2433,204.550000mm,-163.799999mm,Top,0.000000
Q2434,200.850000mm,-161.000000mm,Top,0.000000
Q2435,215.650000mm,-138.600000mm,Top,0.000000
Q2436,211.950000mm,-144.200000mm,Top,0.000000
Q2437,215.650000mm,-141.399999mm,Top,0.000000
Q2438,215.650000mm,-242.200000mm,Top,0.000000
Q2439,215.650000mm,-247.799999mm,Top,0.000000
Q2440,174.950000mm,-197.399999mm,Top,0.000000
Q2441,171.250000mm,-205.799999mm,Top,0.000000
Q2442,174.950000mm,-205.799999mm,Top,0.000000
Q2443,174.950000mm,-211.399999mm,Top,0.000000
Q2444,223.050000mm,-270.200000mm,Top,0.000000
Q2445,160.150000mm,-161.000000mm,Top,0.000000
Q2446,156.450000mm,-158.200000mm,Top,0.000000
Q2447,215.650000mm,-189.000000mm,Top,0.000000
Q2448,134.250000mm,-152.600000mm,Top,0.000000
Q2449,230.450000mm,-149.799999mm,Top,0.000000
Q2450,104.650000mm,-177.799999mm,Top,0.000000
Q2451,174.950000mm,-147.000000mm,Top,0.000000
Q2452,178.650000mm,-152.600000mm,Top,0.000000
Q2453,60.250000mm,-189.000000mm,Top,0.000000
Q2454,75.050000mm,-194.600000mm,Top,0.000000
Q2455,223.050000mm,-267.399999mm,Top,0.000000
Q2456,219.350000mm,-270.200000mm,Top,0.000000
Q2457,200.850000mm,-250.600000mm,Top,0.000000
Q2458,200.850000mm,-256.200000mm,Top,0.000000
Q2459,178.650000mm,-119.000000mm,Top,0.000000
Q2460,41.750000mm,-32.200000mm,Top,0.000000
Q2461,82.450000mm,-169.399999mm,Top,0.000000
Q2462,86.150000mm,-175.000000mm,Top,0.000000
Q2463,267.450000mm,-149.799999mm,Top,0.000000
Q2464,149.050000mm,-194.600000mm,Top,0.000000
Q2465,137.950000mm,-191.799999mm,Top,0.000000
Q2466,141.650000mm,-203.000000mm,Top,0.000000
Q2467,26.950000mm,-113.399999mm,Top,0.000000
Q2468,152.750000mm,-116.199999mm,Top,0.000000
Q2469,149.050000mm,-121.800000mm,Top,0.000000
Q2470,71.350000mm,-46.199999mm,Top,0.000000
Q2471,93.550000mm,-46.199999mm,Top,0.000000
Q2472,89.850000mm,-43.400000mm,Top,0.000000
Q2473,93.550000mm,-43.400000mm,Top,0.000000
Q2474,100.950000mm,-43.400000mm,Top,0.000000
Q2475,145.350000mm,-46.199999mm,Top,0.000000
Q2476,167.550000mm,-46.199999mm,Top,0.000000
Q2477,182.350000mm,-43.400000mm,Top,0.000000
Q2478,193.450000mm,-46.199999mm,Top,0.000000
Q2479,197.150000mm,-46.199999mm,Top,0.000000
Q2480,223.050000mm,-46.199999mm,Top,0.000000
Q2481,241.550000mm,-46.199999mm,Top,0.000000
Q2482,186.050000mm,-29.400000mm,Top,0.000000
Q2483,160.150000mm,-163.799999mm,Top,0.000000
Q2484,63.950000mm,-166.600000mm,Top,0.000000
Q2485,271.150000mm,-166.600000mm,Top,0.000000
Q2486,112.050000mm,-194.600000mm,Top,0.000000
Q2487,223.050000mm,-144.200000mm,Top,0.000000
Q2488,97.250000mm,-225.399999mm,Top,0.000000
Q2489,174.950000mm,-247.799999mm,Top,0.000000
Q2490,171.250000mm,-253.399999mm,Top,0.000000
Q2491,171.250000mm,-256.200000mm,Top,0.000000
Q2492,171.250000mm,-261.799999mm,Top,0.000000
Q2493,63.950000mm,-208.600000mm,Top,0.000000
Q2494,156.450000mm,-275.800000mm,Top,0.000000
Q2495,152.750000mm,-275.800000mm,Top,0.000000
Q2496,156.450000mm,-264.600000mm,Top,0.000000
Q2497,152.750000mm,-264.600000mm,Top,0.000000
Q2498,56.550000mm,-186.200000mm,Top,0.000000
Q2499,56.550000mm,-191.799999mm,Top,0.000000
Q2500,156.450000mm,-191.799999mm,Top,0.000000
Q2501,152.750000mm,-191.799999mm,Top,0.000000
Q2502,34.350000mm,-175.000000mm,Top,0.000000
Q2503,30.650000mm,-172.200000mm,Top,0.000000
Q2504,26.950000mm,-68.600000mm,Top,0.000000
Q2505,156.450000mm,-239.399999mm,Top,0.000000
Q2506,152.750000mm,-236.600000mm,Top,0.000000
Q2507,156.450000mm,-228.200000mm,Top,0.000000
Q2508,152.750000mm,-228.200000mm,Top,0.000000
Q2509,156.450000mm,-217.000000mm,Top,0.000000
Q2510,152.750000mm,-217.000000mm,Top,0.000000
Q2511,134.250000mm,-244.999999mm,Top,0.000000
Q2512,130.550000mm,-242.200000mm,Top,0.000000
Q2513,130.550000mm,-247.799999mm,Top,0.000000
Q2514,119.450000mm,-225.399999mm,Top,0.000000
Q2515,252.650000mm,-166.600000mm,Top,0.000000
Q2516,56.550000mm,-261.799999mm,Top,0.000000
Q2517,226.750000mm,-191.799999mm,Top,0.000000
Q2518,215.650000mm,-191.799999mm,Top,0.000000
Q2519,230.450000mm,-158.200000mm,Top,0.000000
Q2520,256.350000mm,-29.400000mm,Top,0.000000
Q2521,126.850000mm,-177.799999mm,Top,0.000000
Q2522,108.350000mm,-242.200000mm,Top,0.000000
Q2523,100.950000mm,-250.600000mm,Top,0.000000
Q2524,104.650000mm,-250.600000mm,Top,0.000000
Q2525,93.550000mm,-183.399999mm,Top,0.000000
Q2526,93.550000mm,-189.000000mm,Top,0.000000
Q2527,93.550000mm,-200.200000mm,Top,0.000000
Q2528,97.250000mm,-194.600000mm,Top,0.000000
Q2529,93.550000mm,-214.200000mm,Top,0.000000
Q2530,100.950000mm,-214.200000mm,Top,0.000000
Q2531,93.550000mm,-225.399999mm,Top,0.000000
Q2532,89.850000mm,-217.000000mm,Top,0.000000
Q2533,93.550000mm,-236.600000mm,Top,0.000000
Q2534,100.950000mm,-231.000000mm,Top,0.000000
Q2535,93.550000mm,-247.799999mm,Top,0.000000
Q2536,93.550000mm,-250.600000mm,Top,0.000000
Q2537,89.850000mm,-253.399999mm,Top,0.000000
Q2538,89.850000mm,-259.000000mm,Top,0.000000
Q2539,93.550000mm,-267.399999mm,Top,0.000000
Q2540,93.550000mm,-273.000000mm,Top,0.000000
Q2541,137.950000mm,-275.800000mm,Top,0.000000
Q2542,134.250000mm,-275.800000mm,Top,0.000000
Q2543,163.850000mm,-197.399999mm,Top,0.000000
Q2544,38.050000mm,-275.800000mm,Top,0.000000
Q2545,119.450000mm,-169.399999mm,Top,0.000000
Q2546,119.450000mm,-172.200000mm,Top,0.000000
Q2547,145.350000mm,-203.000000mm,Top,0.000000
Q2548,197.150000mm,-281.400000mm,Top,0.000000
Q2549,193.450000mm,-278.599999mm,Top,0.000000
Q2550,204.550000mm,-152.600000mm,Top,0.000000
Q2551,104.650000mm,-233.799999mm,Top,0.000000
Q2552,97.250000mm,-253.399999mm,Top,0.000000
Q2553,223.050000mm,-141.399999mm,Top,0.000000
Q2554,152.750000mm,-186.200000mm,Top,0.000000
Q2555,156.450000mm,-186.200000mm,Top,0.000000
Q2556,152.750000mm,-200.200000mm,Top,0.000000
Q2557,152.750000mm,-197.399999mm,Top,0.000000
Q2558,152.750000mm,-208.600000mm,Top,0.000000
Q2559,156.450000mm,-208.600000mm,Top,0.000000
Q2560,152.750000mm,-222.600000mm,Top,0.000000
Q2561,152.750000mm,-219.799999mm,Top,0.000000
Q2562,152.750000mm,-233.799999mm,Top,0.000000
Q2563,156.450000mm,-233.799999mm,Top,0.000000
Q2564,152.750000mm,-247.799999mm,Top,0.000000
Q2565,152.750000mm,-244.999999mm,Top,0.000000
Q2566,152.750000mm,-256.200000mm,Top,0.000000
Q2567,156.450000mm,-256.200000mm,Top,0.000000
Q2568,152.750000mm,-270.200000mm,Top,0.000000
Q2569,156.450000mm,-270.200000mm,Top,0.000000
Q2570,245.250000mm,-110.600000mm,Top,0.000000
Q2571,186.050000mm,-200.200000mm,Top,0.000000
Q2572,189.750000mm,-200.200000mm,Top,0.000000
Q2573,186.050000mm,-203.000000mm,Top,0.000000
Q2574,93.550000mm,-155.399999mm,Top,0.000000
Q2575,234.150000mm,-91.000000mm,Top,0.000000
Q2576,234.150000mm,-88.199999mm,Top,0.000000
Q2577,75.050000mm,-183.399999mm,Top,0.000000
Q2578,226.750000mm,-163.799999mm,Top,0.000000
Q2579,97.250000mm,-284.200000mm,Top,0.000000
Q2580,97.250000mm,-287.000000mm,Top,0.000000
Q2581,93.550000mm,-289.799999mm,Top,0.000000
Q2582,237.850000mm,-82.600000mm,Top,0.000000
Q2583,152.750000mm,-205.799999mm,Top,0.000000
Q2584,160.150000mm,-203.000000mm,Top,0.000000
Q2585,82.450000mm,-217.000000mm,Top,0.000000
Q2586,49.150000mm,-163.799999mm,Top,0.000000
Q2587,52.850000mm,-275.800000mm,Top,0.000000
Q2588,52.850000mm,-278.599999mm,Top,0.000000
Q2589,189.750000mm,-186.200000mm,Top,0.000000
Q2590,186.050000mm,-183.399999mm,Top,0.000000
Q2591,189.750000mm,-183.399999mm,Top,0.000000
Q2592,56.550000mm,-239.399999mm,Top,0.000000
Q2593,52.850000mm,-233.799999mm,Top,0.000000
Q2594,97.250000mm,-29.400000mm,Top,0.000000
Q2595,52.850000mm,-264.600000mm,Top,0.000000
Q2596,49.150000mm,-253.399999mm,Top,0.000000
Q2597,56.550000mm,-247.799999mm,Top,0.000000
Q2598,56.550000mm,-250.600000mm,Top,0.000000
Q2599,171.250000mm,-247.799999mm,Top,0.000000
Q2600,156.450000mm,-82.600000mm,Top,0.000000
Q2601,34.350000mm,-105.000000mm,Top,0.000000
Q2602,167.550000mm,-99.399999mm,Top,0.000000
Q2603,52.850000mm,-231.000000mm,Top,0.000000
Q2604,52.850000mm,-236.600000mm,Top,0.000000
Q2605,49.150000mm,-93.800000mm,Top,0.000000
Q2606,211.950000mm,-250.600000mm,Top,0.000000
Q2607,78.750000mm,-133.000000mm,Top,0.000000
Q2608,204.550000mm,-102.199999mm,Top,0.000000
Q2609,211.950000mm,-105.000000mm,Top,0.000000
Q2610,178.650000mm,-88.199999mm,Top,0.000000
Q2611,178.650000mm,-91.000000mm,Top,0.000000
Q2612,171.250000mm,-79.800000mm,Top,0.000000
Q2613,193.450000mm,-239.399999mm,Top,0.000000
Q2614,256.350000mm,-57.400000mm,Top,0.000000
Q2615,252.650000mm,-54.599999mm,Top,0.000000
Q2616,149.050000mm,-169.399999mm,Top,0.000000
Q2617,149.050000mm,-172.200000mm,Top,0.000000
Q2618,63.950000mm,-161.000000mm,Top,0.000000
Q2619,60.250000mm,-158.200000mm,Top,0.000000
Q2620,38.050000mm,-71.400000mm,Top,0.000000
Q2621,49.150000mm,-71.400000mm,Top,0.000000
Q2622,45.450000mm,-71.400000mm,Top,0.000000
Q2623,56.550000mm,-71.400000mm,Top,0.000000
Q2624,52.850000mm,-71.400000mm,Top,0.000000
Q2625,71.350000mm,-71.400000mm,Top,0.000000
Q2626,75.050000mm,-71.400000mm,Top,0.000000
Q2627,71.350000mm,-68.600000mm,Top,0.000000
Q2628,78.750000mm,-71.400000mm,Top,0.000000
Q2629,82.450000mm,-71.400000mm,Top,0.000000
Q2630,89.850000mm,-68.600000mm,Top,0.000000
Q2631,104.650000mm,-71.400000mm,Top,0.000000
Q2632,104.650000mm,-68.600000mm,Top,0.000000
Q2633,112.050000mm,-71.400000mm,Top,0.000000
Q2634,108.350000mm,-68.600000mm,Top,0.000000
Q2635,112.050000mm,-68.600000mm,Top,0.000000
Q2636,112.050000mm,-74.199999mm,Top,0.000000
Q2637,119.450000mm,-71.400000mm,Top,0.000000
Q2638,123.150000mm,-68.600000mm,Top,0.000000
Q2639,130.550000mm,-68.600000mm,Top,0.000000
Q2640,149.050000mm,-68.600000mm,Top,0.000000
Q2641,149.050000mm,-71.400000mm,Top,0.000000
Q2642,149.050000mm,-74.199999mm,Top,0.000000
Q2643,167.550000mm,-71.400000mm,Top,0.000000
Q2644,174.950000mm,-71.400000mm,Top,0.000000
Q2645,186.050000mm,-68.600000mm,Top,0.000000
Q2646,197.150000mm,-71.400000mm,Top,0.000000
Q2647,197.150000mm,-74.199999mm,Top,0.000000
Q2648,204.550000mm,-71.400000mm,Top,0.000000
Q2649,208.250000mm,-71.400000mm,Top,0.000000
Q2650,208.250000mm,-68.600000mm,Top,0.000000
Q2651,215.650000mm,-74.199999mm,Top,0.000000
Q2652,219.350000mm,-74.199999mm,Top,0.000000
Q2653,223.050000mm,-68.600000mm,Top,0.000000
Q2654,223.050000mm,-74.199999mm,Top,0.000000
Q2655,230.450000mm,-71.400000mm,Top,0.000000
Q2656,230.450000mm,-68.600000mm,Top,0.000000
Q2657,104.650000mm,-214.200000mm,Top,0.000000
Q2658,193.450000mm,-250.600000mm,Top,0.000000
Q2659,189.750000mm,-247.799999mm,Top,0.000000
Q2660,97.250000mm,-180.600000mm,Top,0.000000
Q2661,97.250000mm,-191.799999mm,Top,0.000000
Q2662,89.850000mm,-79.800000mm,Top,0.000000
Q2663,134.250000mm,-161.000000mm,Top,0.000000
Q2664,134.250000mm,-163.799999mm,Top,0.000000
Q2665,197.150000mm,-169.399999mm,Top,0.000000
Q2666,197.150000mm,-172.200000mm,Top,0.000000
Q2667,49.150000mm,-217.000000mm,Top,0.000000
Q2668,52.850000mm,-217.000000mm,Top,0.000000
Q2669,248.950000mm,-43.400000mm,Top,0.000000
Q2670,171.250000mm,-183.399999mm,Top,0.000000
Q2671,171.250000mm,-186.200000mm,Top,0.000000
Q2672,171.250000mm,-189.000000mm,Top,0.000000
Q2673,137.950000mm,-236.600000mm,Top,0.000000
Q2674,137.950000mm,-85.399999mm,Top,0.000000
Q2675,141.650000mm,-79.800000mm,Top,0.000000
Q2676,182.350000mm,-79.800000mm,Top,0.000000
Q2677,189.750000mm,-239.399999mm,Top,0.000000
Q2678,193.450000mm,-236.600000mm,Top,0.000000
Q2679,104.650000mm,-102.199999mm,Top,0.000000
Q2680,204.550000mm,-228.200000mm,Top,0.000000
Q2681,56.550000mm,-166.600000mm,Top,0.000000
Q2682,52.850000mm,-166.600000mm,Top,0.000000
Q2683,78.750000mm,-194.600000mm,Top,0.000000
Q2684,126.850000mm,-208.600000mm,Top,0.000000
Q2685,123.150000mm,-205.799999mm,Top,0.000000
Q2686,115.750000mm,-79.800000mm,Top,0.000000
Q2687,145.350000mm,-236.600000mm,Top,0.000000
Q2688,134.250000mm,-264.600000mm,Top,0.000000
Q2689,134.250000mm,-278.599999mm,Top,0.000000
Q2690,208.250000mm,-113.399999mm,Top,0.000000
Q2691,56.550000mm,-183.399999mm,Top,0.000000
Q2692,97.250000mm,-79.800000mm,Top,0.000000
Q2693,93.550000mm,-161.000000mm,Top,0.000000
Q2694,89.850000mm,-158.200000mm,Top,0.000000
Q2695,137.950000mm,-250.600000mm,Top,0.000000
Q2696,137.950000mm,-253.399999mm,Top,0.000000
Q2697,145.350000mm,-261.799999mm,Top,0.000000
Q2698,189.750000mm,-219.799999mm,Top,0.000000
Q2699,186.050000mm,-217.000000mm,Top,0.000000
Q2700,163.850000mm,-79.800000mm,Top,0.000000
Q2701,248.950000mm,-301.000000mm,Top,0.000000
Q2702,219.350000mm,-292.599999mm,Top,0.000000
Q2703,152.750000mm,-194.600000mm,Top,0.000000
Q2704,156.450000mm,-189.000000mm,Top,0.000000
Q2705,156.450000mm,-200.200000mm,Top,0.000000
Q2706,156.450000mm,-211.399999mm,Top,0.000000
Q2707,156.450000mm,-214.200000mm,Top,0.000000
Q2708,156.450000mm,-219.799999mm,Top,0.000000
Q2709,149.050000mm,-228.200000mm,Top,0.000000
Q2710,149.050000mm,-231.000000mm,Top,0.000000
Q2711,152.750000mm,-242.200000mm,Top,0.000000
Q2712,156.450000mm,-236.600000mm,Top,0.000000
Q2713,152.750000mm,-253.399999mm,Top,0.000000
Q2714,156.450000mm,-250.600000mm,Top,0.000000
Q2715,149.050000mm,-267.399999mm,Top,0.000000
Q2716,152.750000mm,-267.399999mm,Top,0.000000
Q2717,149.050000mm,-278.599999mm,Top,0.000000
Q2718,152.750000mm,-278.599999mm,Top,0.000000
Q2719,82.450000mm,-194.600000mm,Top,0.000000
Q2720,82.450000mm,-197.399999mm,Top,0.000000
Q2721,49.150000mm,-208.600000mm,Top,0.000000
Q2722,45.450000mm,-203.000000mm,Top,0.000000
Q2723,167.550000mm,-186.200000mm,Top,0.000000
Q2724,186.050000mm,-175.000000mm,Top,0.000000
Q2725,30.650000mm,-65.800000mm,Top,0.000000
Q2726,34.350000mm,-65.800000mm,Top,0.000000
Q2727,38.050000mm,-65.800000mm,Top,0.000000
Q2728,45.450000mm,-65.800000mm,Top,0.000000
Q2729,45.450000mm,-63.000000mm,Top,0.000000
Q2730,52.850000mm,-65.800000mm,Top,0.000000
Q2731,52.850000mm,-63.000000mm,Top,0.000000
Q2732,60.250000mm,-63.000000mm,Top,0.000000
Q2733,60.250000mm,-65.800000mm,Top,0.000000
Q2734,63.950000mm,-63.000000mm,Top,0.000000
Q2735,71.350000mm,-65.800000mm,Top,0.000000
Q2736,75.050000mm,-65.800000mm,Top,0.000000
Q2737,82.450000mm,-65.800000mm,Top,0.000000
Q2738,78.750000mm,-63.000000mm,Top,0.000000
Q2739,100.950000mm,-65.800000mm,Top,0.000000
Q2740,97.250000mm,-63.000000mm,Top,0.000000
Q2741,119.450000mm,-65.800000mm,Top,0.000000
Q2742,126.850000mm,-65.800000mm,Top,0.000000
Q2743,130.550000mm,-65.800000mm,Top,0.000000
Q2744,126.850000mm,-63.000000mm,Top,0.000000
Q2745,134.250000mm,-65.800000mm,Top,0.000000
Q2746,134.250000mm,-63.000000mm,Top,0.000000
Q2747,134.250000mm,-68.600000mm,Top,0.000000
Q2748,141.650000mm,-65.800000mm,Top,0.000000
Q2749,145.350000mm,-65.800000mm,Top,0.000000
Q2750,152.750000mm,-65.800000mm,Top,0.000000
Q2751,149.050000mm,-63.000000mm,Top,0.000000
Q2752,167.550000mm,-65.800000mm,Top,0.000000
Q2753,174.950000mm,-65.800000mm,Top,0.000000
Q2754,178.650000mm,-65.800000mm,Top,0.000000
Q2755,182.350000mm,-65.800000mm,Top,0.000000
Q2756,189.750000mm,-65.800000mm,Top,0.000000
Q2757,186.050000mm,-63.000000mm,Top,0.000000
Q2758,193.450000mm,-65.800000mm,Top,0.000000
Q2759,197.150000mm,-65.800000mm,Top,0.000000
Q2760,193.450000mm,-63.000000mm,Top,0.000000
Q2761,204.550000mm,-65.800000mm,Top,0.000000
Q2762,208.250000mm,-65.800000mm,Top,0.000000
Q2763,211.950000mm,-65.800000mm,Top,0.000000
Q2764,219.350000mm,-63.000000mm,Top,0.000000
Q2765,223.050000mm,-65.800000mm,Top,0.000000
Q2766,245.250000mm,-65.800000mm,Top,0.000000
Q2767,241.550000mm,-63.000000mm,Top,0.000000
Q2768,226.750000mm,-65.800000mm,Top,0.000000
Q2769,241.550000mm,-65.800000mm,Top,0.000000
Q2770,223.050000mm,-63.000000mm,Top,0.000000
Q2771,237.850000mm,-65.800000mm,Top,0.000000
Q2772,230.450000mm,-65.800000mm,Top,0.000000
Q2773,234.150000mm,-63.000000mm,Top,0.000000
Q2774,108.350000mm,-177.799999mm,Top,0.000000
Q2775,234.150000mm,-152.600000mm,Top,0.000000
Q2776,230.450000mm,-155.399999mm,Top,0.000000
Q2777,178.650000mm,-166.600000mm,Top,0.000000
Q2778,145.350000mm,-105.000000mm,Top,0.000000
Q2779,86.150000mm,-244.999999mm,Top,0.000000
Q2780,86.150000mm,-247.799999mm,Top,0.000000
Q2781,186.050000mm,-85.399999mm,Top,0.000000
Q2782,178.650000mm,-177.799999mm,Top,0.000000
Q2783,86.150000mm,-130.199999mm,Top,0.000000
Q2784,108.350000mm,-211.399999mm,Top,0.000000
Q2785,112.050000mm,-214.200000mm,Top,0.000000
Q2786,193.450000mm,-96.600000mm,Top,0.000000
Q2787,256.350000mm,-21.000000mm,Top,0.000000
Q2788,156.450000mm,-194.600000mm,Top,0.000000
Q2789,134.250000mm,-102.199999mm,Top,0.000000
Q2790,189.750000mm,-79.800000mm,Top,0.000000
Q2791,67.650000mm,-113.399999mm,Top,0.000000
Q2792,82.450000mm,-203.000000mm,Top,0.000000
Q2793,86.150000mm,-194.600000mm,Top,0.000000
Q2794,263.750000mm,-135.800000mm,Top,0.000000
Q2795,267.450000mm,-135.800000mm,Top,0.000000
Q2796,260.050000mm,-141.399999mm,Top,0.000000
Q2797,163.850000mm,-203.000000mm,Top,0.000000
Q2798,160.150000mm,-200.200000mm,Top,0.000000
Q2799,112.050000mm,-141.399999mm,Top,0.000000
Q2800,108.350000mm,-138.600000mm,Top,0.000000
Q2801,178.650000mm,-284.200000mm,Top,0.000000
Q2802,163.850000mm,-191.799999mm,Top,0.000000
Q2803,160.150000mm,-189.000000mm,Top,0.000000
Q2804,75.050000mm,-287.000000mm,Top,0.000000
Q2805,78.750000mm,-289.799999mm,Top,0.000000
Q2806,167.550000mm,-253.399999mm,Top,0.000000
Q2807,167.550000mm,-256.200000mm,Top,0.000000
Q2808,219.350000mm,-284.200000mm,Top,0.000000
Q2809,219.350000mm,-287.000000mm,Top,0.000000
Q2810,215.650000mm,-289.799999mm,Top,0.000000
Q2811,137.950000mm,-273.000000mm,Top,0.000000
Q2812,97.250000mm,-250.600000mm,Top,0.000000
Q2813,234.150000mm,-107.800000mm,Top,0.000000
Q2814,204.550000mm,-79.800000mm,Top,0.000000
Q2815,82.450000mm,-138.600000mm,Top,0.000000
Q2816,100.950000mm,-119.000000mm,Top,0.000000
Q2817,56.550000mm,-169.399999mm,Top,0.000000
Q2818,56.550000mm,-172.200000mm,Top,0.000000
Q2819,119.450000mm,-177.799999mm,Top,0.000000
Q2820,63.950000mm,-183.399999mm,Top,0.000000
Q2821,256.350000mm,-166.600000mm,Top,0.000000
Q2822,248.950000mm,-121.800000mm,Top,0.000000
Q2823,182.350000mm,-163.799999mm,Top,0.000000
Q2824,149.050000mm,-138.600000mm,Top,0.000000
Q2825,160.150000mm,-261.799999mm,Top,0.000000
Q2826,160.150000mm,-264.600000mm,Top,0.000000
Q2827,163.850000mm,-273.000000mm,Top,0.000000
Q2828,160.150000mm,-270.200000mm,Top,0.000000
Q2829,160.150000mm,-239.399999mm,Top,0.000000
Q2830,160.150000mm,-242.200000mm,Top,0.000000
Q2831,160.150000mm,-250.600000mm,Top,0.000000
Q2832,160.150000mm,-253.399999mm,Top,0.000000
Q2833,160.150000mm,-217.000000mm,Top,0.000000
Q2834,163.850000mm,-211.399999mm,Top,0.000000
Q2835,160.150000mm,-225.399999mm,Top,0.000000
Q2836,160.150000mm,-228.200000mm,Top,0.000000
Q2837,163.850000mm,-189.000000mm,Top,0.000000
Q2838,160.150000mm,-186.200000mm,Top,0.000000
Q2839,160.150000mm,-205.799999mm,Top,0.000000
Q2840,163.850000mm,-205.799999mm,Top,0.000000
Q2841,189.750000mm,-208.600000mm,Top,0.000000
Q2842,186.050000mm,-205.799999mm,Top,0.000000
Q2843,60.250000mm,-85.399999mm,Top,0.000000
Q2844,152.750000mm,-231.000000mm,Top,0.000000
Q2845,160.150000mm,-219.799999mm,Top,0.000000
Q2846,156.450000mm,-253.399999mm,Top,0.000000
Q2847,156.450000mm,-242.200000mm,Top,0.000000
Q2848,126.850000mm,-105.000000mm,Top,0.000000
Q2849,156.450000mm,-273.000000mm,Top,0.000000
Q2850,156.450000mm,-261.799999mm,Top,0.000000
Q2851,93.550000mm,-163.799999mm,Top,0.000000
Q2852,86.150000mm,-88.199999mm,Top,0.000000
Q2853,63.950000mm,-91.000000mm,Top,0.000000
Q2854,67.650000mm,-93.800000mm,Top,0.000000
Q2855,178.650000mm,-102.199999mm,Top,0.000000
Q2856,75.050000mm,-113.399999mm,Top,0.000000
Q2857,263.750000mm,-74.199999mm,Top,0.000000
Q2858,267.450000mm,-68.600000mm,Top,0.000000
Q2859,260.050000mm,-77.000000mm,Top,0.000000
Q2860,263.750000mm,-79.800000mm,Top,0.000000
Q2861,204.550000mm,-144.200000mm,Top,0.000000
Q2862,204.550000mm,-147.000000mm,Top,0.000000
Q2863,45.450000mm,-278.599999mm,Top,0.000000
Q2864,152.750000mm,-79.800000mm,Top,0.000000
Q2865,86.150000mm,-197.399999mm,Top,0.000000
Q2866,89.850000mm,-191.799999mm,Top,0.000000
Q2867,82.450000mm,-219.799999mm,Top,0.000000
Q2868,89.850000mm,-222.600000mm,Top,0.000000
Q2869,163.850000mm,-149.799999mm,Top,0.000000
Q2870,171.250000mm,-194.600000mm,Top,0.000000
Q2871,171.250000mm,-197.399999mm,Top,0.000000
Q2872,86.150000mm,-127.399999mm,Top,0.000000
Q2873,241.550000mm,-130.199999mm,Top,0.000000
Q2874,26.950000mm,-37.800000mm,Top,0.000000
Q2875,230.450000mm,-102.199999mm,Top,0.000000
Q2876,78.750000mm,-228.200000mm,Top,0.000000
Q2877,152.750000mm,-144.200000mm,Top,0.000000
Q2878,234.150000mm,-79.800000mm,Top,0.000000
Q2879,86.150000mm,-289.799999mm,Top,0.000000
Q2880,82.450000mm,-287.000000mm,Top,0.000000
Q2881,223.050000mm,-222.600000mm,Top,0.000000
Q2882,223.050000mm,-225.399999mm,Top,0.000000
Q2883,134.250000mm,-183.399999mm,Top,0.000000
Q2884,134.250000mm,-191.799999mm,Top,0.000000
Q2885,26.950000mm,-32.200000mm,Top,0.000000
Q2886,23.250000mm,-35.000000mm,Top,0.000000
Q2887,189.750000mm,-110.600000mm,Top,0.000000
Q2888,189.750000mm,-119.000000mm,Top,0.000000
Q2889,82.450000mm,-102.199999mm,Top,0.000000
Q2890,75.050000mm,-35.000000mm,Top,0.000000
Q2891,197.150000mm,-23.799999mm,Top,0.000000
Q2892,193.450000mm,-233.799999mm,Top,0.000000
Q2893,197.150000mm,-231.000000mm,Top,0.000000
Q2894,197.150000mm,-244.999999mm,Top,0.000000
Q2895,193.450000mm,-242.200000mm,Top,0.000000
Q2896,197.150000mm,-256.200000mm,Top,0.000000
Q2897,193.450000mm,-253.399999mm,Top,0.000000
Q2898,197.150000mm,-264.600000mm,Top,0.000000
Q2899,197.150000mm,-270.200000mm,Top,0.000000
Q2900,193.450000mm,-186.200000mm,Top,0.000000
Q2901,197.150000mm,-183.399999mm,Top,0.000000
Q2902,197.150000mm,-197.399999mm,Top,0.000000
Q2903,193.450000mm,-194.600000mm,Top,0.000000
Q2904,197.150000mm,-208.600000mm,Top,0.000000
Q2905,193.450000mm,-205.799999mm,Top,0.000000
Q2906,197.150000mm,-219.799999mm,Top,0.000000
Q2907,193.450000mm,-217.000000mm,Top,0.000000
Q2908,112.050000mm,-26.600000mm,Top,0.000000
Q2909,182.350000mm,-186.200000mm,Top,0.000000
Q2910,189.750000mm,-292.599999mm,Top,0.000000
Q2911,193.450000mm,-287.000000mm,Top,0.000000
Q2912,56.550000mm,-163.799999mm,Top,0.000000
Q2913,52.850000mm,-203.000000mm,Top,0.000000
Q2914,204.550000mm,-166.600000mm,Top,0.000000
Q2915,160.150000mm,-130.199999mm,Top,0.000000
Q2916,178.650000mm,-236.600000mm,Top,0.000000
Q2917,152.750000mm,-163.799999mm,Top,0.000000
Q2918,52.850000mm,-228.200000mm,Top,0.000000
Q2919,38.050000mm,-166.600000mm,Top,0.000000
Q2920,189.750000mm,-267.399999mm,Top,0.000000
Q2921,186.050000mm,-264.600000mm,Top,0.000000
Q2922,78.750000mm,-166.600000mm,Top,0.000000
Q2923,167.550000mm,-275.800000mm,Top,0.000000
Q2924,171.250000mm,-275.800000mm,Top,0.000000
Q2925,167.550000mm,-264.600000mm,Top,0.000000
Q2926,163.850000mm,-264.600000mm,Top,0.000000
Q2927,163.850000mm,-253.399999mm,Top,0.000000
Q2928,160.150000mm,-256.200000mm,Top,0.000000
Q2929,163.850000mm,-236.600000mm,Top,0.000000
Q2930,163.850000mm,-242.200000mm,Top,0.000000
Q2931,163.850000mm,-228.200000mm,Top,0.000000
Q2932,163.850000mm,-231.000000mm,Top,0.000000
Q2933,167.550000mm,-217.000000mm,Top,0.000000
Q2934,163.850000mm,-217.000000mm,Top,0.000000
Q2935,167.550000mm,-200.200000mm,Top,0.000000
Q2936,171.250000mm,-203.000000mm,Top,0.000000
Q2937,167.550000mm,-191.799999mm,Top,0.000000
Q2938,163.850000mm,-194.600000mm,Top,0.000000
Q2939,108.350000mm,-116.199999mm,Top,0.000000
Q2940,108.350000mm,-119.000000mm,Top,0.000000
Q2941,123.150000mm,-211.399999mm,Top,0.000000
Q2942,45.450000mm,-289.799999mm,Top,0.000000
Q2943,41.750000mm,-287.000000mm,Top,0.000000
Q2944,211.950000mm,-26.600000mm,Top,0.000000
Q2945,193.450000mm,-102.199999mm,Top,0.000000
Q2946,38.050000mm,-231.000000mm,Top,0.000000
Q2947,49.150000mm,-259.000000mm,Top,0.000000
Q2948,45.450000mm,-256.200000mm,Top,0.000000
Q2949,45.450000mm,-264.600000mm,Top,0.000000
Q2950,97.250000mm,-110.600000mm,Top,0.000000
Q2951,97.250000mm,-169.399999mm,Top,0.000000
Q2952,97.250000mm,-172.200000mm,Top,0.000000
Q2953,63.950000mm,-29.400000mm,Top,0.000000
Q2954,223.050000mm,-289.799999mm,Top,0.000000
Q2955,223.050000mm,-189.000000mm,Top,0.000000
Q2956,52.850000mm,-102.199999mm,Top,0.000000
Q2957,60.250000mm,-110.600000mm,Top,0.000000
Q2958,182.350000mm,-239.399999mm,Top,0.000000
Q2959,182.350000mm,-242.200000mm,Top,0.000000
Q2960,186.050000mm,-250.600000mm,Top,0.000000
Q2961,112.050000mm,-231.000000mm,Top,0.000000
Q2962,104.650000mm,-239.399999mm,Top,0.000000
Q2963,23.250000mm,-46.199999mm,Top,0.000000
Q2964,15.850000mm,-51.800000mm,Top,0.000000
Q2965,115.750000mm,-130.199999mm,Top,0.000000
Q2966,186.050000mm,-233.799999mm,Top,0.000000
Q2967,167.550000mm,-284.200000mm,Top,0.000000
Q2968,174.950000mm,-289.799999mm,Top,0.000000
Q2969,89.850000mm,-289.799999mm,Top,0.000000
Q2970,86.150000mm,-292.599999mm,Top,0.000000
Q2971,30.650000mm,-23.799999mm,Top,0.000000
Q2972,167.550000mm,-26.600000mm,Top,0.000000
Q2973,167.550000mm,-29.400000mm,Top,0.000000
Q2974,49.150000mm,-233.799999mm,Top,0.000000
Q2975,26.950000mm,-35.000000mm,Top,0.000000
Q2976,15.850000mm,-29.400000mm,Top,0.000000
Q2977,89.850000mm,-231.000000mm,Top,0.000000
Q2978,89.850000mm,-228.200000mm,Top,0.000000
Q2979,100.950000mm,-91.000000mm,Top,0.000000
Q2980,71.350000mm,-82.600000mm,Top,0.000000
Q2981,89.850000mm,-242.200000mm,Top,0.000000
Q2982,89.850000mm,-247.799999mm,Top,0.000000
Q2983,26.950000mm,-29.400000mm,Top,0.000000
Q2984,189.750000mm,-158.200000mm,Top,0.000000
Q2985,178.650000mm,-155.399999mm,Top,0.000000
Q2986,211.950000mm,-261.799999mm,Top,0.000000
Q2987,119.450000mm,-93.800000mm,Top,0.000000
Q2988,119.450000mm,-96.600000mm,Top,0.000000
Q2989,219.350000mm,-194.600000mm,Top,0.000000
Q2990,219.350000mm,-197.399999mm,Top,0.000000
Q2991,15.850000mm,-60.199999mm,Top,0.000000
Q2992,15.850000mm,-63.000000mm,Top,0.000000
Q2993,215.650000mm,-267.399999mm,Top,0.000000
Q2994,211.950000mm,-267.399999mm,Top,0.000000
Q2995,182.350000mm,-194.600000mm,Top,0.000000
Q2996,182.350000mm,-200.200000mm,Top,0.000000
Q2997,41.750000mm,-186.200000mm,Top,0.000000
Q2998,49.150000mm,-191.799999mm,Top,0.000000
Q2999,63.950000mm,-119.000000mm,Top,0.000000
Q3000,245.250000mm,-43.400000mm,Top,0.000000
Q3001,89.850000mm,-149.799999mm,Top,0.000000
Q3002,89.850000mm,-152.600000mm,Top,0.000000
Q3003,38.050000mm,-32.200000mm,Top,0.000000
Q3004,145.350000mm,-239.399999mm,Top,0.000000
Q3005,100.950000mm,-144.200000mm,Top,0.000000
Q3006,60.250000mm,-284.200000mm,Top,0.000000
Q3007,178.650000mm,-211.399999mm,Top,0.000000
Q3008,178.650000mm,-214.200000mm,Top,0.000000
Q3009,52.850000mm,-250.600000mm,Top,0.000000
Q3010,52.850000mm,-253.399999mm,Top,0.000000
Q3011,215.650000mm,-273.000000mm,Top,0.000000
Q3012,15.850000mm,-26.600000mm,Top,0.000000
Q3013,23.250000mm,-40.599999mm,Top,0.000000
Q3014,223.050000mm,-281.400000mm,Top,0.000000
Q3015,211.950000mm,-287.000000mm,Top,0.000000
Q3016,134.250000mm,-242.200000mm,Top,0.000000
Q3017,193.450000mm,-127.399999mm,Top,0.000000
Q3018,226.750000mm,-124.600000mm,Top,0.000000
Q3019,223.050000mm,-121.800000mm,Top,0.000000
Q3020,112.050000mm,-256.200000mm,Top,0.000000
Q3021,112.050000mm,-261.799999mm,Top,0.000000
Q3022,141.650000mm,-85.399999mm,Top,0.000000
Q3023,226.750000mm,-116.199999mm,Top,0.000000
Q3024,223.050000mm,-113.399999mm,Top,0.000000
Q3025,219.350000mm,-113.399999mm,Top,0.000000
Q3026,215.650000mm,-110.600000mm,Top,0.000000
Q3027,248.950000mm,-166.600000mm,Top,0.000000
Q3028,245.250000mm,-166.600000mm,Top,0.000000
Q3029,241.550000mm,-163.799999mm,Top,0.000000
Q3030,241.550000mm,-166.600000mm,Top,0.000000
Q3031,67.650000mm,-177.799999mm,Top,0.000000
Q3032,137.950000mm,-233.799999mm,Top,0.000000
Q3033,134.250000mm,-231.000000mm,Top,0.000000
Q3034,189.750000mm,-175.000000mm,Top,0.000000
Q3035,23.250000mm,-60.199999mm,Top,0.000000
Q3036,208.250000mm,-247.799999mm,Top,0.000000
Q3037,197.150000mm,-175.000000mm,Top,0.000000
Q3038,126.850000mm,-247.799999mm,Top,0.000000
Q3039,200.850000mm,-166.600000mm,Top,0.000000
Q3040,67.650000mm,-169.399999mm,Top,0.000000
Q3041,67.650000mm,-172.200000mm,Top,0.000000
Q3042,93.550000mm,-141.399999mm,Top,0.000000
Q3043,215.650000mm,-217.000000mm,Top,0.000000
Q3044,112.050000mm,-203.000000mm,Top,0.000000
Q3045,100.950000mm,-217.000000mm,Top,0.000000
Q3046,178.650000mm,-273.000000mm,Top,0.000000
Q3047,219.350000mm,-189.000000mm,Top,0.000000
Q3048,93.550000mm,-102.199999mm,Top,0.000000
Q3049,86.150000mm,-102.199999mm,Top,0.000000
Q3050,156.450000mm,-197.399999mm,Top,0.000000
Q3051,30.650000mm,-77.000000mm,Top,0.000000
Q3052,223.050000mm,-96.600000mm,Top,0.000000
Q3053,223.050000mm,-99.399999mm,Top,0.000000
Q3054,23.250000mm,-26.600000mm,Top,0.000000
Q3055,123.150000mm,-295.400000mm,Top,0.000000
Q3056,204.550000mm,-88.199999mm,Top,0.000000
Q3057,97.250000mm,-85.399999mm,Top,0.000000
Q3058,230.450000mm,-256.200000mm,Top,0.000000
Q3059,89.850000mm,-287.000000mm,Top,0.000000
Q3060,89.850000mm,-292.599999mm,Top,0.000000
Q3061,167.550000mm,-149.799999mm,Top,0.000000
Q3062,200.850000mm,-79.800000mm,Top,0.000000
Q3063,86.150000mm,-180.600000mm,Top,0.000000
Q3064,93.550000mm,-191.799999mm,Top,0.000000
Q3065,45.450000mm,-155.399999mm,Top,0.000000
Q3066,49.150000mm,-244.999999mm,Top,0.000000
Q3067,49.150000mm,-247.799999mm,Top,0.000000
Q3068,45.450000mm,-253.399999mm,Top,0.000000
Q3069,145.350000mm,-214.200000mm,Top,0.000000
Q3070,30.650000mm,-169.399999mm,Top,0.000000
Q3071,141.650000mm,-228.200000mm,Top,0.000000
Q3072,223.050000mm,-172.200000mm,Top,0.000000
Q3073,82.450000mm,-267.399999mm,Top,0.000000
Q3074,82.450000mm,-270.200000mm,Top,0.000000
Q3075,82.450000mm,-256.200000mm,Top,0.000000
Q3076,78.750000mm,-253.399999mm,Top,0.000000
Q3077,26.950000mm,-60.199999mm,Top,0.000000
Q3078,41.750000mm,-63.000000mm,Top,0.000000
Q3079,67.650000mm,-63.000000mm,Top,0.000000
Q3080,67.650000mm,-65.800000mm,Top,0.000000
Q3081,71.350000mm,-63.000000mm,Top,0.000000
Q3082,75.050000mm,-63.000000mm,Top,0.000000
Q3083,86.150000mm,-63.000000mm,Top,0.000000
Q3084,89.850000mm,-63.000000mm,Top,0.000000
Q3085,89.850000mm,-65.800000mm,Top,0.000000
Q3086,93.550000mm,-65.800000mm,Top,0.000000
Q3087,97.250000mm,-65.800000mm,Top,0.000000
Q3088,93.550000mm,-68.600000mm,Top,0.000000
Q3089,104.650000mm,-63.000000mm,Top,0.000000
Q3090,104.650000mm,-65.800000mm,Top,0.000000
Q3091,108.350000mm,-63.000000mm,Top,0.000000
Q3092,108.350000mm,-65.800000mm,Top,0.000000
Q3093,119.450000mm,-63.000000mm,Top,0.000000
Q3094,145.350000mm,-63.000000mm,Top,0.000000
Q3095,149.050000mm,-65.800000mm,Top,0.000000
Q3096,156.450000mm,-63.000000mm,Top,0.000000
Q3097,152.750000mm,-63.000000mm,Top,0.000000
Q3098,160.150000mm,-63.000000mm,Top,0.000000
Q3099,156.450000mm,-65.800000mm,Top,0.000000
Q3100,163.850000mm,-63.000000mm,Top,0.000000
Q3101,167.550000mm,-63.000000mm,Top,0.000000
Q3102,171.250000mm,-63.000000mm,Top,0.000000
Q3103,174.950000mm,-63.000000mm,Top,0.000000
Q3104,182.350000mm,-63.000000mm,Top,0.000000
Q3105,178.650000mm,-68.600000mm,Top,0.000000
Q3106,189.750000mm,-63.000000mm,Top,0.000000
Q3107,182.350000mm,-68.600000mm,Top,0.000000
Q3108,197.150000mm,-63.000000mm,Top,0.000000
Q3109,200.850000mm,-63.000000mm,Top,0.000000
Q3110,200.850000mm,-65.800000mm,Top,0.000000
Q3111,219.350000mm,-65.800000mm,Top,0.000000
Q3112,226.750000mm,-63.000000mm,Top,0.000000
Q3113,234.150000mm,-68.600000mm,Top,0.000000
Q3114,237.850000mm,-63.000000mm,Top,0.000000
Q3115,245.250000mm,-63.000000mm,Top,0.000000
Q3116,215.650000mm,-264.600000mm,Top,0.000000
Q3117,215.650000mm,-270.200000mm,Top,0.000000
Q3118,89.850000mm,-194.600000mm,Top,0.000000
Q3119,89.850000mm,-203.000000mm,Top,0.000000
Q3120,82.450000mm,-228.200000mm,Top,0.000000
Q3121,86.150000mm,-211.399999mm,Top,0.000000
Q3122,89.850000mm,-211.399999mm,Top,0.000000
Q3123,93.550000mm,-203.000000mm,Top,0.000000
Q3124,82.450000mm,-244.999999mm,Top,0.000000
Q3125,82.450000mm,-242.200000mm,Top,0.000000
Q3126,93.550000mm,-228.200000mm,Top,0.000000
Q3127,93.550000mm,-239.399999mm,Top,0.000000
Q3128,75.050000mm,-253.399999mm,Top,0.000000
Q3129,52.850000mm,-239.399999mm,Top,0.000000
Q3130,60.250000mm,-88.199999mm,Top,0.000000
Q3131,93.550000mm,-287.000000mm,Top,0.000000
Q3132,93.550000mm,-292.599999mm,Top,0.000000
Q3133,189.750000mm,-270.200000mm,Top,0.000000
Q3134,193.450000mm,-273.000000mm,Top,0.000000
Q3135,182.350000mm,-275.800000mm,Top,0.000000
Q3136,167.550000mm,-180.600000mm,Top,0.000000
Q3137,167.550000mm,-183.399999mm,Top,0.000000
Q3138,174.950000mm,-183.399999mm,Top,0.000000
Q3139,186.050000mm,-177.799999mm,Top,0.000000
Q3140,86.150000mm,-264.600000mm,Top,0.000000
Q3141,86.150000mm,-267.399999mm,Top,0.000000
Q3142,89.850000mm,-273.000000mm,Top,0.000000
Q3143,186.050000mm,-259.000000mm,Top,0.000000
Q3144,174.950000mm,-133.000000mm,Top,0.000000
Q3145,130.550000mm,-29.400000mm,Top,0.000000
Q3146,193.450000mm,-225.399999mm,Top,0.000000
Q3147,189.750000mm,-222.600000mm,Top,0.000000
Q3148,193.450000mm,-203.000000mm,Top,0.000000
Q3149,189.750000mm,-203.000000mm,Top,0.000000
Q3150,189.750000mm,-275.800000mm,Top,0.000000
Q3151,193.450000mm,-275.800000mm,Top,0.000000
Q3152,19.550000mm,-102.199999mm,Top,0.000000
Q3153,252.650000mm,-161.000000mm,Top,0.000000
Q3154,119.450000mm,-270.200000mm,Top,0.000000
Q3155,156.450000mm,-169.399999mm,Top,0.000000
Q3156,156.450000mm,-172.200000mm,Top,0.000000
Q3157,230.450000mm,-135.800000mm,Top,0.000000
Q3158,226.750000mm,-135.800000mm,Top,0.000000
Q3159,126.850000mm,-273.000000mm,Top,0.000000
Q3160,230.450000mm,-172.200000mm,Top,0.000000
Q3161,89.850000mm,-110.600000mm,Top,0.000000
Q3162,193.450000mm,-158.200000mm,Top,0.000000
Q3163,193.450000mm,-161.000000mm,Top,0.000000
Q3164,89.850000mm,-175.000000mm,Top,0.000000
Q3165,186.050000mm,-211.399999mm,Top,0.000000
Q3166,256.350000mm,-88.199999mm,Top,0.000000
Q3167,56.550000mm,-177.799999mm,Top,0.000000
Q3168,219.350000mm,-222.600000mm,Top,0.000000
Q3169,208.250000mm,-222.600000mm,Top,0.000000
Q3170,160.150000mm,-169.399999mm,Top,0.000000
Q3171,160.150000mm,-172.200000mm,Top,0.000000
Q3172,71.350000mm,-93.800000mm,Top,0.000000
Q3173,211.950000mm,-116.199999mm,Top,0.000000
Q3174,45.450000mm,-270.200000mm,Top,0.000000
Q3175,49.150000mm,-275.800000mm,Top,0.000000
Q3176,219.350000mm,-144.200000mm,Top,0.000000
Q3177,211.950000mm,-138.600000mm,Top,0.000000
Q3178,226.750000mm,-130.199999mm,Top,0.000000
Q3179,230.450000mm,-133.000000mm,Top,0.000000
Q3180,200.850000mm,-99.399999mm,Top,0.000000
Q3181,197.150000mm,-93.800000mm,Top,0.000000
Q3182,130.550000mm,-88.199999mm,Top,0.000000
Q3183,100.950000mm,-228.200000mm,Top,0.000000
Q3184,97.250000mm,-228.200000mm,Top,0.000000
Q3185,149.050000mm,-281.400000mm,Top,0.000000
Q3186,145.350000mm,-281.400000mm,Top,0.000000
Q3187,41.750000mm,-197.399999mm,Top,0.000000
Q3188,41.750000mm,-200.200000mm,Top,0.000000
Q3189,75.050000mm,-284.200000mm,Top,0.000000
Q3190,174.950000mm,-141.399999mm,Top,0.000000
Q3191,137.950000mm,-91.000000mm,Top,0.000000
Q3192,141.650000mm,-250.600000mm,Top,0.000000
Q3193,86.150000mm,-270.200000mm,Top,0.000000
Q3194,86.150000mm,-275.800000mm,Top,0.000000
Q3195,49.150000mm,-231.000000mm,Top,0.000000
Q3196,49.150000mm,-236.600000mm,Top,0.000000
Q3197,52.850000mm,-149.799999mm,Top,0.000000
Q3198,152.750000mm,-119.000000mm,Top,0.000000
Q3199,108.350000mm,-281.400000mm,Top,0.000000
Q3200,60.250000mm,-35.000000mm,Top,0.000000
Q3201,63.950000mm,-32.200000mm,Top,0.000000
Q3202,145.350000mm,-177.799999mm,Top,0.000000
Q3203,226.750000mm,-82.600000mm,Top,0.000000
Q3204,52.850000mm,-175.000000mm,Top,0.000000
Q3205,100.950000mm,-275.800000mm,Top,0.000000
Q3206,100.950000mm,-278.599999mm,Top,0.000000
Q3207,97.250000mm,-278.599999mm,Top,0.000000
Q3208,112.050000mm,-130.199999mm,Top,0.000000
Q3209,45.450000mm,-225.399999mm,Top,0.000000
Q3210,97.250000mm,-239.399999mm,Top,0.000000
Q3211,86.150000mm,-259.000000mm,Top,0.000000
Q3212,89.850000mm,-264.600000mm,Top,0.000000
Q3213,97.250000mm,-264.600000mm,Top,0.000000
Q3214,82.450000mm,-273.000000mm,Top,0.000000
Q3215,78.750000mm,-275.800000mm,Top,0.000000
Q3216,260.050000mm,-102.199999mm,Top,0.000000
Q3217,252.650000mm,-57.400000mm,Top,0.000000
Q3218,97.250000mm,-32.200000mm,Top,0.000000
Q3219,60.250000mm,-278.599999mm,Top,0.000000
Q3220,63.950000mm,-278.599999mm,Top,0.000000
Q3221,171.250000mm,-191.799999mm,Top,0.000000
Q3222,174.950000mm,-189.000000mm,Top,0.000000
Q3223,178.650000mm,-194.600000mm,Top,0.000000
Q3224,182.350000mm,-197.399999mm,Top,0.000000
Q3225,174.950000mm,-203.000000mm,Top,0.000000
Q3226,152.750000mm,-138.600000mm,Top,0.000000
Q3227,263.750000mm,-107.800000mm,Top,0.000000
Q3228,260.050000mm,-105.000000mm,Top,0.000000
Q3229,41.750000mm,-289.799999mm,Top,0.000000
Q3230,45.450000mm,-284.200000mm,Top,0.000000
Q3231,156.450000mm,-113.399999mm,Top,0.000000
Q3232,241.550000mm,-152.600000mm,Top,0.000000
Q3233,234.150000mm,-155.399999mm,Top,0.000000
Q3234,145.350000mm,-166.600000mm,Top,0.000000
Q3235,26.950000mm,-43.400000mm,Top,0.000000
Q3236,49.150000mm,-180.600000mm,Top,0.000000
Q3237,52.850000mm,-180.600000mm,Top,0.000000
Q3238,215.650000mm,-261.799999mm,Top,0.000000
Q3239,56.550000mm,-180.600000mm,Top,0.000000
Q3240,137.950000mm,-93.800000mm,Top,0.000000
Q3241,152.750000mm,-96.600000mm,Top,0.000000
Q3242,137.950000mm,-194.600000mm,Top,0.000000
Q3243,245.250000mm,-93.800000mm,Top,0.000000
Q3244,174.950000mm,-23.799999mm,Top,0.000000
Q3245,171.250000mm,-21.000000mm,Top,0.000000
Q3246,141.650000mm,-161.000000mm,Top,0.000000
Q3247,137.950000mm,-158.200000mm,Top,0.000000
Q3248,171.250000mm,-135.800000mm,Top,0.000000
Q3249,182.350000mm,-222.600000mm,Top,0.000000
Q3250,182.350000mm,-225.399999mm,Top,0.000000
Q3251,56.550000mm,-203.000000mm,Top,0.000000
Q3252,30.650000mm,-71.400000mm,Top,0.000000
Q3253,34.350000mm,-71.400000mm,Top,0.000000
Q3254,38.050000mm,-74.199999mm,Top,0.000000
Q3255,41.750000mm,-71.400000mm,Top,0.000000
Q3256,41.750000mm,-74.199999mm,Top,0.000000
Q3257,52.850000mm,-74.199999mm,Top,0.000000
Q3258,56.550000mm,-77.000000mm,Top,0.000000
Q3259,60.250000mm,-71.400000mm,Top,0.000000
Q3260,60.250000mm,-74.199999mm,Top,0.000000
Q3261,63.950000mm,-71.400000mm,Top,0.000000
Q3262,67.650000mm,-74.199999mm,Top,0.000000
Q3263,71.350000mm,-74.199999mm,Top,0.000000
Q3264,75.050000mm,-74.199999mm,Top,0.000000
Q3265,78.750000mm,-74.199999mm,Top,0.000000
Q3266,82.450000mm,-74.199999mm,Top,0.000000
Q3267,93.550000mm,-74.199999mm,Top,0.000000
Q3268,115.750000mm,-74.199999mm,Top,0.000000
Q3269,126.850000mm,-74.199999mm,Top,0.000000
Q3270,123.150000mm,-74.199999mm,Top,0.000000
Q3271,152.750000mm,-74.199999mm,Top,0.000000
Q3272,156.450000mm,-74.199999mm,Top,0.000000
Q3273,156.450000mm,-77.000000mm,Top,0.000000
Q3274,171.250000mm,-74.199999mm,Top,0.000000
Q3275,186.050000mm,-74.199999mm,Top,0.000000
Q3276,193.450000mm,-74.199999mm,Top,0.000000
Q3277,189.750000mm,-74.199999mm,Top,0.000000
Q3278,189.750000mm,-77.000000mm,Top,0.000000
Q3279,193.450000mm,-77.000000mm,Top,0.000000
Q3280,204.550000mm,-74.199999mm,Top,0.000000
Q3281,226.750000mm,-74.199999mm,Top,0.000000
Q3282,226.750000mm,-77.000000mm,Top,0.000000
Q3283,223.050000mm,-116.199999mm,Top,0.000000
Q3284,108.350000mm,-130.199999mm,Top,0.000000
Q3287,26.950000mm,-54.599999mm,Top,0.000000
Q3288,19.550000mm,-63.000000mm,Top,0.000000
Q3289,137.950000mm,-256.200000mm,Top,0.000000
Q3290,141.650000mm,-261.799999mm,Top,0.000000
Q3291,45.450000mm,-219.799999mm,Top,0.000000
Q3292,137.950000mm,-259.000000mm,Top,0.000000
Q3293,215.650000mm,-236.600000mm,Top,0.000000
Q3294,182.350000mm,-85.399999mm,Top,0.000000
Q3295,215.650000mm,-225.399999mm,Top,0.000000
Q3296,252.650000mm,-155.399999mm,Top,0.000000
Q3297,49.150000mm,-287.000000mm,Top,0.000000
Q3298,171.250000mm,-233.799999mm,Top,0.000000
Q3299,174.950000mm,-231.000000mm,Top,0.000000
Q3300,174.950000mm,-236.600000mm,Top,0.000000
Q3301,115.750000mm,-247.799999mm,Top,0.000000
Q3302,19.550000mm,-77.000000mm,Top,0.000000
Q3303,15.850000mm,-79.800000mm,Top,0.000000
Q3304,23.250000mm,-79.800000mm,Top,0.000000
Q3305,15.850000mm,-82.600000mm,Top,0.000000
Q3306,145.350000mm,-96.600000mm,Top,0.000000
Q3307,223.050000mm,-85.399999mm,Top,0.000000
Q3308,123.150000mm,-166.600000mm,Top,0.000000
Q3309,174.950000mm,-152.600000mm,Top,0.000000
Q3310,171.250000mm,-155.399999mm,Top,0.000000
Q3311,178.650000mm,-158.200000mm,Top,0.000000
Q3312,182.350000mm,-231.000000mm,Top,0.000000
Q3313,182.350000mm,-233.799999mm,Top,0.000000
Q3314,186.050000mm,-236.600000mm,Top,0.000000
Q3315,267.450000mm,-107.800000mm,Top,0.000000
Q3316,271.150000mm,-107.800000mm,Top,0.000000
Q3317,137.950000mm,-239.399999mm,Top,0.000000
Q3318,252.650000mm,-60.199999mm,Top,0.000000
Q3319,167.550000mm,-197.399999mm,Top,0.000000
Q3320,186.050000mm,-107.800000mm,Top,0.000000
Q3321,182.350000mm,-105.000000mm,Top,0.000000
Q3322,211.950000mm,-186.200000mm,Top,0.000000
Q3323,237.850000mm,-172.200000mm,Top,0.000000
Q3324,256.350000mm,-51.800000mm,Top,0.000000
Q3325,126.850000mm,-203.000000mm,Top,0.000000
Q3326,123.150000mm,-200.200000mm,Top,0.000000
Q3327,237.850000mm,-119.000000mm,Top,0.000000
Q3328,123.150000mm,-189.000000mm,Top,0.000000
Q3329,123.150000mm,-191.799999mm,Top,0.000000
Q3330,71.350000mm,-102.199999mm,Top,0.000000
Q3331,75.050000mm,-105.000000mm,Top,0.000000
Q3332,137.950000mm,-169.399999mm,Top,0.000000
Q3333,137.950000mm,-172.200000mm,Top,0.000000
Q3334,178.650000mm,-231.000000mm,Top,0.000000
Q3335,182.350000mm,-236.600000mm,Top,0.000000
Q3336,178.650000mm,-239.399999mm,Top,0.000000
Q3337,248.950000mm,-105.000000mm,Top,0.000000
Q3338,248.950000mm,-107.800000mm,Top,0.000000
Q3339,115.750000mm,-88.199999mm,Top,0.000000
Q3340,112.050000mm,-88.199999mm,Top,0.000000
Q3341,230.450000mm,-113.399999mm,Top,0.000000
Q3342,226.750000mm,-110.600000mm,Top,0.000000
Q3343,137.950000mm,-225.399999mm,Top,0.000000
Q3344,134.250000mm,-225.399999mm,Top,0.000000
Q3345,167.550000mm,-194.600000mm,Top,0.000000
Q3346,160.150000mm,-194.600000mm,Top,0.000000
Q3347,160.150000mm,-197.399999mm,Top,0.000000
Q3348,160.150000mm,-208.600000mm,Top,0.000000
Q3349,167.550000mm,-219.799999mm,Top,0.000000
Q3350,171.250000mm,-219.799999mm,Top,0.000000
Q3351,171.250000mm,-222.600000mm,Top,0.000000
Q3352,171.250000mm,-228.200000mm,Top,0.000000
Q3353,167.550000mm,-242.200000mm,Top,0.000000
Q3354,160.150000mm,-233.799999mm,Top,0.000000
Q3355,167.550000mm,-247.799999mm,Top,0.000000
Q3356,160.150000mm,-244.999999mm,Top,0.000000
Q3357,167.550000mm,-261.799999mm,Top,0.000000
Q3358,163.850000mm,-259.000000mm,Top,0.000000
Q3359,171.250000mm,-270.200000mm,Top,0.000000
Q3360,160.150000mm,-267.399999mm,Top,0.000000
Q3361,174.950000mm,-292.599999mm,Top,0.000000
Q3362,174.950000mm,-295.400000mm,Top,0.000000
Q3363,112.050000mm,-163.799999mm,Top,0.000000
Q3364,200.850000mm,-43.400000mm,Top,0.000000
Q3365,197.150000mm,-40.599999mm,Top,0.000000
Q3366,163.850000mm,-40.599999mm,Top,0.000000
Q3367,174.950000mm,-43.400000mm,Top,0.000000
Q3368,241.550000mm,-43.400000mm,Top,0.000000
Q3369,67.650000mm,-43.400000mm,Top,0.000000
Q3370,75.050000mm,-43.400000mm,Top,0.000000
Q3371,123.150000mm,-43.400000mm,Top,0.000000
Q3372,145.350000mm,-43.400000mm,Top,0.000000
Q3373,197.150000mm,-158.200000mm,Top,0.000000
Q3374,186.050000mm,-166.600000mm,Top,0.000000
Q3375,67.650000mm,-278.599999mm,Top,0.000000
Q3376,63.950000mm,-281.400000mm,Top,0.000000
Q3377,60.250000mm,-281.400000mm,Top,0.000000
Q3378,56.550000mm,-278.599999mm,Top,0.000000
Q3379,93.550000mm,-26.600000mm,Top,0.000000
Q3380,89.850000mm,-23.799999mm,Top,0.000000
Q3381,182.350000mm,-189.000000mm,Top,0.000000
Q3382,178.650000mm,-183.399999mm,Top,0.000000
Q3383,182.350000mm,-191.799999mm,Top,0.000000
Q3384,67.650000mm,-130.199999mm,Top,0.000000
Q3385,178.650000mm,-121.800000mm,Top,0.000000
Q3386,178.650000mm,-124.600000mm,Top,0.000000
Q3387,119.450000mm,-127.399999mm,Top,0.000000
Q3388,75.050000mm,-289.799999mm,Top,0.000000
Q3389,211.950000mm,-197.399999mm,Top,0.000000
Q3390,215.650000mm,-194.600000mm,Top,0.000000
Q3391,156.450000mm,-133.000000mm,Top,0.000000
Q3392,174.950000mm,-177.799999mm,Top,0.000000
Q3393,230.450000mm,-51.800000mm,Top,0.000000
Q3394,30.650000mm,-49.000000mm,Top,0.000000
Q3395,34.350000mm,-51.800000mm,Top,0.000000
Q3396,38.050000mm,-51.800000mm,Top,0.000000
Q3397,38.050000mm,-49.000000mm,Top,0.000000
Q3398,45.450000mm,-51.800000mm,Top,0.000000
Q3399,52.850000mm,-51.800000mm,Top,0.000000
Q3400,60.250000mm,-51.800000mm,Top,0.000000
Q3401,63.950000mm,-49.000000mm,Top,0.000000
Q3402,67.650000mm,-49.000000mm,Top,0.000000
Q3403,71.350000mm,-49.000000mm,Top,0.000000
Q3404,60.250000mm,-46.199999mm,Top,0.000000
Q3405,63.950000mm,-46.199999mm,Top,0.000000
Q3406,67.650000mm,-46.199999mm,Top,0.000000
Q3407,78.750000mm,-46.199999mm,Top,0.000000
Q3408,82.450000mm,-46.199999mm,Top,0.000000
Q3409,86.150000mm,-54.599999mm,Top,0.000000
Q3410,93.550000mm,-49.000000mm,Top,0.000000
Q3411,82.450000mm,-57.400000mm,Top,0.000000
Q3412,86.150000mm,-46.199999mm,Top,0.000000
Q3413,100.950000mm,-49.000000mm,Top,0.000000
Q3414,108.350000mm,-46.199999mm,Top,0.000000
Q3415,112.050000mm,-49.000000mm,Top,0.000000
Q3416,112.050000mm,-46.199999mm,Top,0.000000
Q3417,115.750000mm,-49.000000mm,Top,0.000000
Q3418,115.750000mm,-46.199999mm,Top,0.000000
Q3419,126.850000mm,-46.199999mm,Top,0.000000
Q3420,130.550000mm,-46.199999mm,Top,0.000000
Q3421,134.250000mm,-46.199999mm,Top,0.000000
Q3422,137.950000mm,-49.000000mm,Top,0.000000
Q3423,141.650000mm,-49.000000mm,Top,0.000000
Q3424,145.350000mm,-49.000000mm,Top,0.000000
Q3425,141.650000mm,-46.199999mm,Top,0.000000
Q3426,149.050000mm,-46.199999mm,Top,0.000000
Q3427,160.150000mm,-51.800000mm,Top,0.000000
Q3428,152.750000mm,-46.199999mm,Top,0.000000
Q3429,163.850000mm,-51.800000mm,Top,0.000000
Q3430,167.550000mm,-51.800000mm,Top,0.000000
Q3431,171.250000mm,-51.800000mm,Top,0.000000
Q3432,174.950000mm,-51.800000mm,Top,0.000000
Q3433,182.350000mm,-51.800000mm,Top,0.000000
Q3434,182.350000mm,-49.000000mm,Top,0.000000
Q3435,186.050000mm,-49.000000mm,Top,0.000000
Q3436,189.750000mm,-51.800000mm,Top,0.000000
Q3437,189.750000mm,-49.000000mm,Top,0.000000
Q3438,193.450000mm,-51.800000mm,Top,0.000000
Q3439,197.150000mm,-51.800000mm,Top,0.000000
Q3440,200.850000mm,-49.000000mm,Top,0.000000
Q3441,200.850000mm,-51.800000mm,Top,0.000000
Q3442,204.550000mm,-51.800000mm,Top,0.000000
Q3443,200.850000mm,-46.199999mm,Top,0.000000
Q3444,208.250000mm,-49.000000mm,Top,0.000000
Q3445,211.950000mm,-49.000000mm,Top,0.000000
Q3446,215.650000mm,-49.000000mm,Top,0.000000
Q3447,219.350000mm,-49.000000mm,Top,0.000000
Q3448,211.950000mm,-46.199999mm,Top,0.000000
Q3449,223.050000mm,-49.000000mm,Top,0.000000
Q3450,223.050000mm,-51.800000mm,Top,0.000000
Q3451,226.750000mm,-49.000000mm,Top,0.000000
Q3452,230.450000mm,-49.000000mm,Top,0.000000
Q3453,234.150000mm,-51.800000mm,Top,0.000000
Q3454,234.150000mm,-49.000000mm,Top,0.000000
Q3455,245.250000mm,-51.800000mm,Top,0.000000
Q3456,108.350000mm,-29.400000mm,Top,0.000000
Q3457,112.050000mm,-32.200000mm,Top,0.000000
Q3458,115.750000mm,-26.600000mm,Top,0.000000
Q3459,104.650000mm,-225.399999mm,Top,0.000000
Q3460,19.550000mm,-82.600000mm,Top,0.000000
Q3461,23.250000mm,-82.600000mm,Top,0.000000
Q3462,67.650000mm,-121.800000mm,Top,0.000000
Q3463,67.650000mm,-133.000000mm,Top,0.000000
Q3464,104.650000mm,-284.200000mm,Top,0.000000
Q3465,97.250000mm,-289.799999mm,Top,0.000000
Q3466,263.750000mm,-110.600000mm,Top,0.000000
Q3467,204.550000mm,-172.200000mm,Top,0.000000
Q3468,26.950000mm,-46.199999mm,Top,0.000000
Q3469,30.650000mm,-46.199999mm,Top,0.000000
Q3470,45.450000mm,-197.399999mm,Top,0.000000
Q3471,134.250000mm,-239.399999mm,Top,0.000000
Q3472,119.450000mm,-135.800000mm,Top,0.000000
Q3473,115.750000mm,-135.800000mm,Top,0.000000
Q3474,60.250000mm,-96.600000mm,Top,0.000000
Q3475,63.950000mm,-96.600000mm,Top,0.000000
Q3476,26.950000mm,-82.600000mm,Top,0.000000
Q3477,112.050000mm,-273.000000mm,Top,0.000000
Q3478,104.650000mm,-275.800000mm,Top,0.000000
Q3479,108.350000mm,-275.800000mm,Top,0.000000
Q3480,97.250000mm,-203.000000mm,Top,0.000000
Q3481,256.350000mm,-99.399999mm,Top,0.000000
Q3482,204.550000mm,-155.399999mm,Top,0.000000
Q3483,137.950000mm,-267.399999mm,Top,0.000000
Q3484,137.950000mm,-270.200000mm,Top,0.000000
Q3485,97.250000mm,-88.199999mm,Top,0.000000
Q3486,104.650000mm,-82.600000mm,Top,0.000000
Q3487,223.050000mm,-191.799999mm,Top,0.000000
Q3488,223.050000mm,-194.600000mm,Top,0.000000
Q3489,186.050000mm,-239.399999mm,Top,0.000000
Q3490,252.650000mm,-247.799999mm,Top,0.000000
Q3491,208.250000mm,-211.399999mm,Top,0.000000
Q3492,245.250000mm,-99.399999mm,Top,0.000000
Q3493,19.550000mm,-68.600000mm,Top,0.000000
Q3494,193.450000mm,-259.000000mm,Top,0.000000
Q3495,137.950000mm,-242.200000mm,Top,0.000000
Q3496,137.950000mm,-244.999999mm,Top,0.000000
Q3497,145.350000mm,-250.600000mm,Top,0.000000
Q3498,78.750000mm,-149.799999mm,Top,0.000000
Q3499,71.350000mm,-155.399999mm,Top,0.000000
Q3500,71.350000mm,-166.600000mm,Top,0.000000
Q3501,104.650000mm,-169.399999mm,Top,0.000000
Q3502,100.950000mm,-172.200000mm,Top,0.000000
Q3503,100.950000mm,-203.000000mm,Top,0.000000
Q3504,204.550000mm,-26.600000mm,Top,0.000000
Q3505,152.750000mm,-105.000000mm,Top,0.000000
Q3506,141.650000mm,-275.800000mm,Top,0.000000
Q3507,137.950000mm,-197.399999mm,Top,0.000000
Q3508,52.850000mm,-214.200000mm,Top,0.000000
Q3509,152.750000mm,-183.399999mm,Top,0.000000
Q3510,178.650000mm,-175.000000mm,Top,0.000000
Q3511,267.450000mm,-158.200000mm,Top,0.000000
Q3512,41.750000mm,-79.800000mm,Top,0.000000
Q3513,41.750000mm,-82.600000mm,Top,0.000000
Q3514,63.950000mm,-74.199999mm,Top,0.000000
Q3515,67.650000mm,-71.400000mm,Top,0.000000
Q3516,49.150000mm,-82.600000mm,Top,0.000000
Q3517,67.650000mm,-82.600000mm,Top,0.000000
Q3518,75.050000mm,-68.600000mm,Top,0.000000
Q3519,75.050000mm,-77.000000mm,Top,0.000000
Q3520,78.750000mm,-79.800000mm,Top,0.000000
Q3521,82.450000mm,-79.800000mm,Top,0.000000
Q3522,100.950000mm,-74.199999mm,Top,0.000000
Q3523,104.650000mm,-74.199999mm,Top,0.000000
Q3524,104.650000mm,-77.000000mm,Top,0.000000
Q3525,104.650000mm,-79.800000mm,Top,0.000000
Q3526,119.450000mm,-74.199999mm,Top,0.000000
Q3527,119.450000mm,-77.000000mm,Top,0.000000
Q3528,115.750000mm,-68.600000mm,Top,0.000000
Q3529,119.450000mm,-79.800000mm,Top,0.000000
Q3530,126.850000mm,-68.600000mm,Top,0.000000
Q3531,141.650000mm,-74.199999mm,Top,0.000000
Q3532,145.350000mm,-68.600000mm,Top,0.000000
Q3533,145.350000mm,-71.400000mm,Top,0.000000
Q3534,145.350000mm,-74.199999mm,Top,0.000000
Q3535,145.350000mm,-77.000000mm,Top,0.000000
Q3536,160.150000mm,-71.400000mm,Top,0.000000
Q3537,167.550000mm,-74.199999mm,Top,0.000000
Q3538,182.350000mm,-71.400000mm,Top,0.000000
Q3539,200.850000mm,-74.199999mm,Top,0.000000
Q3540,208.250000mm,-74.199999mm,Top,0.000000
Q3541,211.950000mm,-74.199999mm,Top,0.000000
Q3542,208.250000mm,-77.000000mm,Top,0.000000
Q3543,230.450000mm,-74.199999mm,Top,0.000000
Q3544,230.450000mm,-77.000000mm,Top,0.000000
Q3545,245.250000mm,-74.199999mm,Top,0.000000
Q3546,211.950000mm,-93.800000mm,Top,0.000000
Q3547,19.550000mm,-273.000000mm,Top,0.000000
Q3548,260.050000mm,-93.800000mm,Top,0.000000
Q3549,260.050000mm,-96.600000mm,Top,0.000000
Q3550,263.750000mm,-102.199999mm,Top,0.000000
Q3551,134.250000mm,-127.399999mm,Top,0.000000
Q3552,137.950000mm,-205.799999mm,Top,0.000000
Q3553,137.950000mm,-208.600000mm,Top,0.000000
Q3554,197.150000mm,-133.000000mm,Top,0.000000
Q3555,200.850000mm,-133.000000mm,Top,0.000000
Q3556,182.350000mm,-144.200000mm,Top,0.000000
Q3557,49.150000mm,-261.799999mm,Top,0.000000
Q3558,45.450000mm,-233.799999mm,Top,0.000000
Q3559,49.150000mm,-273.000000mm,Top,0.000000
Q3560,45.450000mm,-244.999999mm,Top,0.000000
Q3561,97.250000mm,-175.000000mm,Top,0.000000
Q3562,49.150000mm,-214.200000mm,Top,0.000000
Q3563,45.450000mm,-208.600000mm,Top,0.000000
Q3564,45.450000mm,-214.200000mm,Top,0.000000
Q3565,45.450000mm,-231.000000mm,Top,0.000000
Q3566,45.450000mm,-239.399999mm,Top,0.000000
Q3567,45.450000mm,-242.200000mm,Top,0.000000
Q3568,223.050000mm,-208.600000mm,Top,0.000000
Q3569,223.050000mm,-214.200000mm,Top,0.000000
Q3570,156.450000mm,-244.999999mm,Top,0.000000
Q3571,115.750000mm,-244.999999mm,Top,0.000000
Q3572,248.950000mm,-74.199999mm,Top,0.000000
Q3573,241.550000mm,-107.800000mm,Top,0.000000
Q3574,49.150000mm,-29.400000mm,Top,0.000000
Q3575,49.150000mm,-26.600000mm,Top,0.000000
Q3576,226.750000mm,-161.000000mm,Top,0.000000
Q3577,223.050000mm,-158.200000mm,Top,0.000000
Q3578,108.350000mm,-169.399999mm,Top,0.000000
Q3579,108.350000mm,-172.200000mm,Top,0.000000
Q3580,215.650000mm,-275.800000mm,Top,0.000000
Q3581,145.350000mm,-292.599999mm,Top,0.000000
Q3582,149.050000mm,-287.000000mm,Top,0.000000
Q3583,78.750000mm,-284.200000mm,Top,0.000000
Q3584,78.750000mm,-292.599999mm,Top,0.000000
Q3585,56.550000mm,-161.000000mm,Top,0.000000
Q3586,52.850000mm,-158.200000mm,Top,0.000000
Q3587,223.050000mm,-242.200000mm,Top,0.000000
Q3588,75.050000mm,-82.600000mm,Top,0.000000
Q3589,104.650000mm,-93.800000mm,Top,0.000000
Q3590,41.750000mm,-189.000000mm,Top,0.000000
Q3591,41.750000mm,-191.799999mm,Top,0.000000
Q3592,97.250000mm,-205.799999mm,Top,0.000000
Q3593,100.950000mm,-191.799999mm,Top,0.000000
Q3594,97.250000mm,-217.000000mm,Top,0.000000
Q3595,63.950000mm,-175.000000mm,Top,0.000000
Q3596,171.250000mm,-244.999999mm,Top,0.000000
Q3597,41.750000mm,-228.200000mm,Top,0.000000
Q3598,41.750000mm,-231.000000mm,Top,0.000000
Q3599,41.750000mm,-236.600000mm,Top,0.000000
Q3600,45.450000mm,-180.600000mm,Top,0.000000
Q3601,41.750000mm,-194.600000mm,Top,0.000000
Q3602,115.750000mm,-211.399999mm,Top,0.000000
Q3603,49.150000mm,-175.000000mm,Top,0.000000
Q3604,167.550000mm,-133.000000mm,Top,0.000000
Q3605,241.550000mm,-93.800000mm,Top,0.000000
Q3606,241.550000mm,-96.600000mm,Top,0.000000
Q3607,241.550000mm,-102.199999mm,Top,0.000000
Q3608,197.150000mm,-261.799999mm,Top,0.000000
Q3609,197.150000mm,-96.600000mm,Top,0.000000
Q3610,204.550000mm,-107.800000mm,Top,0.000000
Q3611,208.250000mm,-107.800000mm,Top,0.000000
Q3612,112.050000mm,-79.800000mm,Top,0.000000
Q3613,100.950000mm,-264.600000mm,Top,0.000000
Q3614,108.350000mm,-264.600000mm,Top,0.000000
Q3615,71.350000mm,-284.200000mm,Top,0.000000
Q3616,134.250000mm,-166.600000mm,Top,0.000000
Q3617,241.550000mm,-99.399999mm,Top,0.000000
Q3618,245.250000mm,-155.399999mm,Top,0.000000
Q3619,226.750000mm,-105.000000mm,Top,0.000000
Q3620,163.850000mm,-127.399999mm,Top,0.000000
Q3621,145.350000mm,-85.399999mm,Top,0.000000
Q3622,115.750000mm,-186.200000mm,Top,0.000000
Q3623,123.150000mm,-105.000000mm,Top,0.000000
Q3624,149.050000mm,-88.199999mm,Top,0.000000
Q3625,197.150000mm,-242.200000mm,Top,0.000000
Q3626,197.150000mm,-247.799999mm,Top,0.000000
Q3627,197.150000mm,-236.600000mm,Top,0.000000
Q3628,200.850000mm,-231.000000mm,Top,0.000000
Q3629,197.150000mm,-273.000000mm,Top,0.000000
Q3630,200.850000mm,-267.399999mm,Top,0.000000
Q3631,200.850000mm,-259.000000mm,Top,0.000000
Q3632,200.850000mm,-261.799999mm,Top,0.000000
Q3633,193.450000mm,-200.200000mm,Top,0.000000
Q3634,197.150000mm,-194.600000mm,Top,0.000000
Q3635,197.150000mm,-189.000000mm,Top,0.000000
Q3636,200.850000mm,-183.399999mm,Top,0.000000
Q3637,197.150000mm,-222.600000mm,Top,0.000000
Q3638,197.150000mm,-225.399999mm,Top,0.000000
Q3639,193.450000mm,-211.399999mm,Top,0.000000
Q3640,197.150000mm,-214.200000mm,Top,0.000000
Q3641,156.450000mm,-247.799999mm,Top,0.000000
Q3642,156.450000mm,-259.000000mm,Top,0.000000
Q3643,45.450000mm,-250.600000mm,Top,0.000000
Q3644,45.450000mm,-261.799999mm,Top,0.000000
Q3645,186.050000mm,-284.200000mm,Top,0.000000
Q3646,115.750000mm,-250.600000mm,Top,0.000000
Q3647,182.350000mm,-205.799999mm,Top,0.000000
Q3648,189.750000mm,-205.799999mm,Top,0.000000
Q3649,186.050000mm,-214.200000mm,Top,0.000000
Q3650,89.850000mm,-180.600000mm,Top,0.000000
Q3651,211.950000mm,-203.000000mm,Top,0.000000
Q3652,182.350000mm,-214.200000mm,Top,0.000000
Q3653,208.250000mm,-130.199999mm,Top,0.000000
Q3654,97.250000mm,-127.399999mm,Top,0.000000
Q3655,112.050000mm,-147.000000mm,Top,0.000000
Q3656,60.250000mm,-180.600000mm,Top,0.000000
Q3657,63.950000mm,-180.600000mm,Top,0.000000
Q3658,89.850000mm,-275.800000mm,Top,0.000000
Q3659,237.850000mm,-133.000000mm,Top,0.000000
Q3660,234.150000mm,-130.199999mm,Top,0.000000
Q3661,115.750000mm,-149.799999mm,Top,0.000000
Q3662,112.050000mm,-152.600000mm,Top,0.000000
Q3663,119.450000mm,-149.799999mm,Top,0.000000
Q3664,115.750000mm,-147.000000mm,Top,0.000000
Q3665,119.450000mm,-147.000000mm,Top,0.000000
Q3666,115.750000mm,-144.200000mm,Top,0.000000
Q3667,226.750000mm,-107.800000mm,Top,0.000000
Q3668,134.250000mm,-88.199999mm,Top,0.000000
Q3669,100.950000mm,-253.399999mm,Top,0.000000
Q3670,100.950000mm,-242.200000mm,Top,0.000000
Q3671,93.550000mm,-275.800000mm,Top,0.000000
Q3672,67.650000mm,-281.400000mm,Top,0.000000
Q3673,67.650000mm,-180.600000mm,Top,0.000000
Q3674,71.350000mm,-180.600000mm,Top,0.000000
Q3675,108.350000mm,-228.200000mm,Top,0.000000
Q3676,112.050000mm,-228.200000mm,Top,0.000000
Q3677,112.050000mm,-242.200000mm,Top,0.000000
Q3678,112.050000mm,-250.600000mm,Top,0.000000
Q3679,23.250000mm,-96.600000mm,Top,0.000000
Q3680,19.550000mm,-96.600000mm,Top,0.000000
Q3681,112.050000mm,-205.799999mm,Top,0.000000
Q3682,115.750000mm,-197.399999mm,Top,0.000000
Q3683,178.650000mm,-144.200000mm,Top,0.000000
Q3684,174.950000mm,-135.800000mm,Top,0.000000
Q3685,130.550000mm,-228.200000mm,Top,0.000000
Q3686,160.150000mm,-141.399999mm,Top,0.000000
Q3687,230.450000mm,-186.200000mm,Top,0.000000
Q3688,137.950000mm,-203.000000mm,Top,0.000000
Q3689,137.950000mm,-211.399999mm,Top,0.000000
Q3690,267.450000mm,-124.600000mm,Top,0.000000
Q3691,126.850000mm,-270.200000mm,Top,0.000000
Q3692,123.150000mm,-267.399999mm,Top,0.000000
Q3693,230.450000mm,-219.799999mm,Top,0.000000
Q3694,152.750000mm,-121.800000mm,Top,0.000000
Q3695,245.250000mm,-147.000000mm,Top,0.000000
Q3696,234.150000mm,-141.399999mm,Top,0.000000
Q3697,82.450000mm,-127.399999mm,Top,0.000000
Q3698,145.350000mm,-113.399999mm,Top,0.000000
Q3699,34.350000mm,-85.399999mm,Top,0.000000
Q3700,34.350000mm,-96.600000mm,Top,0.000000
Q3701,45.450000mm,-186.200000mm,Top,0.000000
Q3702,41.750000mm,-183.399999mm,Top,0.000000
Q3703,141.650000mm,-91.000000mm,Top,0.000000
Q3704,19.550000mm,-71.400000mm,Top,0.000000
Q3705,23.250000mm,-65.800000mm,Top,0.000000
Q3706,115.750000mm,-242.200000mm,Top,0.000000
Q3707,112.050000mm,-278.599999mm,Top,0.000000
Q3708,115.750000mm,-191.799999mm,Top,0.000000
Q3709,115.750000mm,-200.200000mm,Top,0.000000
Q3710,141.650000mm,-239.399999mm,Top,0.000000
Q3711,156.450000mm,-231.000000mm,Top,0.000000
Q3712,178.650000mm,-208.600000mm,Top,0.000000
Q3713,45.450000mm,-273.000000mm,Top,0.000000
Q3714,93.550000mm,-29.400000mm,Top,0.000000
Q3715,30.650000mm,-29.400000mm,Top,0.000000
Q3716,34.350000mm,-68.600000mm,Top,0.000000
Q3717,38.050000mm,-54.599999mm,Top,0.000000
Q3718,30.650000mm,-79.800000mm,Top,0.000000
Q3719,30.650000mm,-82.600000mm,Top,0.000000
Q3720,26.950000mm,-85.399999mm,Top,0.000000
Q3721,30.650000mm,-85.399999mm,Top,0.000000
Q3722,38.050000mm,-46.199999mm,Top,0.000000
Q3723,38.050000mm,-85.399999mm,Top,0.000000
Q3724,78.750000mm,-60.199999mm,Top,0.000000
Q3725,78.750000mm,-82.600000mm,Top,0.000000
Q3726,82.450000mm,-63.000000mm,Top,0.000000
Q3727,82.450000mm,-82.600000mm,Top,0.000000
Q3728,86.150000mm,-60.199999mm,Top,0.000000
Q3729,86.150000mm,-65.800000mm,Top,0.000000
Q3730,86.150000mm,-68.600000mm,Top,0.000000
Q3731,86.150000mm,-71.400000mm,Top,0.000000
Q3732,86.150000mm,-74.199999mm,Top,0.000000
Q3733,89.850000mm,-71.400000mm,Top,0.000000
Q3734,97.250000mm,-68.600000mm,Top,0.000000
Q3735,97.250000mm,-71.400000mm,Top,0.000000
Q3736,100.950000mm,-68.600000mm,Top,0.000000
Q3737,100.950000mm,-71.400000mm,Top,0.000000
Q3738,89.850000mm,-74.199999mm,Top,0.000000
Q3739,97.250000mm,-74.199999mm,Top,0.000000
Q3740,112.050000mm,-63.000000mm,Top,0.000000
Q3741,112.050000mm,-65.800000mm,Top,0.000000
Q3742,115.750000mm,-60.199999mm,Top,0.000000
Q3743,115.750000mm,-63.000000mm,Top,0.000000
Q3744,93.550000mm,-77.000000mm,Top,0.000000
Q3745,123.150000mm,-65.800000mm,Top,0.000000
Q3746,130.550000mm,-63.000000mm,Top,0.000000
Q3747,137.950000mm,-63.000000mm,Top,0.000000
Q3748,123.150000mm,-79.800000mm,Top,0.000000
Q3749,123.150000mm,-82.600000mm,Top,0.000000
Q3750,156.450000mm,-68.600000mm,Top,0.000000
Q3751,156.450000mm,-79.800000mm,Top,0.000000
Q3752,160.150000mm,-57.400000mm,Top,0.000000
Q3753,160.150000mm,-65.800000mm,Top,0.000000
Q3754,160.150000mm,-74.199999mm,Top,0.000000
Q3755,160.150000mm,-77.000000mm,Top,0.000000
Q3756,163.850000mm,-57.400000mm,Top,0.000000
Q3757,163.850000mm,-60.199999mm,Top,0.000000
Q3758,163.850000mm,-65.800000mm,Top,0.000000
Q3759,163.850000mm,-68.600000mm,Top,0.000000
Q3760,163.850000mm,-71.400000mm,Top,0.000000
Q3761,167.550000mm,-68.600000mm,Top,0.000000
Q3762,171.250000mm,-65.800000mm,Top,0.000000
Q3763,171.250000mm,-68.600000mm,Top,0.000000
Q3764,171.250000mm,-71.400000mm,Top,0.000000
Q3765,178.650000mm,-71.400000mm,Top,0.000000
Q3766,174.950000mm,-74.199999mm,Top,0.000000
Q3767,193.450000mm,-68.600000mm,Top,0.000000
Q3768,178.650000mm,-74.199999mm,Top,0.000000
Q3769,182.350000mm,-74.199999mm,Top,0.000000
Q3770,200.850000mm,-68.600000mm,Top,0.000000
Q3771,204.550000mm,-63.000000mm,Top,0.000000
Q3772,182.350000mm,-77.000000mm,Top,0.000000
Q3773,186.050000mm,-77.000000mm,Top,0.000000
Q3774,197.150000mm,-77.000000mm,Top,0.000000
Q3775,200.850000mm,-77.000000mm,Top,0.000000
Q3776,204.550000mm,-77.000000mm,Top,0.000000
Q3777,234.150000mm,-74.199999mm,Top,0.000000
Q3778,237.850000mm,-57.400000mm,Top,0.000000
Q3779,237.850000mm,-71.400000mm,Top,0.000000
Q3780,237.850000mm,-74.199999mm,Top,0.000000
Q3781,241.550000mm,-68.600000mm,Top,0.000000
Q3782,241.550000mm,-71.400000mm,Top,0.000000
Q3783,245.250000mm,-68.600000mm,Top,0.000000
Q3784,248.950000mm,-63.000000mm,Top,0.000000
Q3785,248.950000mm,-65.800000mm,Top,0.000000
Q3786,67.650000mm,-141.399999mm,Top,0.000000
Q3787,63.950000mm,-138.600000mm,Top,0.000000
Q3788,49.150000mm,-278.599999mm,Top,0.000000
Q3789,174.950000mm,-79.800000mm,Top,0.000000
Q3790,174.950000mm,-85.399999mm,Top,0.000000
Q3791,223.050000mm,-239.399999mm,Top,0.000000
Q3792,226.750000mm,-242.200000mm,Top,0.000000
Q3793,78.750000mm,-180.600000mm,Top,0.000000
Q3794,123.150000mm,-85.399999mm,Top,0.000000
Q3795,45.450000mm,-177.799999mm,Top,0.000000
Q3796,45.450000mm,-183.399999mm,Top,0.000000
Q3797,211.950000mm,-292.599999mm,Top,0.000000
Q3798,215.650000mm,-287.000000mm,Top,0.000000
Q3799,174.950000mm,-270.200000mm,Top,0.000000
Q3800,152.750000mm,-175.000000mm,Top,0.000000
Q3801,208.250000mm,-149.799999mm,Top,0.000000
Q3802,126.850000mm,-219.799999mm,Top,0.000000
Q3803,193.450000mm,-169.399999mm,Top,0.000000
Q3804,193.450000mm,-172.200000mm,Top,0.000000
Q3805,189.750000mm,-124.600000mm,Top,0.000000
Q3806,156.450000mm,-124.600000mm,Top,0.000000
Q3807,156.450000mm,-127.399999mm,Top,0.000000
Q3808,112.050000mm,-135.800000mm,Top,0.000000
Q3809,108.350000mm,-133.000000mm,Top,0.000000
Q3810,130.550000mm,-259.000000mm,Top,0.000000
Q3811,134.250000mm,-270.200000mm,Top,0.000000
Q3812,130.550000mm,-267.399999mm,Top,0.000000
Q3813,215.650000mm,-203.000000mm,Top,0.000000
Q3814,252.650000mm,-88.199999mm,Top,0.000000
Q3815,174.950000mm,-259.000000mm,Top,0.000000
Q3816,174.950000mm,-264.600000mm,Top,0.000000
Q3817,178.650000mm,-264.600000mm,Top,0.000000
Q3818,182.350000mm,-267.399999mm,Top,0.000000
Q3819,134.250000mm,-91.000000mm,Top,0.000000
Q3820,260.050000mm,-121.800000mm,Top,0.000000
Q3821,145.350000mm,-121.800000mm,Top,0.000000
Q3822,141.650000mm,-119.000000mm,Top,0.000000
Q3823,67.650000mm,-85.399999mm,Top,0.000000
Q3824,267.450000mm,-54.599999mm,Top,0.000000
Q3825,267.450000mm,-57.400000mm,Top,0.000000
Q3826,41.750000mm,-233.799999mm,Top,0.000000
Q3827,71.350000mm,-281.400000mm,Top,0.000000
Q3828,75.050000mm,-281.400000mm,Top,0.000000
Q3829,211.950000mm,-233.799999mm,Top,0.000000
Q3830,215.650000mm,-231.000000mm,Top,0.000000
Q3831,41.750000mm,-169.399999mm,Top,0.000000
Q3832,215.650000mm,-135.800000mm,Top,0.000000
Q3833,219.350000mm,-119.000000mm,Top,0.000000
Q3834,78.750000mm,-281.400000mm,Top,0.000000
Q3835,82.450000mm,-281.400000mm,Top,0.000000
Q3836,41.750000mm,-239.399999mm,Top,0.000000
Q3837,167.550000mm,-166.600000mm,Top,0.000000
Q3838,256.350000mm,-46.199999mm,Top,0.000000
Q3839,204.550000mm,-284.200000mm,Top,0.000000
Q3840,200.850000mm,-264.600000mm,Top,0.000000
Q3841,204.550000mm,-267.399999mm,Top,0.000000
Q3842,171.250000mm,-113.399999mm,Top,0.000000
Q3843,197.150000mm,-200.200000mm,Top,0.000000
Q3844,145.350000mm,-88.199999mm,Top,0.000000
Q3845,145.350000mm,-93.800000mm,Top,0.000000
Q3846,41.750000mm,-205.799999mm,Top,0.000000
Q3847,219.350000mm,-211.399999mm,Top,0.000000
Q3848,223.050000mm,-205.799999mm,Top,0.000000
Q3849,156.450000mm,-99.399999mm,Top,0.000000
Q3850,152.750000mm,-99.399999mm,Top,0.000000
Q3851,108.350000mm,-32.200000mm,Top,0.000000
Q3852,41.750000mm,-247.799999mm,Top,0.000000
Q3853,41.750000mm,-250.600000mm,Top,0.000000
Q3854,41.750000mm,-259.000000mm,Top,0.000000
Q3855,41.750000mm,-261.799999mm,Top,0.000000
Q3856,41.750000mm,-222.600000mm,Top,0.000000
Q3857,41.750000mm,-225.399999mm,Top,0.000000
Q3858,41.750000mm,-242.200000mm,Top,0.000000
Q3859,41.750000mm,-244.999999mm,Top,0.000000
Q3860,41.750000mm,-253.399999mm,Top,0.000000
Q3861,63.950000mm,-135.800000mm,Top,0.000000
Q3862,178.650000mm,-79.800000mm,Top,0.000000
Q3863,178.650000mm,-85.399999mm,Top,0.000000
Q3864,237.850000mm,-105.000000mm,Top,0.000000
Q3865,237.850000mm,-107.800000mm,Top,0.000000
Q3866,163.850000mm,-88.199999mm,Top,0.000000
Q3867,119.450000mm,-183.399999mm,Top,0.000000
Q3868,119.450000mm,-189.000000mm,Top,0.000000
Q3869,86.150000mm,-281.400000mm,Top,0.000000
Q3870,200.850000mm,-194.600000mm,Top,0.000000
Q3871,200.850000mm,-197.399999mm,Top,0.000000
Q3872,200.850000mm,-186.200000mm,Top,0.000000
Q3873,200.850000mm,-189.000000mm,Top,0.000000
Q3874,197.150000mm,-217.000000mm,Top,0.000000
Q3875,200.850000mm,-217.000000mm,Top,0.000000
Q3876,197.150000mm,-205.799999mm,Top,0.000000
Q3877,200.850000mm,-205.799999mm,Top,0.000000
Q3878,200.850000mm,-242.200000mm,Top,0.000000
Q3879,200.850000mm,-244.999999mm,Top,0.000000
Q3880,200.850000mm,-233.799999mm,Top,0.000000
Q3881,200.850000mm,-236.600000mm,Top,0.000000
Q3882,197.150000mm,-253.399999mm,Top,0.000000
Q3883,200.850000mm,-253.399999mm,Top,0.000000
Q3884,163.850000mm,-102.199999mm,Top,0.000000
Q3885,219.350000mm,-177.799999mm,Top,0.000000
Q3886,141.650000mm,-175.000000mm,Top,0.000000
Q3887,104.650000mm,-26.600000mm,Top,0.000000
Q3888,126.850000mm,-214.200000mm,Top,0.000000
Q3889,123.150000mm,-214.200000mm,Top,0.000000
Q3890,178.650000mm,-242.200000mm,Top,0.000000
Q3891,178.650000mm,-250.600000mm,Top,0.000000
Q3892,226.750000mm,-85.399999mm,Top,0.000000
Q3893,45.450000mm,-281.400000mm,Top,0.000000
Q3894,134.250000mm,-214.200000mm,Top,0.000000
Q3895,130.550000mm,-211.399999mm,Top,0.000000
Q3896,89.850000mm,-281.400000mm,Top,0.000000
Q3897,63.950000mm,-284.200000mm,Top,0.000000
Q3898,19.550000mm,-214.200000mm,Top,0.000000
Q3899,82.450000mm,-124.600000mm,Top,0.000000
Q3900,137.950000mm,-130.199999mm,Top,0.000000
Q3901,197.150000mm,-135.800000mm,Top,0.000000
Q3902,200.850000mm,-135.800000mm,Top,0.000000
Q3903,38.050000mm,-200.200000mm,Top,0.000000
Q3904,41.750000mm,-203.000000mm,Top,0.000000
Q3905,189.750000mm,-138.600000mm,Top,0.000000
Q3906,71.350000mm,-169.399999mm,Top,0.000000
Q3907,67.650000mm,-175.000000mm,Top,0.000000
Q3908,182.350000mm,-244.999999mm,Top,0.000000
Q3909,182.350000mm,-247.799999mm,Top,0.000000
Q3910,260.050000mm,-200.200000mm,Top,0.000000
Q3911,234.150000mm,-144.200000mm,Top,0.000000
Q3912,230.450000mm,-138.600000mm,Top,0.000000
Q3913,45.450000mm,-163.799999mm,Top,0.000000
Q3914,41.750000mm,-155.399999mm,Top,0.000000
Q3915,134.250000mm,-236.600000mm,Top,0.000000
Q3916,112.050000mm,-127.399999mm,Top,0.000000
Q3917,115.750000mm,-205.799999mm,Top,0.000000
Q3918,226.750000mm,-275.800000mm,Top,0.000000
Q3919,219.350000mm,-275.800000mm,Top,0.000000
Q3920,56.550000mm,-175.000000mm,Top,0.000000
Q3921,97.250000mm,-166.600000mm,Top,0.000000
Q3922,119.450000mm,-244.999999mm,Top,0.000000
Q3923,115.750000mm,-214.200000mm,Top,0.000000
Q3924,115.750000mm,-228.200000mm,Top,0.000000
Q3925,115.750000mm,-208.600000mm,Top,0.000000
Q3926,115.750000mm,-231.000000mm,Top,0.000000
Q3927,112.050000mm,-144.200000mm,Top,0.000000
Q3928,245.250000mm,-172.200000mm,Top,0.000000
Q3929,171.250000mm,-169.399999mm,Top,0.000000
Q3930,174.950000mm,-175.000000mm,Top,0.000000
Q3931,134.250000mm,-228.200000mm,Top,0.000000
Q3932,123.150000mm,-169.399999mm,Top,0.000000
Q3933,123.150000mm,-177.799999mm,Top,0.000000
Q3934,41.750000mm,-256.200000mm,Top,0.000000
Q3935,141.650000mm,-124.600000mm,Top,0.000000
Q3936,82.450000mm,-155.399999mm,Top,0.000000
Q3937,245.250000mm,-278.599999mm,Top,0.000000
Q3938,123.150000mm,-152.600000mm,Top,0.000000
Q3939,82.450000mm,-149.799999mm,Top,0.000000
Q3940,78.750000mm,-147.000000mm,Top,0.000000
Q3941,160.150000mm,-119.000000mm,Top,0.000000
Q3942,134.250000mm,-267.399999mm,Top,0.000000
Q3943,19.550000mm,-228.200000mm,Top,0.000000
Q3944,89.850000mm,-161.000000mm,Top,0.000000
Q3945,86.150000mm,-158.200000mm,Top,0.000000
Q3946,186.050000mm,-110.600000mm,Top,0.000000
Q3947,86.150000mm,-93.800000mm,Top,0.000000
Q3948,89.850000mm,-88.199999mm,Top,0.000000
Q3949,78.750000mm,-155.399999mm,Top,0.000000
Q3950,38.050000mm,-244.999999mm,Top,0.000000
Q3951,182.350000mm,-203.000000mm,Top,0.000000
Q3952,197.150000mm,-203.000000mm,Top,0.000000
Q3953,182.350000mm,-219.799999mm,Top,0.000000
Q3954,178.650000mm,-217.000000mm,Top,0.000000
Q3955,182.350000mm,-228.200000mm,Top,0.000000
Q3956,211.950000mm,-155.399999mm,Top,0.000000
Q3957,182.350000mm,-250.600000mm,Top,0.000000
Q3958,174.950000mm,-250.600000mm,Top,0.000000
Q3959,119.450000mm,-222.600000mm,Top,0.000000
Q3960,119.450000mm,-228.200000mm,Top,0.000000
Q3961,178.650000mm,-203.000000mm,Top,0.000000
Q3962,189.750000mm,-191.799999mm,Top,0.000000
Q3963,100.950000mm,-79.800000mm,Top,0.000000
Q3964,256.350000mm,-183.399999mm,Top,0.000000
Q3965,119.450000mm,-242.200000mm,Top,0.000000
Q3966,119.450000mm,-250.600000mm,Top,0.000000
Q3967,115.750000mm,-253.399999mm,Top,0.000000
Q3968,200.850000mm,-93.800000mm,Top,0.000000
Q3969,86.150000mm,-161.000000mm,Top,0.000000
Q3970,82.450000mm,-158.200000mm,Top,0.000000
Q3971,126.850000mm,-29.400000mm,Top,0.000000
Q3972,223.050000mm,-119.000000mm,Top,0.000000
Q3973,226.750000mm,-113.399999mm,Top,0.000000
Q3974,93.550000mm,-180.600000mm,Top,0.000000
Q3975,100.950000mm,-180.600000mm,Top,0.000000
Q3976,137.950000mm,-88.199999mm,Top,0.000000
Q3977,75.050000mm,-166.600000mm,Top,0.000000
Q3978,78.750000mm,-172.200000mm,Top,0.000000
Q3979,149.050000mm,-93.800000mm,Top,0.000000
Q3980,149.050000mm,-96.600000mm,Top,0.000000
Q3981,82.450000mm,-166.600000mm,Top,0.000000
Q3982,104.650000mm,-180.600000mm,Top,0.000000
Q3983,41.750000mm,-264.600000mm,Top,0.000000
Q3984,30.650000mm,-43.400000mm,Top,0.000000
Q3985,260.050000mm,-116.199999mm,Top,0.000000
Q3986,256.350000mm,-119.000000mm,Top,0.000000
Q3987,260.050000mm,-119.000000mm,Top,0.000000
Q3988,263.750000mm,-119.000000mm,Top,0.000000
Q3989,41.750000mm,-208.600000mm,Top,0.000000
Q3990,41.750000mm,-211.399999mm,Top,0.000000
Q3991,41.750000mm,-214.200000mm,Top,0.000000
Q3992,41.750000mm,-217.000000mm,Top,0.000000
Q3993,38.050000mm,-189.000000mm,Top,0.000000
Q3994,211.950000mm,-239.399999mm,Top,0.000000
Q3995,104.650000mm,-99.399999mm,Top,0.000000
Q3996,167.550000mm,-144.200000mm,Top,0.000000
Q3997,178.650000mm,-222.600000mm,Top,0.000000
Q3998,174.950000mm,-228.200000mm,Top,0.000000
Q3999,178.650000mm,-228.200000mm,Top,0.000000
Q4000,149.050000mm,-189.000000mm,Top,0.000000
Q4001,149.050000mm,-200.200000mm,Top,0.000000
Q4002,149.050000mm,-211.399999mm,Top,0.000000
Q4003,149.050000mm,-222.600000mm,Top,0.000000
Q4004,149.050000mm,-233.799999mm,Top,0.000000
Q4005,149.050000mm,-247.799999mm,Top,0.000000
Q4006,149.050000mm,-259.000000mm,Top,0.000000
Q4007,149.050000mm,-270.200000mm,Top,0.000000
Q4008,67.650000mm,-189.000000mm,Top,0.000000
Q4009,67.650000mm,-203.000000mm,Top,0.000000
Q4010,67.650000mm,-214.200000mm,Top,0.000000
Q4011,67.650000mm,-225.399999mm,Top,0.000000
Q4012,67.650000mm,-236.600000mm,Top,0.000000
Q4013,67.650000mm,-250.600000mm,Top,0.000000
Q4014,67.650000mm,-261.799999mm,Top,0.000000
Q4015,67.650000mm,-273.000000mm,Top,0.000000
Q4016,63.950000mm,-189.000000mm,Top,0.000000
Q4017,60.250000mm,-197.399999mm,Top,0.000000
Q4018,63.950000mm,-214.200000mm,Top,0.000000
Q4019,63.950000mm,-225.399999mm,Top,0.000000
Q4020,63.950000mm,-236.600000mm,Top,0.000000
Q4021,63.950000mm,-250.600000mm,Top,0.000000
Q4022,63.950000mm,-261.799999mm,Top,0.000000
Q4023,63.950000mm,-273.000000mm,Top,0.000000
Q4024,78.750000mm,-189.000000mm,Top,0.000000
Q4025,78.750000mm,-200.200000mm,Top,0.000000
Q4026,78.750000mm,-211.399999mm,Top,0.000000
Q4027,78.750000mm,-222.600000mm,Top,0.000000
Q4028,78.750000mm,-236.600000mm,Top,0.000000
Q4029,78.750000mm,-247.799999mm,Top,0.000000
Q4030,78.750000mm,-259.000000mm,Top,0.000000
Q4031,78.750000mm,-270.200000mm,Top,0.000000
Q4032,197.150000mm,-186.200000mm,Top,0.000000
Q4033,193.450000mm,-197.399999mm,Top,0.000000
Q4034,197.150000mm,-211.399999mm,Top,0.000000
Q4035,193.450000mm,-219.799999mm,Top,0.000000
Q4036,197.150000mm,-233.799999mm,Top,0.000000
Q4037,193.450000mm,-244.999999mm,Top,0.000000
Q4038,197.150000mm,-259.000000mm,Top,0.000000
Q4039,193.450000mm,-267.399999mm,Top,0.000000
Q4040,167.550000mm,-189.000000mm,Top,0.000000
Q4041,167.550000mm,-203.000000mm,Top,0.000000
Q4042,167.550000mm,-211.399999mm,Top,0.000000
Q4043,167.550000mm,-225.399999mm,Top,0.000000
Q4044,167.550000mm,-236.600000mm,Top,0.000000
Q4045,167.550000mm,-250.600000mm,Top,0.000000
Q4046,167.550000mm,-259.000000mm,Top,0.000000
Q4047,167.550000mm,-273.000000mm,Top,0.000000
Q4048,219.350000mm,-147.000000mm,Top,0.000000
Q4049,245.250000mm,-163.799999mm,Top,0.000000
Q4050,200.850000mm,-119.000000mm,Top,0.000000
Q4051,226.750000mm,-149.799999mm,Top,0.000000
Q4052,215.650000mm,-163.799999mm,Top,0.000000
Q4053,241.550000mm,-155.399999mm,Top,0.000000
Q4054,267.450000mm,-147.000000mm,Top,0.000000
