Ref,Val,Package,PosX,PosY,Rot,Side
"C1","100nF","C_0402_1005Metric",8.500000,-20.000000,90.000000,bottom
"C2","100nF","C_0402_1005Metric",8.500000,-23.500000,90.000000,bottom
"C3","100nF","C_0402_1005Metric",8.500000,-27.000000,90.000000,bottom
"C4","100nF","C_0402_1005Metric",8.500000,-30.500000,90.000000,bottom
"C5","100nF","C_0402_1005Metric",8.500000,-34.000000,90.000000,bottom
"C6","100nF","C_0402_1005Metric",8.500000,-37.500000,90.000000,bottom
"C7","100nF","C_0402_1005Metric",8.500000,-41.000000,90.000000,bottom
"C8","100nF","C_0402_1005Metric",8.500000,-44.500000,90.000000,bottom
"C9","100nF","C_0402_1005Metric",8.500000,-48.000000,90.000000,bottom
"C10","100nF","C_0402_1005Metric",8.500000,-51.500000,90.000000,bottom
"C11","100nF","C_0402_1005Metric",8.500000,-55.000000,90.000000,bottom
"C12","100nF","C_0402_1005Metric",8.500000,-58.500000,90.000000,bottom
"C13","100nF","C_0402_1005Metric",8.500000,-62.000000,90.000000,bottom
"C14","100nF","C_0402_1005Metric",8.500000,-65.500000,90.000000,bottom
"C15","100nF","C_0402_1005Metric",8.500000,-69.000000,90.000000,bottom
"C16","100nF","C_0402_1005Metric",8.500000,-72.500000,90.000000,bottom
"C17","100nF","C_0402_1005Metric",8.500000,-76.000000,90.000000,bottom
"C18","100nF","C_0402_1005Metric",8.500000,-79.500000,90.000000,bottom
"C19","100nF","C_0402_1005Metric",8.500000,-83.000000,90.000000,bottom
"C20","100nF","C_0402_1005Metric",8.500000,-86.500000,90.000000,bottom
"C21","100nF","C_0402_1005Metric",8.500000,-90.000000,90.000000,bottom
"C22","100nF","C_0402_1005Metric",8.500000,-93.500000,90.000000,bottom
"C23","100nF","C_0402_1005Metric",8.500000,-97.000000,90.000000,bottom
"C24","100nF","C_0402_1005Metric",8.500000,-100.500000,90.000000,bottom
"C25","100nF","C_0402_1005Metric",8.500000,-104.000000,90.000000,bottom
"C26","100nF","C_0402_1005Metric",8.500000,-107.500000,90.000000,bottom
"C27","100nF","C_0402_1005Metric",8.500000,-139.000000,90.000000,bottom
"C28","100nF","C_0402_1005Metric",8.500000,-142.500000,90.000000,bottom
"C29","100nF","C_0402_1005Metric",8.500000,-146.000000,90.000000,bottom
"C30","100nF","C_0402_1005Metric",8.500000,-149.500000,90.000000,bottom
"C31","100nF","C_0402_1005Metric",8.500000,-153.000000,90.000000,bottom
"C32","100nF","C_0402_1005Metric",8.500000,-156.500000,90.000000,bottom
"C33","100nF","C_0402_1005Metric",8.500000,-160.000000,90.000000,bottom
"C34","100nF","C_0402_1005Metric",8.500000,-163.500000,90.000000,bottom
"C35","100nF","C_0402_1005Metric",282.200000,-79.500000,90.000000,bottom
"C36","100nF","C_0402_1005Metric",282.200000,-83.000000,90.000000,bottom
"C37","100nF","C_0402_1005Metric",282.200000,-86.500000,90.000000,bottom
"C38","100nF","C_0402_1005Metric",282.200000,-90.000000,90.000000,bottom
"C39","100nF","C_0402_1005Metric",282.200000,-93.500000,90.000000,bottom
"C40","100nF","C_0402_1005Metric",282.200000,-97.000000,90.000000,bottom
"C41","100nF","C_0402_1005Metric",282.200000,-100.500000,90.000000,bottom
"C42","100nF","C_0402_1005Metric",282.200000,-104.000000,90.000000,bottom
"C43","100nF","C_0402_1005Metric",282.200000,-107.500000,90.000000,bottom
"C44","100nF","C_0402_1005Metric",282.200000,-111.000000,90.000000,bottom
"C45","100nF","C_0402_1005Metric",282.200000,-114.500000,90.000000,bottom
"C46","100nF","C_0402_1005Metric",282.200000,-118.000000,90.000000,bottom
"C47","100nF","C_0402_1005Metric",282.200000,-121.500000,90.000000,bottom
"C48","100nF","C_0402_1005Metric",282.200000,-125.000000,90.000000,bottom
"C49","100nF","C_0402_1005Metric",282.200000,-128.500000,90.000000,bottom
"C50","100nF","C_0402_1005Metric",282.200000,-132.000000,90.000000,bottom
"C51","100nF","C_0402_1005Metric",282.200000,-135.500000,90.000000,bottom
"C52","100nF","C_0402_1005Metric",282.200000,-139.000000,90.000000,bottom
"C53","100nF","C_0402_1005Metric",282.200000,-142.500000,90.000000,bottom
"C54","100nF","C_0402_1005Metric",282.200000,-146.000000,90.000000,bottom
"C55","100nF","C_0402_1005Metric",282.200000,-149.500000,90.000000,bottom
"C56","100nF","C_0402_1005Metric",282.200000,-153.000000,90.000000,bottom
"C57","100nF","C_0402_1005Metric",282.200000,-156.500000,90.000000,bottom
"C58","100nF","C_0402_1005Metric",282.200000,-160.000000,90.000000,bottom
"C59","100nF","C_0402_1005Metric",282.200000,-163.500000,90.000000,bottom
"C60","100nF","C_0402_1005Metric",282.200000,-167.000000,90.000000,bottom
"C61","100nF","C_0402_1005Metric",282.200000,-170.500000,90.000000,bottom
"C62","100nF","C_0402_1005Metric",282.200000,-174.000000,90.000000,bottom
"C63","100nF","C_0402_1005Metric",282.200000,-177.500000,90.000000,bottom
"C64","100nF","C_0402_1005Metric",282.200000,-230.000000,90.000000,bottom
"C65","100nF","C_0402_1005Metric",282.200000,-233.500000,90.000000,bottom
"C66","100nF","C_0402_1005Metric",11.800000,-20.000000,90.000000,bottom
"C67","100nF","C_0402_1005Metric",11.800000,-23.500000,90.000000,bottom
"C68","100nF","C_0402_1005Metric",11.800000,-27.000000,90.000000,bottom
"C69","100nF","C_0402_1005Metric",11.800000,-30.500000,90.000000,bottom
"C70","100nF","C_0402_1005Metric",11.800000,-34.000000,90.000000,bottom
"C71","100nF","C_0402_1005Metric",11.800000,-37.500000,90.000000,bottom
"C72","100nF","C_0402_1005Metric",11.800000,-41.000000,90.000000,bottom
"C73","100nF","C_0402_1005Metric",11.800000,-44.500000,90.000000,bottom
"C74","100nF","C_0402_1005Metric",11.800000,-48.000000,90.000000,bottom
"C75","100nF","C_0402_1005Metric",11.800000,-51.500000,90.000000,bottom
"C76","100nF","C_0402_1005Metric",11.800000,-55.000000,90.000000,bottom
"C77","100nF","C_0402_1005Metric",11.800000,-58.500000,90.000000,bottom
"C78","100nF","C_0402_1005Metric",11.800000,-62.000000,90.000000,bottom
"C79","100nF","C_0402_1005Metric",11.800000,-65.500000,90.000000,bottom
"C80","100nF","C_0402_1005Metric",11.800000,-69.000000,90.000000,bottom
"C81","100nF","C_0402_1005Metric",11.800000,-72.500000,90.000000,bottom
"C82","100nF","C_0402_1005Metric",11.800000,-76.000000,90.000000,bottom
"C83","100nF","C_0402_1005Metric",11.800000,-79.500000,90.000000,bottom
"C84","100nF","C_0402_1005Metric",11.800000,-83.000000,90.000000,bottom
"C85","100nF","C_0402_1005Metric",11.800000,-86.500000,90.000000,bottom
"C86","100nF","C_0402_1005Metric",11.800000,-90.000000,90.000000,bottom
"C87","100nF","C_0402_1005Metric",11.800000,-93.500000,90.000000,bottom
"C88","100nF","C_0402_1005Metric",11.800000,-97.000000,90.000000,bottom
"C89","100nF","C_0402_1005Metric",11.800000,-100.500000,90.000000,bottom
"C90","100nF","C_0402_1005Metric",11.800000,-104.000000,90.000000,bottom
"C91","100nF","C_0402_1005Metric",11.800000,-107.500000,90.000000,bottom
"C92","100nF","C_0402_1005Metric",11.800000,-139.000000,90.000000,bottom
"C93","100nF","C_0402_1005Metric",11.800000,-142.500000,90.000000,bottom
"C94","100nF","C_0402_1005Metric",11.800000,-146.000000,90.000000,bottom
"C95","100nF","C_0402_1005Metric",11.800000,-149.500000,90.000000,bottom
"C96","100nF","C_0402_1005Metric",11.800000,-153.000000,90.000000,bottom
"C97","10uF","C_0805_2012Metric",263.475758,-314.200000,180.000000,bottom
"C98","10uF","C_0805_2012Metric",267.075758,-312.100000,180.000000,bottom
"C99","10uF","C_0805_2012Metric",139.250079,-314.200000,180.000000,bottom
"C100","10uF","C_0805_2012Metric",142.850079,-312.100000,180.000000,bottom
"D56","1N4148WS","D_SOD-323",117.609940,-9.900000,180.000000,bottom
"D57","1N4148WS","D_SOD-323",117.609940,-12.000000,180.000000,bottom
"D58","1N4148WS","D_SOD-323",46.492798,-9.900000,180.000000,bottom
"D59","1N4148WS","D_SOD-323",46.492798,-12.000000,180.000000,bottom
"D60","1N4148WS","D_SOD-323",22.276329,-9.900000,180.000000,bottom
"D61","1N4148WS","D_SOD-323",22.276329,-12.000000,180.000000,bottom
"D62","1N4148WS","D_SOD-323",86.467119,-9.900000,180.000000,bottom
"D63","1N4148WS","D_SOD-323",86.467119,-12.000000,180.000000,bottom
"D64","1N4148WS","D_SOD-323",191.663866,-9.900000,180.000000,bottom
"D65","1N4148WS","D_SOD-323",191.663866,-12.000000,180.000000,bottom
"D66","1N4148WS","D_SOD-323",243.106950,-9.900000,180.000000,bottom
"D67","1N4148WS","D_SOD-323",243.106950,-12.000000,180.000000,bottom
"R1","10k","R_0402_1005Metric",167.550000,-71.400000,180.000000,bottom
"R2","10k","R_0402_1005Metric",75.050000,-236.600000,180.000000,bottom
"R3","10k","R_0402_1005Metric",137.950000,-68.600000,180.000000,bottom
"R4","10k","R_0402_1005Metric",149.050000,-191.799999,180.000000,bottom
"R5","10k","R_0402_1005Metric",78.750000,-166.600000,180.000000,bottom
"R6","10k","R_0402_1005Metric",141.650000,-205.799999,180.000000,bottom
"R7","10k","R_0402_1005Metric",149.050000,-127.399999,180.000000,bottom
"R8","10k","R_0402_1005Metric",141.650000,-96.600000,180.000000,bottom
"R9","10k","R_0402_1005Metric",189.750000,-133.000000,180.000000,bottom
"R10","10k","R_0402_1005Metric",19.550000,-49.000000,180.000000,bottom
"R11","10k","R_0402_1005Metric",230.450000,-96.600000,180.000000,bottom
"R12","10k","R_0402_1005Metric",182.350000,-138.600000,180.000000,bottom
"R13","10k","R_0402_1005Metric",186.050000,-256.200000,180.000000,bottom
"R14","10k","R_0402_1005Metric",156.450000,-169.399999,180.000000,bottom
"R15","10k","R_0402_1005Metric",112.050000,-211.399999,180.000000,bottom
"R16","10k","R_0402_1005Metric",223.050000,-273.000000,180.000000,bottom
"R17","10k","R_0402_1005Metric",112.050000,-135.800000,180.000000,bottom
"R18","10k","R_0402_1005Metric",145.350000,-60.199999,180.000000,bottom
"R19","10k","R_0402_1005Metric",167.550000,-239.399999,180.000000,bottom
"R20","10k","R_0402_1005Metric",115.750000,-127.399999,180.000000,bottom
"R21","10k","R_0402_1005Metric",219.350000,-147.000000,180.000000,bottom
"R22","10k","R_0402_1005Metric",171.250000,-247.799999,180.000000,bottom
"R23","10k","R_0402_1005Metric",75.050000,-222.600000,180.000000,bottom
"R24","10k","R_0402_1005Metric",82.450000,-166.600000,180.000000,bottom
"R25","10k","R_0402_1005Metric",145.350000,-191.799999,180.000000,bottom
"R26","10k","R_0402_1005Metric",38.050000,-172.200000,180.000000,bottom
"R27","10k","R_0402_1005Metric",189.750000,-236.600000,180.000000,bottom
"R28","10k","R_0402_1005Metric",145.350000,-99.399999,180.000000,bottom
"R29","10k","R_0402_1005Metric",208.250000,-68.600000,180.000000,bottom
"R30","10k","R_0402_1005Metric",100.950000,-63.000000,180.000000,bottom
"R31","10k","R_0402_1005Metric",34.350000,-63.000000,180.000000,bottom
"R32","10k","R_0402_1005Metric",141.650000,-261.799999,180.000000,bottom
"R33","10k","R_0402_1005Metric",263.750000,-121.800000,180.000000,bottom
"R34","10k","R_0402_1005Metric",219.350000,-273.000000,180.000000,bottom
"R35","10k","R_0402_1005Metric",108.350000,-236.600000,180.000000,bottom
"R36","10k","R_0402_1005Metric",130.550000,-99.399999,180.000000,bottom
"R37","10k","R_0402_1005Metric",49.150000,-152.600000,180.000000,bottom
"R38","10k","R_0402_1005Metric",82.450000,-172.200000,180.000000,bottom
"R39","10k","R_0402_1005Metric",193.450000,-247.799999,180.000000,bottom
"R40","10k","R_0402_1005Metric",126.850000,-172.200000,180.000000,bottom
"R41","10k","R_0402_1005Metric",49.150000,-65.800000,180.000000,bottom
"R42","10k","R_0402_1005Metric",208.250000,-161.000000,180.000000,bottom
"R43","10k","R_0402_1005Metric",119.450000,-228.200000,180.000000,bottom
"R44","10k","R_0402_1005Metric",75.050000,-144.200000,180.000000,bottom
"R45","10k","R_0402_1005Metric",123.150000,-158.200000,180.000000,bottom
"R46","10k","R_0402_1005Metric",174.950000,-236.600000,180.000000,bottom
"R47","10k","R_0402_1005Metric",45.450000,-63.000000,180.000000,bottom
"R48","10k","R_0402_1005Metric",89.850000,-29.400000,180.000000,bottom
"R49","10k","R_0402_1005Metric",237.850000,-155.399999,180.000000,bottom
"R50","10k","R_0402_1005Metric",100.950000,-169.399999,180.000000,bottom
"R51","10k","R_0402_1005Metric",260.050000,-121.800000,180.000000,bottom
"R52","10k","R_0402_1005Metric",219.350000,-191.799999,180.000000,bottom
"R53","10k","R_0402_1005Metric",163.850000,-124.600000,180.000000,bottom
"R54","10k","R_0402_1005Metric",108.350000,-186.200000,180.000000,bottom
"R55","10k","R_0402_1005Metric",104.650000,-172.200000,180.000000,bottom
"R56","10k","R_0402_1005Metric",204.550000,-110.600000,180.000000,bottom
"R57","10k","R_0402_1005Metric",100.950000,-208.600000,180.000000,bottom
"R58","10k","R_0402_1005Metric",267.450000,-121.800000,180.000000,bottom
"R59","10k","R_0402_1005Metric",171.250000,-200.200000,180.000000,bottom
"R60","10k","R_0402_1005Metric",104.650000,-270.200000,180.000000,bottom
"R61","10k","R_0402_1005Metric",100.950000,-119.000000,180.000000,bottom
"R62","10k","R_0402_1005Metric",171.250000,-63.000000,180.000000,bottom
"R63","10k","R_0402_1005Metric",119.450000,-253.399999,180.000000,bottom
"R64","10k","R_0402_1005Metric",56.550000,-186.200000,180.000000,bottom
"R65","10k","R_0402_1005Metric",171.250000,-225.399999,180.000000,bottom
"R66","10k","R_0402_1005Metric",245.250000,-99.399999,180.000000,bottom
"R67","10k","R_0402_1005Metric",149.050000,-26.600000,180.000000,bottom
"R68","10k","R_0402_1005Metric",149.050000,-273.000000,180.000000,bottom
"R69","10k","R_0402_1005Metric",49.150000,-172.200000,180.000000,bottom
"R70","10k","R_0402_1005Metric",134.250000,-65.800000,180.000000,bottom
"R71","10k","R_0402_1005Metric",126.850000,-130.199999,180.000000,bottom
"R72","10k","R_0402_1005Metric",56.550000,-166.600000,180.000000,bottom
"R73","10k","R_0402_1005Metric",174.950000,-99.399999,180.000000,bottom
"R74","10k","R_0402_1005Metric",63.950000,-107.800000,180.000000,bottom
"R75","10k","R_0402_1005Metric",167.550000,-225.399999,180.000000,bottom
"R76","10k","R_0402_1005Metric",104.650000,-239.399999,180.000000,bottom
"R77","10k","R_0402_1005Metric",100.950000,-186.200000,180.000000,bottom
"R78","10k","R_0402_1005Metric",156.450000,-71.400000,180.000000,bottom
"R79","10k","R_0402_1005Metric",152.750000,-189.000000,180.000000,bottom
"R80","10k","R_0402_1005Metric",134.250000,-250.600000,180.000000,bottom
"R81","10k","R_0402_1005Metric",86.150000,-133.000000,180.000000,bottom
"R82","10k","R_0402_1005Metric",126.850000,-169.399999,180.000000,bottom
"R83","10k","R_0402_1005Metric",97.250000,-200.200000,180.000000,bottom
"R84","10k","R_0402_1005Metric",163.850000,-79.800000,180.000000,bottom
"R85","10k","R_0402_1005Metric",123.150000,-63.000000,180.000000,bottom
"R86","10k","R_0402_1005Metric",211.950000,-133.000000,180.000000,bottom
"R87","10k","R_0402_1005Metric",52.850000,-166.600000,180.000000,bottom
"R88","10k","R_0402_1005Metric",186.050000,-222.600000,180.000000,bottom
"R89","10k","R_0402_1005Metric",141.650000,-65.800000,180.000000,bottom
"R90","10k","R_0402_1005Metric",89.850000,-287.000000,180.000000,bottom
"R91","10k","R_0402_1005Metric",63.950000,-96.600000,180.000000,bottom
"R92","10k","R_0402_1005Metric",49.150000,-250.600000,180.000000,bottom
"R93","10k","R_0402_1005Metric",108.350000,-259.000000,180.000000,bottom
"R94","10k","R_0402_1005Metric",156.450000,-147.000000,180.000000,bottom
"R95","10k","R_0402_1005Metric",100.950000,-273.000000,180.000000,bottom
"R96","10k","R_0402_1005Metric",49.150000,-261.799999,180.000000,bottom
"R97","10k","R_0402_1005Metric",130.550000,-65.800000,180.000000,bottom
"R98","10k","R_0402_1005Metric",171.250000,-110.600000,180.000000,bottom
"R99","10k","R_0402_1005Metric",160.150000,-144.200000,180.000000,bottom
"R100","10k","R_0402_1005Metric",63.950000,-222.600000,180.000000,bottom
"R101","10k","R_0402_1005Metric",208.250000,-107.800000,180.000000,bottom
"R102","10k","R_0402_1005Metric",23.250000,-40.599999,180.000000,bottom
"R103","10k","R_0402_1005Metric",204.550000,-91.000000,180.000000,bottom
"R104","10k","R_0402_1005Metric",123.150000,-105.000000,180.000000,bottom
"R105","10k","R_0402_1005Metric",108.350000,-211.399999,180.000000,bottom
"R106","10k","R_0402_1005Metric",137.950000,-54.599999,180.000000,bottom
"R107","10k","R_0402_1005Metric",75.050000,-172.200000,180.000000,bottom
"R108","10k","R_0402_1005Metric",182.350000,-110.600000,180.000000,bottom
"R109","10k","R_0402_1005Metric",174.950000,-205.799999,180.000000,bottom
"R110","10k","R_0402_1005Metric",256.350000,-163.799999,180.000000,bottom
"R111","10k","R_0402_1005Metric",86.150000,-68.600000,180.000000,bottom
"R112","10k","R_0402_1005Metric",189.750000,-149.799999,180.000000,bottom
"R113","10k","R_0402_1005Metric",174.950000,-219.799999,180.000000,bottom
"R114","10k","R_0402_1005Metric",193.450000,-236.600000,180.000000,bottom
"R115","10k","R_0402_1005Metric",167.550000,-203.000000,180.000000,bottom
"R116","10k","R_0402_1005Metric",141.650000,-287.000000,180.000000,bottom
"R117","10k","R_0402_1005Metric",226.750000,-197.399999,180.000000,bottom
"R118","10k","R_0402_1005Metric",119.450000,-205.799999,180.000000,bottom
"R119","10k","R_0402_1005Metric",52.850000,-163.799999,180.000000,bottom
"R120","10k","R_0402_1005Metric",200.850000,-88.199999,180.000000,bottom
"R121","10k","R_0402_1005Metric",237.850000,-65.800000,180.000000,bottom
"R122","10k","R_0402_1005Metric",49.150000,-169.399999,180.000000,bottom
"R123","10k","R_0402_1005Metric",245.250000,-175.000000,180.000000,bottom
"R124","10k","R_0402_1005Metric",223.050000,-214.200000,180.000000,bottom
"R125","10k","R_0402_1005Metric",89.850000,-172.200000,180.000000,bottom
"R126","10k","R_0402_1005Metric",263.750000,-74.199999,180.000000,bottom
"R127","10k","R_0402_1005Metric",156.450000,-172.200000,180.000000,bottom
"R128","10k","R_0402_1005Metric",145.350000,-169.399999,180.000000,bottom
"R129","10k","R_0402_1005Metric",237.850000,-105.000000,180.000000,bottom
"R130","10k","R_0402_1005Metric",186.050000,-259.000000,180.000000,bottom
"R131","10k","R_0402_1005Metric",137.950000,-261.799999,180.000000,bottom
"R132","10k","R_0402_1005Metric",45.450000,-247.799999,180.000000,bottom
"R133","10k","R_0402_1005Metric",145.350000,-124.600000,180.000000,bottom
"R134","10k","R_0402_1005Metric",171.250000,-96.600000,180.000000,bottom
"R135","10k","R_0402_1005Metric",219.350000,-244.999999,180.000000,bottom
"R136","10k","R_0402_1005Metric",130.550000,-169.399999,180.000000,bottom
"R137","10k","R_0402_1005Metric",67.650000,-225.399999,180.000000,bottom
"R138","10k","R_0402_1005Metric",230.450000,-169.399999,180.000000,bottom
"R139","10k","R_0402_1005Metric",78.750000,-68.600000,180.000000,bottom
"R140","10k","R_0402_1005Metric",52.850000,-68.600000,180.000000,bottom
"R141","10k","R_0402_1005Metric",182.350000,-222.600000,180.000000,bottom
"R142","10k","R_0402_1005Metric",237.850000,-175.000000,180.000000,bottom
"R143","10k","R_0402_1005Metric",223.050000,-88.199999,180.000000,bottom
"R144","10k","R_0402_1005Metric",211.950000,-130.199999,180.000000,bottom
"R145","10k","R_0402_1005Metric",182.350000,-287.000000,180.000000,bottom
"R146","10k","R_0402_1005Metric",160.150000,-172.200000,180.000000,bottom
"R147","10k","R_0402_1005Metric",152.750000,-93.800000,180.000000,bottom
"R148","10k","R_0402_1005Metric",126.850000,-65.800000,180.000000,bottom
"R149","10k","R_0402_1005Metric",41.750000,-71.400000,180.000000,bottom
"R150","10k","R_0402_1005Metric",186.050000,-65.800000,180.000000,bottom
"R151","10k","R_0402_1005Metric",145.350000,-270.200000,180.000000,bottom
"R152","10k","R_0402_1005Metric",178.650000,-85.399999,180.000000,bottom
"R153","10k","R_0402_1005Metric",63.950000,-99.399999,180.000000,bottom
"R154","10k","R_0402_1005Metric",145.350000,-244.999999,180.000000,bottom
"R155","10k","R_0402_1005Metric",15.850000,-74.199999,180.000000,bottom
"R156","10k","R_0402_1005Metric",78.750000,-116.199999,180.000000,bottom
"R157","10k","R_0402_1005Metric",115.750000,-261.799999,180.000000,bottom
"R158","10k","R_0402_1005Metric",237.850000,-144.200000,180.000000,bottom
"R159","10k","R_0402_1005Metric",67.650000,-68.600000,180.000000,bottom
"R160","10k","R_0402_1005Metric",152.750000,-121.800000,180.000000,bottom
"R161","10k","R_0402_1005Metric",160.150000,-77.000000,180.000000,bottom
"R162","10k","R_0402_1005Metric",112.050000,-222.600000,180.000000,bottom
"R163","10k","R_0402_1005Metric",167.550000,-130.199999,180.000000,bottom
"R164","10k","R_0402_1005Metric",178.650000,-259.000000,180.000000,bottom
"R165","10k","R_0402_1005Metric",211.950000,-141.399999,180.000000,bottom
"R166","10k","R_0402_1005Metric",75.050000,-247.799999,180.000000,bottom
"R167","10k","R_0402_1005Metric",241.550000,-63.000000,180.000000,bottom
"R168","10k","R_0402_1005Metric",78.750000,-172.200000,180.000000,bottom
"R169","10k","R_0402_1005Metric",38.050000,-29.400000,180.000000,bottom
"R170","10k","R_0402_1005Metric",160.150000,-68.600000,180.000000,bottom
"R171","10k","R_0402_1005Metric",63.950000,-68.600000,180.000000,bottom
"R172","10k","R_0402_1005Metric",97.250000,-287.000000,180.000000,bottom
"R173","10k","R_0402_1005Metric",223.050000,-203.000000,180.000000,bottom
"R174","10k","R_0402_1005Metric",189.750000,-169.399999,180.000000,bottom
"R175","10k","R_0402_1005Metric",174.950000,-217.000000,180.000000,bottom
"R176","10k","R_0402_1005Metric",112.050000,-200.200000,180.000000,bottom
"R177","10k","R_0402_1005Metric",41.750000,-29.400000,180.000000,bottom
"R178","10k","R_0402_1005Metric",241.550000,-147.000000,180.000000,bottom
"R179","10k","R_0402_1005Metric",104.650000,-93.800000,180.000000,bottom
"R180","10k","R_0402_1005Metric",226.750000,-68.600000,180.000000,bottom
"R181","10k","R_0402_1005Metric",260.050000,-93.800000,180.000000,bottom
"R182","10k","R_0402_1005Metric",141.650000,-68.600000,180.000000,bottom
"R183","10k","R_0402_1005Metric",137.950000,-233.799999,180.000000,bottom
"R184","10k","R_0402_1005Metric",260.050000,-155.399999,180.000000,bottom
"R185","10k","R_0402_1005Metric",104.650000,-233.799999,180.000000,bottom
"R186","10k","R_0402_1005Metric",204.550000,-63.000000,180.000000,bottom
"R187","10k","R_0402_1005Metric",178.650000,-189.000000,180.000000,bottom
"R188","10k","R_0402_1005Metric",112.050000,-29.400000,180.000000,bottom
"R189","10k","R_0402_1005Metric",130.550000,-247.799999,180.000000,bottom
"R190","10k","R_0402_1005Metric",15.850000,-99.399999,180.000000,bottom
"R191","10k","R_0402_1005Metric",241.550000,-163.799999,180.000000,bottom
"R192","10k","R_0402_1005Metric",119.450000,-203.000000,180.000000,bottom
"R193","10k","R_0402_1005Metric",141.650000,-200.200000,180.000000,bottom
"R194","10k","R_0402_1005Metric",163.850000,-169.399999,180.000000,bottom
"R195","10k","R_0402_1005Metric",104.650000,-68.600000,180.000000,bottom
"R196","10k","R_0402_1005Metric",152.750000,-261.799999,180.000000,bottom
"R197","10k","R_0402_1005Metric",223.050000,-93.800000,180.000000,bottom
"R198","10k","R_0402_1005Metric",256.350000,-46.199999,180.000000,bottom
"R199","10k","R_0402_1005Metric",182.350000,-200.200000,180.000000,bottom
"R200","10k","R_0402_1005Metric",56.550000,-32.200000,180.000000,bottom
"R201","10k","R_0402_1005Metric",130.550000,-259.000000,180.000000,bottom
"R202","10k","R_0402_1005Metric",75.050000,-186.200000,180.000000,bottom
"R203","10k","R_0402_1005Metric",119.450000,-270.200000,180.000000,bottom
"R204","10k","R_0402_1005Metric",163.850000,-127.399999,180.000000,bottom
"R205","10k","R_0402_1005Metric",112.050000,-91.000000,180.000000,bottom
"R206","10k","R_0402_1005Metric",100.950000,-256.200000,180.000000,bottom
"R207","10k","R_0402_1005Metric",137.950000,-71.400000,180.000000,bottom
"R208","10k","R_0402_1005Metric",241.550000,-119.000000,180.000000,bottom
"R209","10k","R_0402_1005Metric",167.550000,-60.199999,180.000000,bottom
"R210","10k","R_0402_1005Metric",104.650000,-63.000000,180.000000,bottom
"R211","10k","R_0402_1005Metric",186.050000,-253.399999,180.000000,bottom
"R212","10k","R_0402_1005Metric",141.650000,-222.600000,180.000000,bottom
"R213","10k","R_0402_1005Metric",219.350000,-85.399999,180.000000,bottom
"R214","10k","R_0402_1005Metric",97.250000,-219.799999,180.000000,bottom
"R215","10k","R_0402_1005Metric",82.450000,-259.000000,180.000000,bottom
"R216","10k","R_0402_1005Metric",193.450000,-65.800000,180.000000,bottom
"R217","10k","R_0402_1005Metric",145.350000,-63.000000,180.000000,bottom
"R218","10k","R_0402_1005Metric",71.350000,-169.399999,180.000000,bottom
"R219","10k","R_0402_1005Metric",208.250000,-23.799999,180.000000,bottom
"R220","10k","R_0402_1005Metric",256.350000,-99.399999,180.000000,bottom
"R221","10k","R_0402_1005Metric",152.750000,-85.399999,180.000000,bottom
"R222","10k","R_0402_1005Metric",200.850000,-82.600000,180.000000,bottom
"R223","10k","R_0402_1005Metric",71.350000,-65.800000,180.000000,bottom
"R224","10k","R_0402_1005Metric",112.050000,-186.200000,180.000000,bottom
"R225","10k","R_0402_1005Metric",93.550000,-135.800000,180.000000,bottom
"R226","10k","R_0402_1005Metric",271.150000,-121.800000,180.000000,bottom
"R227","10k","R_0402_1005Metric",49.150000,-200.200000,180.000000,bottom
"R228","10k","R_0402_1005Metric",26.950000,-32.200000,180.000000,bottom
"R229","10k","R_0402_1005Metric",186.050000,-175.000000,180.000000,bottom
"R230","10k","R_0402_1005Metric",34.350000,-65.800000,180.000000,bottom
"R231","10k","R_0402_1005Metric",89.850000,-93.800000,180.000000,bottom
"R232","10k","R_0402_1005Metric",126.850000,-96.600000,180.000000,bottom
"R233","10k","R_0402_1005Metric",93.550000,-105.000000,180.000000,bottom
"R234","10k","R_0402_1005Metric",182.350000,-247.799999,180.000000,bottom
"R235","10k","R_0402_1005Metric",119.450000,-200.200000,180.000000,bottom
"R236","10k","R_0402_1005Metric",100.950000,-102.199999,180.000000,bottom
"R237","10k","R_0402_1005Metric",211.950000,-91.000000,180.000000,bottom
"R238","10k","R_0402_1005Metric",219.350000,-267.399999,180.000000,bottom
"R239","10k","R_0402_1005Metric",186.050000,-247.799999,180.000000,bottom
"R240","10k","R_0402_1005Metric",78.750000,-158.200000,180.000000,bottom
"R241","10k","R_0402_1005Metric",134.250000,-82.600000,180.000000,bottom
"R242","10k","R_0402_1005Metric",256.350000,-32.200000,180.000000,bottom
"R243","10k","R_0402_1005Metric",126.850000,-189.000000,180.000000,bottom
"R244","10k","R_0402_1005Metric",86.150000,-71.400000,180.000000,bottom
"R245","10k","R_0402_1005Metric",97.250000,-236.600000,180.000000,bottom
"R246","10k","R_0402_1005Metric",260.050000,-77.000000,180.000000,bottom
"R247","10k","R_0402_1005Metric",186.050000,-242.200000,180.000000,bottom
"R248","10k","R_0402_1005Metric",123.150000,-256.200000,180.000000,bottom
"R249","10k","R_0402_1005Metric",149.050000,-214.200000,180.000000,bottom
"R250","10k","R_0402_1005Metric",93.550000,-29.400000,180.000000,bottom
"R251","10k","R_0402_1005Metric",123.150000,-287.000000,180.000000,bottom
"R252","10k","R_0402_1005Metric",82.450000,-270.200000,180.000000,bottom
"R253","10k","R_0402_1005Metric",182.350000,-113.399999,180.000000,bottom
"R254","10k","R_0402_1005Metric",108.350000,-200.200000,180.000000,bottom
"R255","10k","R_0402_1005Metric",104.650000,-250.600000,180.000000,bottom
"R256","10k","R_0402_1005Metric",15.850000,-46.199999,180.000000,bottom
"R257","10k","R_0402_1005Metric",137.950000,-219.799999,180.000000,bottom
"R258","10k","R_0402_1005Metric",189.750000,-91.000000,180.000000,bottom
"R259","10k","R_0402_1005Metric",67.650000,-236.600000,180.000000,bottom
"R260","10k","R_0402_1005Metric",163.850000,-141.399999,180.000000,bottom
"R261","10k","R_0402_1005Metric",174.950000,-96.600000,180.000000,bottom
"R262","10k","R_0402_1005Metric",63.950000,-172.200000,180.000000,bottom
"R263","10k","R_0402_1005Metric",163.850000,-155.399999,180.000000,bottom
"R264","10k","R_0402_1005Metric",219.350000,-225.399999,180.000000,bottom
"R265","10k","R_0402_1005Metric",15.850000,-102.199999,180.000000,bottom
"R266","10k","R_0402_1005Metric",200.850000,-63.000000,180.000000,bottom
"R267","10k","R_0402_1005Metric",182.350000,-63.000000,180.000000,bottom
"R268","10k","R_0402_1005Metric",145.350000,-208.600000,180.000000,bottom
"R269","10k","R_0402_1005Metric",174.950000,-270.200000,180.000000,bottom
"R270","10k","R_0402_1005Metric",215.650000,-219.799999,180.000000,bottom
"R271","10k","R_0402_1005Metric",82.450000,-211.399999,180.000000,bottom
"R272","10k","R_0402_1005Metric",182.350000,-65.800000,180.000000,bottom
"R273","10k","R_0402_1005Metric",152.750000,-144.200000,180.000000,bottom
"R274","10k","R_0402_1005Metric",219.350000,-219.799999,180.000000,bottom
"R275","10k","R_0402_1005Metric",171.250000,-152.600000,180.000000,bottom
"R276","10k","R_0402_1005Metric",223.050000,-261.799999,180.000000,bottom
"R277","10k","R_0402_1005Metric",152.750000,-130.199999,180.000000,bottom
"R278","10k","R_0402_1005Metric",23.250000,-32.200000,180.000000,bottom
"R279","10k","R_0402_1005Metric",156.450000,-141.399999,180.000000,bottom
"R280","10k","R_0402_1005Metric",19.550000,-37.800000,180.000000,bottom
"R281","10k","R_0402_1005Metric",108.350000,-110.600000,180.000000,bottom
"R282","10k","R_0402_1005Metric",186.050000,-233.799999,180.000000,bottom
"R283","10k","R_0402_1005Metric",89.850000,-166.600000,180.000000,bottom
"R284","10k","R_0402_1005Metric",97.250000,-244.999999,180.000000,bottom
"R285","10k","R_0402_1005Metric",82.450000,-236.600000,180.000000,bottom
"R286","10k","R_0402_1005Metric",145.350000,-259.000000,180.000000,bottom
"R287","10k","R_0402_1005Metric",82.450000,-121.800000,180.000000,bottom
"R288","10k","R_0402_1005Metric",193.450000,-211.399999,180.000000,bottom
"R289","10k","R_0402_1005Metric",189.750000,-270.200000,180.000000,bottom
"R290","10k","R_0402_1005Metric",67.650000,-233.799999,180.000000,bottom
"R291","10k","R_0402_1005Metric",112.050000,-247.799999,180.000000,bottom
"R292","10k","R_0402_1005Metric",156.450000,-63.000000,180.000000,bottom
"R293","10k","R_0402_1005Metric",193.450000,-189.000000,180.000000,bottom
"R294","10k","R_0402_1005Metric",219.350000,-287.000000,180.000000,bottom
"R295","10k","R_0402_1005Metric",226.750000,-233.799999,180.000000,bottom
"R296","10k","R_0402_1005Metric",97.250000,-172.200000,180.000000,bottom
"R297","10k","R_0402_1005Metric",97.250000,-63.000000,180.000000,bottom
"R298","10k","R_0402_1005Metric",211.950000,-289.799999,180.000000,bottom
"R299","10k","R_0402_1005Metric",71.350000,-244.999999,180.000000,bottom
"R300","10k","R_0402_1005Metric",174.950000,-247.799999,180.000000,bottom
"R301","10k","R_0402_1005Metric",104.650000,-256.200000,180.000000,bottom
"R302","10k","R_0402_1005Metric",171.250000,-102.199999,180.000000,bottom
"R303","10k","R_0402_1005Metric",245.250000,-121.800000,180.000000,bottom
"R304","10k","R_0402_1005Metric",208.250000,-99.399999,180.000000,bottom
"R305","10k","R_0402_1005Metric",108.350000,-208.600000,180.000000,bottom
"R306","10k","R_0402_1005Metric",137.950000,-133.000000,180.000000,bottom
"R307","10k","R_0402_1005Metric",215.650000,-138.600000,180.000000,bottom
"R308","10k","R_0402_1005Metric",186.050000,-88.199999,180.000000,bottom
"R309","10k","R_0402_1005Metric",215.650000,-119.000000,180.000000,bottom
"R310","10k","R_0402_1005Metric",186.050000,-208.600000,180.000000,bottom
"R311","10k","R_0402_1005Metric",115.750000,-197.399999,180.000000,bottom
"R312","10k","R_0402_1005Metric",193.450000,-71.400000,180.000000,bottom
"R313","10k","R_0402_1005Metric",60.250000,-259.000000,180.000000,bottom
"R314","10k","R_0402_1005Metric",145.350000,-23.799999,180.000000,bottom
"R315","10k","R_0402_1005Metric",100.950000,-133.000000,180.000000,bottom
"R316","10k","R_0402_1005Metric",174.950000,-242.200000,180.000000,bottom
"R317","10k","R_0402_1005Metric",152.750000,-169.399999,180.000000,bottom
"R318","10k","R_0402_1005Metric",197.150000,-60.199999,180.000000,bottom
"R319","10k","R_0402_1005Metric",108.350000,-169.399999,180.000000,bottom
"R320","10k","R_0402_1005Metric",112.050000,-270.200000,180.000000,bottom
"R321","10k","R_0402_1005Metric",123.150000,-138.600000,180.000000,bottom
"R322","10k","R_0402_1005Metric",171.250000,-273.000000,180.000000,bottom
"R323","10k","R_0402_1005Metric",52.850000,-32.200000,180.000000,bottom
"R324","10k","R_0402_1005Metric",260.050000,-102.199999,180.000000,bottom
"R325","10k","R_0402_1005Metric",75.050000,-169.399999,180.000000,bottom
"R326","10k","R_0402_1005Metric",75.050000,-96.600000,180.000000,bottom
"R327","10k","R_0402_1005Metric",123.150000,-68.600000,180.000000,bottom
"R328","10k","R_0402_1005Metric",75.050000,-273.000000,180.000000,bottom
"R329","10k","R_0402_1005Metric",126.850000,-105.000000,180.000000,bottom
"R330","10k","R_0402_1005Metric",134.250000,-233.799999,180.000000,bottom
"R331","10k","R_0402_1005Metric",67.650000,-63.000000,180.000000,bottom
"R332","10k","R_0402_1005Metric",204.550000,-127.399999,180.000000,bottom
"R333","10k","R_0402_1005Metric",108.350000,-189.000000,180.000000,bottom
"R334","10k","R_0402_1005Metric",149.050000,-239.399999,180.000000,bottom
"R335","10k","R_0402_1005Metric",60.250000,-189.000000,180.000000,bottom
"R336","10k","R_0402_1005Metric",63.950000,-233.799999,180.000000,bottom
"R337","10k","R_0402_1005Metric",237.850000,-166.600000,180.000000,bottom
"R338","10k","R_0402_1005Metric",49.150000,-273.000000,180.000000,bottom
"R339","10k","R_0402_1005Metric",226.750000,-244.999999,180.000000,bottom
"R340","10k","R_0402_1005Metric",119.450000,-250.600000,180.000000,bottom
"R341","10k","R_0402_1005Metric",263.750000,-79.800000,180.000000,bottom
"R342","10k","R_0402_1005Metric",160.150000,-138.600000,180.000000,bottom
"R343","10k","R_0402_1005Metric",115.750000,-79.800000,180.000000,bottom
"R344","10k","R_0402_1005Metric",67.650000,-247.799999,180.000000,bottom
"R345","10k","R_0402_1005Metric",152.750000,-60.199999,180.000000,bottom
"R346","10k","R_0402_1005Metric",45.450000,-169.399999,180.000000,bottom
"R347","10k","R_0402_1005Metric",82.450000,-200.200000,180.000000,bottom
"R348","10k","R_0402_1005Metric",174.950000,-141.399999,180.000000,bottom
"R349","10k","R_0402_1005Metric",241.550000,-133.000000,180.000000,bottom
"R350","10k","R_0402_1005Metric",226.750000,-267.399999,180.000000,bottom
"R351","10k","R_0402_1005Metric",108.350000,-270.200000,180.000000,bottom
"R352","10k","R_0402_1005Metric",71.350000,-172.200000,180.000000,bottom
"R353","10k","R_0402_1005Metric",174.950000,-65.800000,180.000000,bottom
"R354","10k","R_0402_1005Metric",145.350000,-88.199999,180.000000,bottom
"R355","10k","R_0402_1005Metric",141.650000,-203.000000,180.000000,bottom
"R356","10k","R_0402_1005Metric",56.550000,-172.200000,180.000000,bottom
"R357","10k","R_0402_1005Metric",123.150000,-35.000000,180.000000,bottom
"R358","10k","R_0402_1005Metric",93.550000,-102.199999,180.000000,bottom
"R359","10k","R_0402_1005Metric",126.850000,-236.600000,180.000000,bottom
"R360","10k","R_0402_1005Metric",234.150000,-63.000000,180.000000,bottom
"R361","10k","R_0402_1005Metric",174.950000,-121.800000,180.000000,bottom
"R362","10k","R_0402_1005Metric",174.950000,-264.600000,180.000000,bottom
"R363","10k","R_0402_1005Metric",160.150000,-169.399999,180.000000,bottom
"R364","10k","R_0402_1005Metric",137.950000,-197.399999,180.000000,bottom
"R365","10k","R_0402_1005Metric",63.950000,-102.199999,180.000000,bottom
"R366","10k","R_0402_1005Metric",75.050000,-287.000000,180.000000,bottom
"R367","10k","R_0402_1005Metric",75.050000,-259.000000,180.000000,bottom
"R368","10k","R_0402_1005Metric",267.450000,-161.000000,180.000000,bottom
"R369","10k","R_0402_1005Metric",119.450000,-189.000000,180.000000,bottom
"R370","10k","R_0402_1005Metric",82.450000,-189.000000,180.000000,bottom
"R371","10k","R_0402_1005Metric",67.650000,-166.600000,180.000000,bottom
"R372","10k","R_0402_1005Metric",226.750000,-133.000000,180.000000,bottom
"R373","10k","R_0402_1005Metric",149.050000,-169.399999,180.000000,bottom
"R374","10k","R_0402_1005Metric",82.450000,-135.800000,180.000000,bottom
"R375","10k","R_0402_1005Metric",141.650000,-119.000000,180.000000,bottom
"R376","10k","R_0402_1005Metric",167.550000,-169.399999,180.000000,bottom
"R377","10k","R_0402_1005Metric",71.350000,-113.399999,180.000000,bottom
"R378","10k","R_0402_1005Metric",160.150000,-96.600000,180.000000,bottom
"R379","10k","R_0402_1005Metric",97.250000,-278.599999,180.000000,bottom
"R380","10k","R_0402_1005Metric",89.850000,-88.199999,180.000000,bottom
"R381","10k","R_0402_1005Metric",108.350000,-219.799999,180.000000,bottom
"R382","10k","R_0402_1005Metric",182.350000,-270.200000,180.000000,bottom
"R383","10k","R_0402_1005Metric",23.250000,-57.400000,180.000000,bottom
"R384","10k","R_0402_1005Metric",149.050000,-130.199999,180.000000,bottom
"R385","10k","R_0402_1005Metric",108.350000,-244.999999,180.000000,bottom
"R386","10k","R_0402_1005Metric",97.250000,-222.600000,180.000000,bottom
"R387","10k","R_0402_1005Metric",112.050000,-233.799999,180.000000,bottom
"R388","10k","R_0402_1005Metric",167.550000,-261.799999,180.000000,bottom
"R389","10k","R_0402_1005Metric",60.250000,-236.600000,180.000000,bottom
"R390","10k","R_0402_1005Metric",182.350000,-68.600000,180.000000,bottom
"R391","10k","R_0402_1005Metric",67.650000,-172.200000,180.000000,bottom
"R392","10k","R_0402_1005Metric",241.550000,-88.199999,180.000000,bottom
"R393","10k","R_0402_1005Metric",60.250000,-68.600000,180.000000,bottom
"R394","10k","R_0402_1005Metric",256.350000,-102.199999,180.000000,bottom
"R395","10k","R_0402_1005Metric",141.650000,-85.399999,180.000000,bottom
"R396","10k","R_0402_1005Metric",97.250000,-29.400000,180.000000,bottom
"R397","10k","R_0402_1005Metric",115.750000,-110.600000,180.000000,bottom
"R398","10k","R_0402_1005Metric",126.850000,-158.200000,180.000000,bottom
"R399","10k","R_0402_1005Metric",178.650000,-60.199999,180.000000,bottom
"R400","10k","R_0402_1005Metric",26.950000,-49.000000,180.000000,bottom
"R401","10k","R_0402_1005Metric",145.350000,-256.200000,180.000000,bottom
"R402","10k","R_0402_1005Metric",97.250000,-205.799999,180.000000,bottom
"R403","10k","R_0402_1005Metric",56.550000,-65.800000,180.000000,bottom
"R404","10k","R_0402_1005Metric",56.550000,-175.000000,180.000000,bottom
"R405","10k","R_0402_1005Metric",219.350000,-163.799999,180.000000,bottom
"R406","10k","R_0402_1005Metric",63.950000,-88.199999,180.000000,bottom
"R407","10k","R_0402_1005Metric",141.650000,-46.199999,180.000000,bottom
"R408","10k","R_0402_1005Metric",211.950000,-68.600000,180.000000,bottom
"R409","10k","R_0402_1005Metric",63.950000,-166.600000,180.000000,bottom
"R410","10k","R_0402_1005Metric",97.250000,-183.399999,180.000000,bottom
"R411","10k","R_0402_1005Metric",75.050000,-200.200000,180.000000,bottom
"R412","10k","R_0402_1005Metric",134.250000,-217.000000,180.000000,bottom
"R413","10k","R_0402_1005Metric",45.450000,-152.600000,180.000000,bottom
"R414","10k","R_0402_1005Metric",134.250000,-191.799999,180.000000,bottom
"R415","10k","R_0402_1005Metric",126.850000,-217.000000,180.000000,bottom
"R416","10k","R_0402_1005Metric",104.650000,-211.399999,180.000000,bottom
"R417","10k","R_0402_1005Metric",123.150000,-49.000000,180.000000,bottom
"R418","10k","R_0402_1005Metric",93.550000,-172.200000,180.000000,bottom
"R419","10k","R_0402_1005Metric",119.450000,-172.200000,180.000000,bottom
"R420","10k","R_0402_1005Metric",108.350000,-68.600000,180.000000,bottom
"R421","10k","R_0402_1005Metric",78.750000,-287.000000,180.000000,bottom
"R422","10k","R_0402_1005Metric",123.150000,-172.200000,180.000000,bottom
"R423","10k","R_0402_1005Metric",186.050000,-270.200000,180.000000,bottom
"R424","10k","R_0402_1005Metric",63.950000,-127.399999,180.000000,bottom
"R425","10k","R_0402_1005Metric",226.750000,-186.200000,180.000000,bottom
"R426","10k","R_0402_1005Metric",152.750000,-110.600000,180.000000,bottom
"R427","10k","R_0402_1005Metric",75.050000,-270.200000,180.000000,bottom
"R428","10k","R_0402_1005Metric",193.450000,-222.600000,180.000000,bottom
"R429","10k","R_0402_1005Metric",134.250000,-203.000000,180.000000,bottom
"R430","10k","R_0402_1005Metric",174.950000,-82.600000,180.000000,bottom
"R431","10k","R_0402_1005Metric",63.950000,-124.600000,180.000000,bottom
"R432","10k","R_0402_1005Metric",67.650000,-259.000000,180.000000,bottom
"R433","10k","R_0402_1005Metric",189.750000,-261.799999,180.000000,bottom
"R434","10k","R_0402_1005Metric",230.450000,-102.199999,180.000000,bottom
"R435","10k","R_0402_1005Metric",60.250000,-247.799999,180.000000,bottom
"R436","10k","R_0402_1005Metric",145.350000,-200.200000,180.000000,bottom
"R437","10k","R_0402_1005Metric",137.950000,-259.000000,180.000000,bottom
"R438","10k","R_0402_1005Metric",174.950000,-253.399999,180.000000,bottom
"R439","10k","R_0402_1005Metric",211.950000,-175.000000,180.000000,bottom
"R440","10k","R_0402_1005Metric",219.350000,-203.000000,180.000000,bottom
"R441","10k","R_0402_1005Metric",78.750000,-29.400000,180.000000,bottom
"R442","10k","R_0402_1005Metric",100.950000,-267.399999,180.000000,bottom
"R443","10k","R_0402_1005Metric",193.450000,-63.000000,180.000000,bottom
"R444","10k","R_0402_1005Metric",145.350000,-242.200000,180.000000,bottom
"R445","10k","R_0402_1005Metric",237.850000,-130.199999,180.000000,bottom
"R446","10k","R_0402_1005Metric",230.450000,-152.600000,180.000000,bottom
"R447","10k","R_0402_1005Metric",115.750000,-250.600000,180.000000,bottom
"R448","10k","R_0402_1005Metric",137.950000,-253.399999,180.000000,bottom
"R449","10k","R_0402_1005Metric",134.250000,-259.000000,180.000000,bottom
"R450","10k","R_0402_1005Metric",86.150000,-172.200000,180.000000,bottom
"R451","10k","R_0402_1005Metric",82.450000,-65.800000,180.000000,bottom
"R452","10k","R_0402_1005Metric",126.850000,-273.000000,180.000000,bottom
"R453","10k","R_0402_1005Metric",60.250000,-200.200000,180.000000,bottom
"R454","10k","R_0402_1005Metric",223.050000,-191.799999,180.000000,bottom
"R455","10k","R_0402_1005Metric",178.650000,-133.000000,180.000000,bottom
"R456","10k","R_0402_1005Metric",189.750000,-147.000000,180.000000,bottom
"R457","10k","R_0402_1005Metric",115.750000,-169.399999,180.000000,bottom
"R458","10k","R_0402_1005Metric",167.550000,-121.800000,180.000000,bottom
"R459","10k","R_0402_1005Metric",237.850000,-107.800000,180.000000,bottom
"R460","10k","R_0402_1005Metric",178.650000,-287.000000,180.000000,bottom
"R461","10k","R_0402_1005Metric",123.150000,-65.800000,180.000000,bottom
"R462","10k","R_0402_1005Metric",208.250000,-127.399999,180.000000,bottom
"R463","10k","R_0402_1005Metric",97.250000,-144.200000,180.000000,bottom
"R464","10k","R_0402_1005Metric",219.350000,-141.399999,180.000000,bottom
"R465","10k","R_0402_1005Metric",112.050000,-102.199999,180.000000,bottom
"R466","10k","R_0402_1005Metric",186.050000,-211.399999,180.000000,bottom
"R467","10k","R_0402_1005Metric",75.050000,-68.600000,180.000000,bottom
"R468","10k","R_0402_1005Metric",52.850000,-63.000000,180.000000,bottom
"R469","10k","R_0402_1005Metric",112.050000,-85.399999,180.000000,bottom
"R470","10k","R_0402_1005Metric",82.450000,-88.199999,180.000000,bottom
"R471","10k","R_0402_1005Metric",215.650000,-270.200000,180.000000,bottom
"R472","10k","R_0402_1005Metric",197.150000,-85.399999,180.000000,bottom
"R473","10k","R_0402_1005Metric",186.050000,-54.599999,180.000000,bottom
"R474","10k","R_0402_1005Metric",93.550000,-158.200000,180.000000,bottom
"R475","10k","R_0402_1005Metric",215.650000,-233.799999,180.000000,bottom
"R476","10k","R_0402_1005Metric",152.750000,-172.200000,180.000000,bottom
"R477","10k","R_0402_1005Metric",97.250000,-253.399999,180.000000,bottom
"R478","10k","R_0402_1005Metric",93.550000,-63.000000,180.000000,bottom
"R479","10k","R_0402_1005Metric",60.250000,-29.400000,180.000000,bottom
"R480","10k","R_0402_1005Metric",119.450000,-275.800000,180.000000,bottom
"R481","10k","R_0402_1005Metric",256.350000,-105.000000,180.000000,bottom
"R482","10k","R_0402_1005Metric",178.650000,-222.600000,180.000000,bottom
"R483","10k","R_0402_1005Metric",141.650000,-247.799999,180.000000,bottom
"R484","10k","R_0402_1005Metric",200.850000,-107.800000,180.000000,bottom
"R485","10k","R_0402_1005Metric",137.950000,-93.800000,180.000000,bottom
"R486","10k","R_0402_1005Metric",67.650000,-149.799999,180.000000,bottom
"R487","10k","R_0402_1005Metric",108.350000,-247.799999,180.000000,bottom
"R488","10k","R_0402_1005Metric",182.350000,-166.600000,180.000000,bottom
"R489","10k","R_0402_1005Metric",145.350000,-127.399999,180.000000,bottom
"R490","10k","R_0402_1005Metric",130.550000,-74.199999,180.000000,bottom
"R491","10k","R_0402_1005Metric",156.450000,-113.399999,180.000000,bottom
"R492","10k","R_0402_1005Metric",156.450000,-144.200000,180.000000,bottom
"R493","10k","R_0402_1005Metric",137.950000,-166.600000,180.000000,bottom
"R494","10k","R_0402_1005Metric",152.750000,-247.799999,180.000000,bottom
"R495","10k","R_0402_1005Metric",252.650000,-29.400000,180.000000,bottom
"R496","10k","R_0402_1005Metric",89.850000,-113.399999,180.000000,bottom
"R497","10k","R_0402_1005Metric",137.950000,-236.600000,180.000000,bottom
"R498","10k","R_0402_1005Metric",41.750000,-169.399999,180.000000,bottom
"R499","10k","R_0402_1005Metric",248.950000,-141.399999,180.000000,bottom
"R500","10k","R_0402_1005Metric",97.250000,-197.399999,180.000000,bottom
"R501","10k","R_0402_1005Metric",45.450000,-200.200000,180.000000,bottom
"R502","10k","R_0402_1005Metric",63.950000,-93.800000,180.000000,bottom
"R503","10k","R_0402_1005Metric",200.850000,-127.399999,180.000000,bottom
"R504","10k","R_0402_1005Metric",252.650000,-161.000000,180.000000,bottom
"R505","10k","R_0402_1005Metric",100.950000,-121.800000,180.000000,bottom
"R506","10k","R_0402_1005Metric",163.850000,-172.200000,180.000000,bottom
"R507","10k","R_0402_1005Metric",178.650000,-149.799999,180.000000,bottom
"R508","10k","R_0402_1005Metric",241.550000,-96.600000,180.000000,bottom
"R509","10k","R_0402_1005Metric",141.650000,-270.200000,180.000000,bottom
"R510","10k","R_0402_1005Metric",174.950000,-133.000000,180.000000,bottom
"R511","10k","R_0402_1005Metric",115.750000,-29.400000,180.000000,bottom
"R512","10k","R_0402_1005Metric",104.650000,-71.400000,180.000000,bottom
"R513","10k","R_0402_1005Metric",108.350000,-222.600000,180.000000,bottom
"R514","10k","R_0402_1005Metric",15.850000,-82.600000,180.000000,bottom
"R515","10k","R_0402_1005Metric",123.150000,-107.800000,180.000000,bottom
"R516","10k","R_0402_1005Metric",130.550000,-189.000000,180.000000,bottom
"R517","10k","R_0402_1005Metric",219.350000,-197.399999,180.000000,bottom
"R518","10k","R_0402_1005Metric",67.650000,-273.000000,180.000000,bottom
"R519","10k","R_0402_1005Metric",130.550000,-200.200000,180.000000,bottom
"R520","10k","R_0402_1005Metric",174.950000,-244.999999,180.000000,bottom
"R521","10k","R_0402_1005Metric",137.950000,-211.399999,180.000000,bottom
"R522","10k","R_0402_1005Metric",119.450000,-144.200000,180.000000,bottom
"R523","10k","R_0402_1005Metric",256.350000,-74.199999,180.000000,bottom
"R524","10k","R_0402_1005Metric",186.050000,-287.000000,180.000000,bottom
"R525","10k","R_0402_1005Metric",26.950000,-68.600000,180.000000,bottom
"R526","10k","R_0402_1005Metric",130.550000,-287.000000,180.000000,bottom
"R527","10k","R_0402_1005Metric",100.950000,-225.399999,180.000000,bottom
"R528","10k","R_0402_1005Metric",171.250000,-113.399999,180.000000,bottom
"R529","10k","R_0402_1005Metric",71.350000,-77.000000,180.000000,bottom
"R530","10k","R_0402_1005Metric",219.350000,-93.800000,180.000000,bottom
"R531","10k","R_0402_1005Metric",67.650000,-208.600000,180.000000,bottom
"R532","10k","R_0402_1005Metric",145.350000,-71.400000,180.000000,bottom
"R533","10k","R_0402_1005Metric",226.750000,-219.799999,180.000000,bottom
"R534","10k","R_0402_1005Metric",137.950000,-189.000000,180.000000,bottom
"R535","10k","R_0402_1005Metric",219.350000,-65.800000,180.000000,bottom
"R536","10k","R_0402_1005Metric",123.150000,-93.800000,180.000000,bottom
"R537","10k","R_0402_1005Metric",123.150000,-169.399999,180.000000,bottom
"R538","10k","R_0402_1005Metric",141.650000,-43.400000,180.000000,bottom
"R539","10k","R_0402_1005Metric",112.050000,-149.799999,180.000000,bottom
"R540","10k","R_0402_1005Metric",167.550000,-32.200000,180.000000,bottom
"R541","10k","R_0402_1005Metric",171.250000,-124.600000,180.000000,bottom
"R542","10k","R_0402_1005Metric",71.350000,-93.800000,180.000000,bottom
"R543","10k","R_0402_1005Metric",100.950000,-233.799999,180.000000,bottom
"R544","10k","R_0402_1005Metric",174.950000,-194.600000,180.000000,bottom
"R545","10k","R_0402_1005Metric",67.650000,-107.800000,180.000000,bottom
"R546","10k","R_0402_1005Metric",174.950000,-222.600000,180.000000,bottom
"R547","10k","R_0402_1005Metric",193.450000,-91.000000,180.000000,bottom
"R548","10k","R_0402_1005Metric",89.850000,-133.000000,180.000000,bottom
"R549","10k","R_0402_1005Metric",267.450000,-82.600000,180.000000,bottom
"R550","10k","R_0402_1005Metric",152.750000,-200.200000,180.000000,bottom
"R551","10k","R_0402_1005Metric",160.150000,-133.000000,180.000000,bottom
"R552","10k","R_0402_1005Metric",115.750000,-155.399999,180.000000,bottom
"R553","10k","R_0402_1005Metric",197.150000,-65.800000,180.000000,bottom
"R554","10k","R_0402_1005Metric",137.950000,-138.600000,180.000000,bottom
"R555","10k","R_0402_1005Metric",123.150000,-124.600000,180.000000,bottom
"R556","10k","R_0402_1005Metric",56.550000,-211.399999,180.000000,bottom
"R557","10k","R_0402_1005Metric",108.350000,-197.399999,180.000000,bottom
"R558","10k","R_0402_1005Metric",186.050000,-186.200000,180.000000,bottom
"R559","10k","R_0402_1005Metric",130.550000,-217.000000,180.000000,bottom
"R560","10k","R_0402_1005Metric",182.350000,-102.199999,180.000000,bottom
"R561","10k","R_0402_1005Metric",93.550000,-93.800000,180.000000,bottom
"R562","10k","R_0402_1005Metric",149.050000,-225.399999,180.000000,bottom
"R563","10k","R_0402_1005Metric",226.750000,-65.800000,180.000000,bottom
"R564","10k","R_0402_1005Metric",45.450000,-214.200000,180.000000,bottom
"R565","10k","R_0402_1005Metric",130.550000,-147.000000,180.000000,bottom
"R566","10k","R_0402_1005Metric",100.950000,-200.200000,180.000000,bottom
"R567","10k","R_0402_1005Metric",215.650000,-130.199999,180.000000,bottom
"R568","10k","R_0402_1005Metric",86.150000,-169.399999,180.000000,bottom
"R569","10k","R_0402_1005Metric",89.850000,-26.600000,180.000000,bottom
"R570","10k","R_0402_1005Metric",186.050000,-141.399999,180.000000,bottom
"R571","10k","R_0402_1005Metric",215.650000,-244.999999,180.000000,bottom
"R572","10k","R_0402_1005Metric",241.550000,-172.200000,180.000000,bottom
"R573","10k","R_0402_1005Metric",226.750000,-93.800000,180.000000,bottom
"R574","10k","R_0402_1005Metric",112.050000,-197.399999,180.000000,bottom
"R575","10k","R_0402_1005Metric",141.650000,-166.600000,180.000000,bottom
"R576","10k","R_0402_1005Metric",145.350000,-121.800000,180.000000,bottom
"R577","10k","R_0402_1005Metric",52.850000,-172.200000,180.000000,bottom
"R578","10k","R_0402_1005Metric",119.450000,-46.199999,180.000000,bottom
"R579","10k","R_0402_1005Metric",71.350000,-233.799999,180.000000,bottom
"R580","10k","R_0402_1005Metric",112.050000,-26.600000,180.000000,bottom
"R581","10k","R_0402_1005Metric",193.450000,-200.200000,180.000000,bottom
"R582","10k","R_0402_1005Metric",123.150000,-99.399999,180.000000,bottom
"R583","10k","R_0402_1005Metric",119.450000,-91.000000,180.000000,bottom
"R584","10k","R_0402_1005Metric",63.950000,-244.999999,180.000000,bottom
"R585","10k","R_0402_1005Metric",75.050000,-189.000000,180.000000,bottom
"R586","10k","R_0402_1005Metric",49.150000,-68.600000,180.000000,bottom
"R587","10k","R_0402_1005Metric",137.950000,-203.000000,180.000000,bottom
"R588","10k","R_0402_1005Metric",67.650000,-186.200000,180.000000,bottom
"R589","10k","R_0402_1005Metric",104.650000,-222.600000,180.000000,bottom
"R590","10k","R_0402_1005Metric",45.450000,-225.399999,180.000000,bottom
"R591","10k","R_0402_1005Metric",145.350000,-93.800000,180.000000,bottom
"R592","10k","R_0402_1005Metric",108.350000,-26.600000,180.000000,bottom
"R593","10k","R_0402_1005Metric",145.350000,-51.800000,180.000000,bottom
"R594","10k","R_0402_1005Metric",193.450000,-287.000000,180.000000,bottom
"R595","10k","R_0402_1005Metric",71.350000,-219.799999,180.000000,bottom
"R596","10k","R_0402_1005Metric",115.750000,-119.000000,180.000000,bottom
"R597","10k","R_0402_1005Metric",104.650000,-217.000000,180.000000,bottom
"R598","10k","R_0402_1005Metric",245.250000,-63.000000,180.000000,bottom
"R599","10k","R_0402_1005Metric",182.350000,-172.200000,180.000000,bottom
"R600","10k","R_0402_1005Metric",145.350000,-197.399999,180.000000,bottom
"R601","10k","R_0402_1005Metric",174.950000,-186.200000,180.000000,bottom
"R602","10k","R_0402_1005Metric",56.550000,-200.200000,180.000000,bottom
"R603","10k","R_0402_1005Metric",67.650000,-244.999999,180.000000,bottom
"R604","10k","R_0402_1005Metric",134.250000,-273.000000,180.000000,bottom
"R605","10k","R_0402_1005Metric",252.650000,-96.600000,180.000000,bottom
"R606","10k","R_0402_1005Metric",104.650000,-197.399999,180.000000,bottom
"R607","10k","R_0402_1005Metric",104.650000,-214.200000,180.000000,bottom
"R608","10k","R_0402_1005Metric",171.250000,-29.400000,180.000000,bottom
"R609","10k","R_0402_1005Metric",63.950000,-186.200000,180.000000,bottom
"R610","10k","R_0402_1005Metric",45.450000,-270.200000,180.000000,bottom
"R611","10k","R_0402_1005Metric",234.150000,-172.200000,180.000000,bottom
"R612","10k","R_0402_1005Metric",89.850000,-60.199999,180.000000,bottom
"R613","10k","R_0402_1005Metric",38.050000,-32.200000,180.000000,bottom
"R614","10k","R_0402_1005Metric",130.550000,-172.200000,180.000000,bottom
"R615","10k","R_0402_1005Metric",93.550000,-284.200000,180.000000,bottom
"R616","10k","R_0402_1005Metric",241.550000,-175.000000,180.000000,bottom
"R617","10k","R_0402_1005Metric",152.750000,-116.199999,180.000000,bottom
"R618","10k","R_0402_1005Metric",115.750000,-256.200000,180.000000,bottom
"R619","10k","R_0402_1005Metric",204.550000,-105.000000,180.000000,bottom
"R620","10k","R_0402_1005Metric",211.950000,-166.600000,180.000000,bottom
"R621","10k","R_0402_1005Metric",178.650000,-169.399999,180.000000,bottom
"R622","10k","R_0402_1005Metric",171.250000,-105.000000,180.000000,bottom
"R623","10k","R_0402_1005Metric",248.950000,-152.600000,180.000000,bottom
"R624","10k","R_0402_1005Metric",56.550000,-270.200000,180.000000,bottom
"R625","10k","R_0402_1005Metric",137.950000,-172.200000,180.000000,bottom
"R626","10k","R_0402_1005Metric",149.050000,-85.399999,180.000000,bottom
"R627","10k","R_0402_1005Metric",234.150000,-57.400000,180.000000,bottom
"R628","10k","R_0402_1005Metric",189.750000,-68.600000,180.000000,bottom
"R629","10k","R_0402_1005Metric",63.950000,-141.399999,180.000000,bottom
"R630","10k","R_0402_1005Metric",160.150000,-119.000000,180.000000,bottom
"R631","10k","R_0402_1005Metric",134.250000,-256.200000,180.000000,bottom
"R632","10k","R_0402_1005Metric",78.750000,-63.000000,180.000000,bottom
"R633","10k","R_0402_1005Metric",97.250000,-233.799999,180.000000,bottom
"R634","10k","R_0402_1005Metric",208.250000,-88.199999,180.000000,bottom
"R635","10k","R_0402_1005Metric",219.350000,-208.600000,180.000000,bottom
"R636","10k","R_0402_1005Metric",45.450000,-172.200000,180.000000,bottom
"R637","10k","R_0402_1005Metric",193.450000,-68.600000,180.000000,bottom
"R638","10k","R_0402_1005Metric",178.650000,-200.200000,180.000000,bottom
"R639","10k","R_0402_1005Metric",189.750000,-247.799999,180.000000,bottom
"R640","10k","R_0402_1005Metric",152.750000,-65.800000,180.000000,bottom
"R641","10k","R_0402_1005Metric",248.950000,-121.800000,180.000000,bottom
"R642","10k","R_0402_1005Metric",260.050000,-107.800000,180.000000,bottom
"R643","10k","R_0402_1005Metric",189.750000,-214.200000,180.000000,bottom
"R644","10k","R_0402_1005Metric",108.350000,-107.800000,180.000000,bottom
"R645","10k","R_0402_1005Metric",215.650000,-147.000000,180.000000,bottom
"R646","10k","R_0402_1005Metric",263.750000,-85.399999,180.000000,bottom
"R647","10k","R_0402_1005Metric",97.250000,-259.000000,180.000000,bottom
"R648","10k","R_0402_1005Metric",100.950000,-135.800000,180.000000,bottom
"R649","10k","R_0402_1005Metric",149.050000,-63.000000,180.000000,bottom
"R650","10k","R_0402_1005Metric",63.950000,-130.199999,180.000000,bottom
"R651","10k","R_0402_1005Metric",219.350000,-239.399999,180.000000,bottom
"R652","10k","R_0402_1005Metric",100.950000,-158.200000,180.000000,bottom
"R653","10k","R_0402_1005Metric",134.250000,-113.399999,180.000000,bottom
"R654","10k","R_0402_1005Metric",19.550000,-57.400000,180.000000,bottom
"R655","10k","R_0402_1005Metric",112.050000,-152.600000,180.000000,bottom
"R656","10k","R_0402_1005Metric",56.550000,-247.799999,180.000000,bottom
"R657","10k","R_0402_1005Metric",49.150000,-189.000000,180.000000,bottom
"R658","10k","R_0402_1005Metric",145.350000,-222.600000,180.000000,bottom
"R659","10k","R_0402_1005Metric",189.750000,-200.200000,180.000000,bottom
"R660","10k","R_0402_1005Metric",97.250000,-130.199999,180.000000,bottom
"R661","10k","R_0402_1005Metric",63.950000,-82.600000,180.000000,bottom
"R662","10k","R_0402_1005Metric",100.950000,-85.399999,180.000000,bottom
"R663","10k","R_0402_1005Metric",86.150000,-96.600000,180.000000,bottom
"R664","10k","R_0402_1005Metric",223.050000,-138.600000,180.000000,bottom
"R665","10k","R_0402_1005Metric",241.550000,-138.600000,180.000000,bottom
"R666","10k","R_0402_1005Metric",141.650000,-60.199999,180.000000,bottom
"R667","10k","R_0402_1005Metric",215.650000,-68.600000,180.000000,bottom
"R668","10k","R_0402_1005Metric",267.450000,-158.200000,180.000000,bottom
"R669","10k","R_0402_1005Metric",219.350000,-256.200000,180.000000,bottom
"R670","10k","R_0402_1005Metric",60.250000,-152.600000,180.000000,bottom
"R671","10k","R_0402_1005Metric",215.650000,-163.799999,180.000000,bottom
"R672","10k","R_0402_1005Metric",204.550000,-96.600000,180.000000,bottom
"R673","10k","R_0402_1005Metric",108.350000,-203.000000,180.000000,bottom
"R674","10k","R_0402_1005Metric",149.050000,-65.800000,180.000000,bottom
"R675","10k","R_0402_1005Metric",211.950000,-26.600000,180.000000,bottom
"R676","10k","R_0402_1005Metric",112.050000,-121.800000,180.000000,bottom
"R677","10k","R_0402_1005Metric",252.650000,-43.400000,180.000000,bottom
"R678","10k","R_0402_1005Metric",15.850000,-96.600000,180.000000,bottom
"R679","10k","R_0402_1005Metric",137.950000,-244.999999,180.000000,bottom
"R680","10k","R_0402_1005Metric",178.650000,-99.399999,180.000000,bottom
"R681","10k","R_0402_1005Metric",63.950000,-197.399999,180.000000,bottom
"R682","10k","R_0402_1005Metric",104.650000,-158.200000,180.000000,bottom
"R683","10k","R_0402_1005Metric",149.050000,-287.000000,180.000000,bottom
"R684","10k","R_0402_1005Metric",115.750000,-239.399999,180.000000,bottom
"R685","10k","R_0402_1005Metric",89.850000,-99.399999,180.000000,bottom
"R686","10k","R_0402_1005Metric",160.150000,-214.200000,180.000000,bottom
"R687","10k","R_0402_1005Metric",215.650000,-284.200000,180.000000,bottom
"R688","10k","R_0402_1005Metric",186.050000,-133.000000,180.000000,bottom
"R689","10k","R_0402_1005Metric",223.050000,-85.399999,180.000000,bottom
"R690","10k","R_0402_1005Metric",189.750000,-172.200000,180.000000,bottom
"R691","10k","R_0402_1005Metric",145.350000,-211.399999,180.000000,bottom
"R692","10k","R_0402_1005Metric",245.250000,-71.400000,180.000000,bottom
"R693","10k","R_0402_1005Metric",112.050000,-177.799999,180.000000,bottom
"R694","10k","R_0402_1005Metric",186.050000,-200.200000,180.000000,bottom
"R695","10k","R_0402_1005Metric",141.650000,-63.000000,180.000000,bottom
"R696","10k","R_0402_1005Metric",67.650000,-189.000000,180.000000,bottom
"R697","10k","R_0402_1005Metric",234.150000,-163.799999,180.000000,bottom
"R698","10k","R_0402_1005Metric",38.050000,-65.800000,180.000000,bottom
"R699","10k","R_0402_1005Metric",252.650000,-138.600000,180.000000,bottom
"R700","10k","R_0402_1005Metric",67.650000,-96.600000,180.000000,bottom
"R701","10k","R_0402_1005Metric",97.250000,-121.800000,180.000000,bottom
"R702","10k","R_0402_1005Metric",134.250000,-228.200000,180.000000,bottom
"R703","10k","R_0402_1005Metric",230.450000,-91.000000,180.000000,bottom
"R704","10k","R_0402_1005Metric",267.450000,-141.399999,180.000000,bottom
"R705","10k","R_0402_1005Metric",167.550000,-68.600000,180.000000,bottom
"R706","10k","R_0402_1005Metric",186.050000,-228.200000,180.000000,bottom
"R707","10k","R_0402_1005Metric",167.550000,-102.199999,180.000000,bottom
"R708","10k","R_0402_1005Metric",71.350000,-256.200000,180.000000,bottom
"R709","10k","R_0402_1005Metric",75.050000,-211.399999,180.000000,bottom
"R710","10k","R_0402_1005Metric",171.250000,-259.000000,180.000000,bottom
"R711","10k","R_0402_1005Metric",63.950000,-180.600000,180.000000,bottom
"R712","10k","R_0402_1005Metric",223.050000,-149.799999,180.000000,bottom
"R713","10k","R_0402_1005Metric",45.450000,-259.000000,180.000000,bottom
"R714","10k","R_0402_1005Metric",108.350000,-147.000000,180.000000,bottom
"R715","10k","R_0402_1005Metric",112.050000,-259.000000,180.000000,bottom
"R716","10k","R_0402_1005Metric",226.750000,-208.600000,180.000000,bottom
"R717","10k","R_0402_1005Metric",230.450000,-147.000000,180.000000,bottom
"R718","10k","R_0402_1005Metric",178.650000,-211.399999,180.000000,bottom
"R719","10k","R_0402_1005Metric",93.550000,-60.199999,180.000000,bottom
"R720","10k","R_0402_1005Metric",141.650000,-273.000000,180.000000,bottom
"R721","10k","R_0402_1005Metric",167.550000,-273.000000,180.000000,bottom
"R722","10k","R_0402_1005Metric",174.950000,-267.399999,180.000000,bottom
"R723","10k","R_0402_1005Metric",171.250000,-65.800000,180.000000,bottom
"R724","10k","R_0402_1005Metric",156.450000,-127.399999,180.000000,bottom
"R725","10k","R_0402_1005Metric",178.650000,-270.200000,180.000000,bottom
"R726","10k","R_0402_1005Metric",245.250000,-113.399999,180.000000,bottom
"R727","10k","R_0402_1005Metric",167.550000,-107.800000,180.000000,bottom
"R728","10k","R_0402_1005Metric",108.350000,-267.399999,180.000000,bottom
"R729","10k","R_0402_1005Metric",123.150000,-231.000000,180.000000,bottom
"R730","10k","R_0402_1005Metric",119.450000,-105.000000,180.000000,bottom
"R731","10k","R_0402_1005Metric",104.650000,-244.999999,180.000000,bottom
"R732","10k","R_0402_1005Metric",126.850000,-91.000000,180.000000,bottom
"R733","10k","R_0402_1005Metric",86.150000,-166.600000,180.000000,bottom
"R734","10k","R_0402_1005Metric",215.650000,-158.200000,180.000000,bottom
"R735","10k","R_0402_1005Metric",152.750000,-113.399999,180.000000,bottom
"R736","10k","R_0402_1005Metric",223.050000,-65.800000,180.000000,bottom
"R737","10k","R_0402_1005Metric",189.750000,-189.000000,180.000000,bottom
"R738","10k","R_0402_1005Metric",123.150000,-113.399999,180.000000,bottom
"R739","10k","R_0402_1005Metric",171.250000,-189.000000,180.000000,bottom
"R740","10k","R_0402_1005Metric",93.550000,-166.600000,180.000000,bottom
"R741","10k","R_0402_1005Metric",174.950000,-144.200000,180.000000,bottom
"R742","10k","R_0402_1005Metric",49.150000,-236.600000,180.000000,bottom
"R743","10k","R_0402_1005Metric",38.050000,-68.600000,180.000000,bottom
"R744","10k","R_0402_1005Metric",104.650000,-247.799999,180.000000,bottom
"R745","10k","R_0402_1005Metric",134.250000,-172.200000,180.000000,bottom
"R746","10k","R_0402_1005Metric",160.150000,-63.000000,180.000000,bottom
"R747","10k","R_0402_1005Metric",197.150000,-172.200000,180.000000,bottom
"R748","10k","R_0402_1005Metric",100.950000,-270.200000,180.000000,bottom
"R749","10k","R_0402_1005Metric",126.850000,-68.600000,180.000000,bottom
"R750","10k","R_0402_1005Metric",63.950000,-74.199999,180.000000,bottom
"R751","10k","R_0402_1005Metric",186.050000,-149.799999,180.000000,bottom
"R752","10k","R_0402_1005Metric",149.050000,-68.600000,180.000000,bottom
"R753","10k","R_0402_1005Metric",49.150000,-225.399999,180.000000,bottom
"R754","10k","R_0402_1005Metric",60.250000,-273.000000,180.000000,bottom
"R755","10k","R_0402_1005Metric",186.050000,-217.000000,180.000000,bottom
"R756","10k","R_0402_1005Metric",108.350000,-172.200000,180.000000,bottom
"R757","10k","R_0402_1005Metric",100.950000,-172.200000,180.000000,bottom
"R758","10k","R_0402_1005Metric",130.550000,-250.600000,180.000000,bottom
"R759","10k","R_0402_1005Metric",167.550000,-93.800000,180.000000,bottom
"R760","10k","R_0402_1005Metric",104.650000,-65.800000,180.000000,bottom
"R761","10k","R_0402_1005Metric",171.250000,-169.399999,180.000000,bottom
"R762","10k","R_0402_1005Metric",137.950000,-130.199999,180.000000,bottom
"R763","10k","R_0402_1005Metric",174.950000,-208.600000,180.000000,bottom
"R764","10k","R_0402_1005Metric",86.150000,-287.000000,180.000000,bottom
"R765","10k","R_0402_1005Metric",226.750000,-172.200000,180.000000,bottom
"R766","10k","R_0402_1005Metric",174.950000,-166.600000,180.000000,bottom
"R767","10k","R_0402_1005Metric",141.650000,-172.200000,180.000000,bottom
"R768","10k","R_0402_1005Metric",86.150000,-79.800000,180.000000,bottom
"R769","10k","R_0402_1005Metric",189.750000,-152.600000,180.000000,bottom
"R770","10k","R_0402_1005Metric",193.450000,-169.399999,180.000000,bottom
"R771","10k","R_0402_1005Metric",252.650000,-121.800000,180.000000,bottom
"R772","10k","R_0402_1005Metric",104.650000,-191.799999,180.000000,bottom
"R773","10k","R_0402_1005Metric",156.450000,-135.800000,180.000000,bottom
"R774","10k","R_0402_1005Metric",71.350000,-99.399999,180.000000,bottom
"R775","10k","R_0402_1005Metric",15.850000,-91.000000,180.000000,bottom
"R776","10k","R_0402_1005Metric",211.950000,-65.800000,180.000000,bottom
"R777","10k","R_0402_1005Metric",260.050000,-166.600000,180.000000,bottom
"R778","10k","R_0402_1005Metric",260.050000,-99.399999,180.000000,bottom
"R779","10k","R_0402_1005Metric",134.250000,-169.399999,180.000000,bottom
"R780","10k","R_0402_1005Metric",167.550000,-250.600000,180.000000,bottom
"R781","10k","R_0402_1005Metric",63.950000,-91.000000,180.000000,bottom
"R782","10k","R_0402_1005Metric",112.050000,-107.800000,180.000000,bottom
"R783","10k","R_0402_1005Metric",115.750000,-172.200000,180.000000,bottom
"R784","10k","R_0402_1005Metric",219.350000,-233.799999,180.000000,bottom
"R785","10k","R_0402_1005Metric",108.350000,-278.599999,180.000000,bottom
"R786","10k","R_0402_1005Metric",267.450000,-74.199999,180.000000,bottom
"R787","10k","R_0402_1005Metric",89.850000,-63.000000,180.000000,bottom
"R788","10k","R_0402_1005Metric",15.850000,-77.000000,180.000000,bottom
"R789","10k","R_0402_1005Metric",100.950000,-219.799999,180.000000,bottom
"R790","10k","R_0402_1005Metric",104.650000,-267.399999,180.000000,bottom
"R791","10k","R_0402_1005Metric",56.550000,-287.000000,180.000000,bottom
"R792","10k","R_0402_1005Metric",186.050000,-264.600000,180.000000,bottom
"R793","10k","R_0402_1005Metric",97.250000,-270.200000,180.000000,bottom
"R794","10k","R_0402_1005Metric",256.350000,-119.000000,180.000000,bottom
"R795","10k","R_0402_1005Metric",112.050000,-57.400000,180.000000,bottom
"R796","10k","R_0402_1005Metric",167.550000,-172.200000,180.000000,bottom
"R797","10k","R_0402_1005Metric",126.850000,-63.000000,180.000000,bottom
"R798","10k","R_0402_1005Metric",112.050000,-273.000000,180.000000,bottom
"R799","10k","R_0402_1005Metric",152.750000,-54.599999,180.000000,bottom
"R800","10k","R_0402_1005Metric",123.150000,-74.199999,180.000000,bottom
"R801","10k","R_0402_1005Metric",174.950000,-211.399999,180.000000,bottom
"R802","10k","R_0402_1005Metric",149.050000,-172.200000,180.000000,bottom
"R803","10k","R_0402_1005Metric",112.050000,-65.800000,180.000000,bottom
"R804","10k","R_0402_1005Metric",23.250000,-71.400000,180.000000,bottom
"R805","10k","R_0402_1005Metric",134.250000,-71.400000,180.000000,bottom
"R806","10k","R_0402_1005Metric",89.850000,-144.200000,180.000000,bottom
"R807","10k","R_0402_1005Metric",152.750000,-236.600000,180.000000,bottom
"R808","10k","R_0402_1005Metric",186.050000,-191.799999,180.000000,bottom
"R809","10k","R_0402_1005Metric",119.450000,-287.000000,180.000000,bottom
"R810","10k","R_0402_1005Metric",126.850000,-113.399999,180.000000,bottom
"R811","10k","R_0402_1005Metric",82.450000,-149.799999,180.000000,bottom
"R812","10k","R_0402_1005Metric",197.150000,-96.600000,180.000000,bottom
"R813","10k","R_0402_1005Metric",112.050000,-68.600000,180.000000,bottom
"R814","10k","R_0402_1005Metric",149.050000,-261.799999,180.000000,bottom
"R815","10k","R_0402_1005Metric",49.150000,-60.199999,180.000000,bottom
"R816","10k","R_0402_1005Metric",75.050000,-116.199999,180.000000,bottom
"R817","10k","R_0402_1005Metric",104.650000,-169.399999,180.000000,bottom
"R818","10k","R_0402_1005Metric",23.250000,-68.600000,180.000000,bottom
"R819","10k","R_0402_1005Metric",174.950000,-169.399999,180.000000,bottom
"R820","10k","R_0402_1005Metric",200.850000,-161.000000,180.000000,bottom
"R821","10k","R_0402_1005Metric",260.050000,-163.799999,180.000000,bottom
"R822","10k","R_0402_1005Metric",115.750000,-222.600000,180.000000,bottom
"R823","10k","R_0402_1005Metric",26.950000,-65.800000,180.000000,bottom
"R824","10k","R_0402_1005Metric",108.350000,-158.200000,180.000000,bottom
"R825","10k","R_0402_1005Metric",215.650000,-208.600000,180.000000,bottom
"R826","10k","R_0402_1005Metric",93.550000,-99.399999,180.000000,bottom
"R827","10k","R_0402_1005Metric",230.450000,-107.800000,180.000000,bottom
"R828","10k","R_0402_1005Metric",186.050000,-124.600000,180.000000,bottom
"R829","10k","R_0402_1005Metric",119.450000,-63.000000,180.000000,bottom
"R830","10k","R_0402_1005Metric",75.050000,-105.000000,180.000000,bottom
"R831","10k","R_0402_1005Metric",82.450000,-247.799999,180.000000,bottom
"R832","10k","R_0402_1005Metric",137.950000,-65.800000,180.000000,bottom
"R833","10k","R_0402_1005Metric",237.850000,-60.199999,180.000000,bottom
"R834","10k","R_0402_1005Metric",186.050000,-267.399999,180.000000,bottom
"R835","10k","R_0402_1005Metric",71.350000,-208.600000,180.000000,bottom
"R836","10k","R_0402_1005Metric",204.550000,-107.800000,180.000000,bottom
"R837","10k","R_0402_1005Metric",34.350000,-26.600000,180.000000,bottom
"R838","10k","R_0402_1005Metric",141.650000,-77.000000,180.000000,bottom
"R839","10k","R_0402_1005Metric",134.250000,-68.600000,180.000000,bottom
"R840","10k","R_0402_1005Metric",97.250000,-273.000000,180.000000,bottom
"R841","10k","R_0402_1005Metric",189.750000,-26.600000,180.000000,bottom
"R842","10k","R_0402_1005Metric",178.650000,-233.799999,180.000000,bottom
"R843","10k","R_0402_1005Metric",226.750000,-130.199999,180.000000,bottom
"R844","10k","R_0402_1005Metric",171.250000,-211.399999,180.000000,bottom
"R845","10k","R_0402_1005Metric",119.450000,-93.800000,180.000000,bottom
"R846","10k","R_0402_1005Metric",263.750000,-102.199999,180.000000,bottom
"R847","10k","R_0402_1005Metric",130.550000,-91.000000,180.000000,bottom
"R848","10k","R_0402_1005Metric",171.250000,-172.200000,180.000000,bottom
"R849","10k","R_0402_1005Metric",126.850000,-222.600000,180.000000,bottom
"R850","10k","R_0402_1005Metric",219.350000,-261.799999,180.000000,bottom
"R851","10k","R_0402_1005Metric",226.750000,-158.200000,180.000000,bottom
"R852","10k","R_0402_1005Metric",234.150000,-65.800000,180.000000,bottom
"R853","10k","R_0402_1005Metric",130.550000,-68.600000,180.000000,bottom
"R854","10k","R_0402_1005Metric",197.150000,-158.200000,180.000000,bottom
"R855","10k","R_0402_1005Metric",174.950000,-287.000000,180.000000,bottom
"R856","10k","R_0402_1005Metric",108.350000,-228.200000,180.000000,bottom
"R857","10k","R_0402_1005Metric",160.150000,-130.199999,180.000000,bottom
"R858","10k","R_0402_1005Metric",97.250000,-65.800000,180.000000,bottom
"R859","10k","R_0402_1005Metric",52.850000,-287.000000,180.000000,bottom
"R860","10k","R_0402_1005Metric",208.250000,-63.000000,180.000000,bottom
"R861","10k","R_0402_1005Metric",260.050000,-158.200000,180.000000,bottom
"R862","10k","R_0402_1005Metric",67.650000,-197.399999,180.000000,bottom
"R863","10k","R_0402_1005Metric",63.950000,-259.000000,180.000000,bottom
"R864","10k","R_0402_1005Metric",112.050000,-124.600000,180.000000,bottom
"R865","10k","R_0402_1005Metric",193.450000,-172.200000,180.000000,bottom
"R866","10k","R_0402_1005Metric",223.050000,-163.799999,180.000000,bottom
"R867","10k","R_0402_1005Metric",174.950000,-152.600000,180.000000,bottom
"R868","10k","R_0402_1005Metric",163.850000,-147.000000,180.000000,bottom
"R869","10k","R_0402_1005Metric",137.950000,-63.000000,180.000000,bottom
"R870","10k","R_0402_1005Metric",219.350000,-250.600000,180.000000,bottom
"R871","10k","R_0402_1005Metric",130.550000,-93.800000,180.000000,bottom
"R872","10k","R_0402_1005Metric",234.150000,-152.600000,180.000000,bottom
"R873","10k","R_0402_1005Metric",193.450000,-259.000000,180.000000,bottom
"R874","10k","R_0402_1005Metric",104.650000,-259.000000,180.000000,bottom
"R875","10k","R_0402_1005Metric",271.150000,-99.399999,180.000000,bottom
"R876","10k","R_0402_1005Metric",178.650000,-172.200000,180.000000,bottom
"R877","10k","R_0402_1005Metric",223.050000,-239.399999,180.000000,bottom
"R878","10k","R_0402_1005Metric",71.350000,-82.600000,180.000000,bottom
"R879","10k","R_0402_1005Metric",15.850000,-85.399999,180.000000,bottom
"R880","10k","R_0402_1005Metric",115.750000,-65.800000,180.000000,bottom
"R881","10k","R_0402_1005Metric",100.950000,-247.799999,180.000000,bottom
"R882","10k","R_0402_1005Metric",211.950000,-155.399999,180.000000,bottom
"R883","10k","R_0402_1005Metric",215.650000,-197.399999,180.000000,bottom
"R884","10k","R_0402_1005Metric",145.350000,-219.799999,180.000000,bottom
"R885","10k","R_0402_1005Metric",223.050000,-71.400000,180.000000,bottom
"R886","10k","R_0402_1005Metric",167.550000,-63.000000,180.000000,bottom
"R887","10k","R_0402_1005Metric",15.850000,-93.800000,180.000000,bottom
"R888","10k","R_0402_1005Metric",60.250000,-65.800000,180.000000,bottom
"R889","10k","R_0402_1005Metric",63.950000,-208.600000,180.000000,bottom
"R890","10k","R_0402_1005Metric",174.950000,-197.399999,180.000000,bottom
"R891","10k","R_0402_1005Metric",75.050000,-63.000000,180.000000,bottom
"R892","10k","R_0402_1005Metric",174.950000,-256.200000,180.000000,bottom
"R893","10k","R_0402_1005Metric",60.250000,-211.399999,180.000000,bottom
"R894","10k","R_0402_1005Metric",234.150000,-141.399999,180.000000,bottom
"R895","10k","R_0402_1005Metric",145.350000,-267.399999,180.000000,bottom
"R896","10k","R_0402_1005Metric",234.150000,-149.799999,180.000000,bottom
"R897","10k","R_0402_1005Metric",167.550000,-214.200000,180.000000,bottom
"R898","10k","R_0402_1005Metric",215.650000,-93.800000,180.000000,bottom
"R899","10k","R_0402_1005Metric",119.450000,-169.399999,180.000000,bottom
"R900","10k","R_0402_1005Metric",182.350000,-183.399999,180.000000,bottom
"R901","10k","R_0402_1005Metric",49.150000,-214.200000,180.000000,bottom
"R902","10k","R_0402_1005Metric",141.650000,-71.400000,180.000000,bottom
"R903","10k","R_0402_1005Metric",104.650000,-194.600000,180.000000,bottom
"R904","10k","R_0402_1005Metric",56.550000,-222.600000,180.000000,bottom
"R905","10k","R_0402_1005Metric",63.950000,-105.000000,180.000000,bottom
"R906","10k","R_0402_1005Metric",30.650000,-60.199999,180.000000,bottom
"R907","10k","R_0402_1005Metric",174.950000,-135.800000,180.000000,bottom
"R908","10k","R_0402_1005Metric",174.950000,-172.200000,180.000000,bottom
"R909","10k","R_0402_1005Metric",56.550000,-236.600000,180.000000,bottom
"R910","10k","R_0402_1005Metric",100.950000,-65.800000,180.000000,bottom
"R911","10k","R_0402_1005Metric",67.650000,-222.600000,180.000000,bottom
"R912","10k","R_0402_1005Metric",197.150000,-287.000000,180.000000,bottom
"R913","10k","R_0402_1005Metric",163.850000,-63.000000,180.000000,bottom
"R914","10k","R_0402_1005Metric",104.650000,-186.200000,180.000000,bottom
"R915","10k","R_0402_1005Metric",119.450000,-155.399999,180.000000,bottom
"R916","10k","R_0402_1005Metric",60.250000,-225.399999,180.000000,bottom
"R917","10k","R_0402_1005Metric",82.450000,-163.799999,180.000000,bottom
"R918","10k","R_0402_1005Metric",49.150000,-71.400000,180.000000,bottom
"R919","10k","R_0402_1005Metric",97.250000,-166.600000,180.000000,bottom
"R920","10k","R_0402_1005Metric",186.050000,-205.799999,180.000000,bottom
"R921","10k","R_0402_1005Metric",45.450000,-65.800000,180.000000,bottom
"R922","10k","R_0402_1005Metric",200.850000,-147.000000,180.000000,bottom
"R923","10k","R_0402_1005Metric",56.550000,-259.000000,180.000000,bottom
"R924","10k","R_0402_1005Metric",149.050000,-203.000000,180.000000,bottom
"R925","10k","R_0402_1005Metric",112.050000,-172.200000,180.000000,bottom
"R926","10k","R_0402_1005Metric",186.050000,-63.000000,180.000000,bottom
"R927","10k","R_0402_1005Metric",108.350000,-82.600000,180.000000,bottom
"R928","10k","R_0402_1005Metric",67.650000,-270.200000,180.000000,bottom
"R929","10k","R_0402_1005Metric",45.450000,-71.400000,180.000000,bottom
"R930","10k","R_0402_1005Metric",197.150000,-169.399999,180.000000,bottom
"R931","10k","R_0402_1005Metric",137.950000,-46.199999,180.000000,bottom
"R932","10k","R_0402_1005Metric",223.050000,-63.000000,180.000000,bottom
"R933","10k","R_0402_1005Metric",112.050000,-242.200000,180.000000,bottom
"R934","10k","R_0402_1005Metric",200.850000,-149.799999,180.000000,bottom
"R935","10k","R_0402_1005Metric",26.950000,-54.599999,180.000000,bottom
"R936","10k","R_0402_1005Metric",145.350000,-65.800000,180.000000,bottom
"R937","10k","R_0402_1005Metric",15.850000,-71.400000,180.000000,bottom
"R938","10k","R_0402_1005Metric",141.650000,-211.399999,180.000000,bottom
"R939","10k","R_0402_1005Metric",86.150000,-65.800000,180.000000,bottom
"R940","10k","R_0402_1005Metric",241.550000,-177.799999,180.000000,bottom
"R941","10k","R_0402_1005Metric",63.950000,-121.800000,180.000000,bottom
"R942","10k","R_0402_1005Metric",260.050000,-105.000000,180.000000,bottom
"R943","10k","R_0402_1005Metric",256.350000,-121.800000,180.000000,bottom
"R944","10k","R_0402_1005Metric",197.150000,-63.000000,180.000000,bottom
"R945","10k","R_0402_1005Metric",152.750000,-273.000000,180.000000,bottom
"R946","10k","R_0402_1005Metric",112.050000,-169.399999,180.000000,bottom
"R947","10k","R_0402_1005Metric",89.850000,-155.399999,180.000000,bottom
"R948","10k","R_0402_1005Metric",263.750000,-141.399999,180.000000,bottom
"R949","10k","R_0402_1005Metric",141.650000,-169.399999,180.000000,bottom
"R950","10k","R_0402_1005Metric",219.350000,-186.200000,180.000000,bottom
"R951","10k","R_0402_1005Metric",52.850000,-29.400000,180.000000,bottom
"R952","10k","R_0402_1005Metric",223.050000,-158.200000,180.000000,bottom
"R953","10k","R_0402_1005Metric",34.350000,-71.400000,180.000000,bottom
"R954","10k","R_0402_1005Metric",260.050000,-82.600000,180.000000,bottom
"R955","10k","R_0402_1005Metric",119.450000,-208.600000,180.000000,bottom
"R956","10k","R_0402_1005Metric",71.350000,-63.000000,180.000000,bottom
"R957","10k","R_0402_1005Metric",223.050000,-225.399999,180.000000,bottom
"R958","10k","R_0402_1005Metric",248.950000,-147.000000,180.000000,bottom
"R959","10k","R_0402_1005Metric",152.750000,-214.200000,180.000000,bottom
"R960","10k","R_0402_1005Metric",167.550000,-149.799999,180.000000,bottom
"R961","10k","R_0402_1005Metric",82.450000,-222.600000,180.000000,bottom
"R962","10k","R_0402_1005Metric",252.650000,-99.399999,180.000000,bottom
"R963","10k","R_0402_1005Metric",78.750000,-71.400000,180.000000,bottom
"R964","10k","R_0402_1005Metric",256.350000,-43.400000,180.000000,bottom
"R965","10k","R_0402_1005Metric",100.950000,-183.399999,180.000000,bottom
"R966","10k","R_0402_1005Metric",145.350000,-247.799999,180.000000,bottom
"R967","10k","R_0402_1005Metric",189.750000,-222.600000,180.000000,bottom
"R968","10k","R_0402_1005Metric",97.250000,-247.799999,180.000000,bottom
"R969","10k","R_0402_1005Metric",219.350000,-214.200000,180.000000,bottom
"R970","10k","R_0402_1005Metric",145.350000,-172.200000,180.000000,bottom
"R971","10k","R_0402_1005Metric",130.550000,-208.600000,180.000000,bottom
"R972","10k","R_0402_1005Metric",226.750000,-256.200000,180.000000,bottom
"R973","10k","R_0402_1005Metric",63.950000,-270.200000,180.000000,bottom
"R974","10k","R_0402_1005Metric",260.050000,-68.600000,180.000000,bottom
"R975","10k","R_0402_1005Metric",167.550000,-124.600000,180.000000,bottom
"R976","10k","R_0402_1005Metric",182.350000,-231.000000,180.000000,bottom
"R977","10k","R_0402_1005Metric",215.650000,-79.800000,180.000000,bottom
"R978","10k","R_0402_1005Metric",193.450000,-270.200000,180.000000,bottom
"R979","10k","R_0402_1005Metric",97.250000,-105.000000,180.000000,bottom
"R980","10k","R_0402_1005Metric",174.950000,-26.600000,180.000000,bottom
"R981","10k","R_0402_1005Metric",152.750000,-225.399999,180.000000,bottom
"R982","10k","R_0402_1005Metric",152.750000,-141.399999,180.000000,bottom
"R983","10k","R_0402_1005Metric",171.250000,-236.600000,180.000000,bottom
"R984","10k","R_0402_1005Metric",45.450000,-68.600000,180.000000,bottom
"R985","10k","R_0402_1005Metric",45.450000,-189.000000,180.000000,bottom
"R986","10k","R_0402_1005Metric",204.550000,-121.800000,180.000000,bottom
"R987","10k","R_0402_1005Metric",56.550000,-68.600000,180.000000,bottom
"R988","10k","R_0402_1005Metric",223.050000,-68.600000,180.000000,bottom
"R989","10k","R_0402_1005Metric",49.150000,-284.200000,180.000000,bottom
"R990","10k","R_0402_1005Metric",267.450000,-99.399999,180.000000,bottom
"R991","10k","R_0402_1005Metric",171.250000,-23.799999,180.000000,bottom
"R992","10k","R_0402_1005Metric",45.450000,-233.799999,180.000000,bottom
"R993","10k","R_0402_1005Metric",152.750000,-287.000000,180.000000,bottom
"R994","10k","R_0402_1005Metric",141.650000,-186.200000,180.000000,bottom
"R995","10k","R_0402_1005Metric",215.650000,-256.200000,180.000000,bottom
"R996","10k","R_0402_1005Metric",215.650000,-186.200000,180.000000,bottom
"R997","10k","R_0402_1005Metric",119.450000,-133.000000,180.000000,bottom
"R998","10k","R_0402_1005Metric",100.950000,-141.399999,180.000000,bottom
"R999","10k","R_0402_1005Metric",100.950000,-211.399999,180.000000,bottom
"R1000","10k","R_0402_1005Metric",67.650000,-211.399999,180.000000,bottom
"R1001","10k","R_0402_1005Metric",200.850000,-110.600000,180.000000,bottom
"R1002","10k","R_0402_1005Metric",182.350000,-214.200000,180.000000,bottom
"R1003","10k","R_0402_1005Metric",167.550000,-141.399999,180.000000,bottom
"R1004","10k","R_0402_1005Metric",182.350000,-116.199999,180.000000,bottom
"R1005","10k","R_0402_1005Metric",67.650000,-200.200000,180.000000,bottom
"R1006","10k","R_0402_1005Metric",230.450000,-65.800000,180.000000,bottom
"R1007","10k","R_0402_1005Metric",71.350000,-197.399999,180.000000,bottom
"R1008","10k","R_0402_1005Metric",63.950000,-133.000000,180.000000,bottom
"R1009","10k","R_0402_1005Metric",63.950000,-110.600000,180.000000,bottom
"R1010","10k","R_0402_1005Metric",193.450000,-26.600000,180.000000,bottom
"R1011","10k","R_0402_1005Metric",186.050000,-96.600000,180.000000,bottom
"R1012","10k","R_0402_1005Metric",15.850000,-79.800000,180.000000,bottom
"R1013","10k","R_0402_1005Metric",189.750000,-127.399999,180.000000,bottom
"R1014","10k","R_0402_1005Metric",149.050000,-250.600000,180.000000,bottom
"R1015","10k","R_0402_1005Metric",223.050000,-250.600000,180.000000,bottom
"R1016","10k","R_0402_1005Metric",145.350000,-68.600000,180.000000,bottom
"R1017","10k","R_0402_1005Metric",167.550000,-191.799999,180.000000,bottom
"R1018","10k","R_0402_1005Metric",63.950000,-256.200000,180.000000,bottom
"R1019","2.2k","R_0402_1005Metric",149.050000,-189.000000,180.000000,bottom
"R1020","2.2k","R_0402_1005Metric",149.050000,-200.200000,180.000000,bottom
"R1021","2.2k","R_0402_1005Metric",149.050000,-211.399999,180.000000,bottom
"R1022","2.2k","R_0402_1005Metric",149.050000,-222.600000,180.000000,bottom
"R1023","2.2k","R_0402_1005Metric",149.050000,-233.799999,180.000000,bottom
"R1024","2.2k","R_0402_1005Metric",149.050000,-247.799999,180.000000,bottom
"R1025","2.2k","R_0402_1005Metric",149.050000,-259.000000,180.000000,bottom
"R1026","2.2k","R_0402_1005Metric",149.050000,-270.200000,180.000000,bottom
"R1027","2.2k","R_0402_1005Metric",63.950000,-189.000000,180.000000,bottom
"R1028","2.2k","R_0402_1005Metric",67.650000,-203.000000,180.000000,bottom
"R1029","2.2k","R_0402_1005Metric",67.650000,-214.200000,180.000000,bottom
"R1030","2.2k","R_0402_1005Metric",63.950000,-225.399999,180.000000,bottom
"R1031","2.2k","R_0402_1005Metric",63.950000,-236.600000,180.000000,bottom
"R1032","2.2k","R_0402_1005Metric",67.650000,-250.600000,180.000000,bottom
"R1033","2.2k","R_0402_1005Metric",67.650000,-261.799999,180.000000,bottom
"R1034","2.2k","R_0402_1005Metric",63.950000,-273.000000,180.000000,bottom
"R1035","2.2k","R_0402_1005Metric",60.250000,-186.200000,180.000000,bottom
"R1036","2.2k","R_0402_1005Metric",63.950000,-200.200000,180.000000,bottom
"R1037","2.2k","R_0402_1005Metric",63.950000,-214.200000,180.000000,bottom
"R1038","2.2k","R_0402_1005Metric",60.250000,-222.600000,180.000000,bottom
"R1039","2.2k","R_0402_1005Metric",60.250000,-233.799999,180.000000,bottom
"R1040","2.2k","R_0402_1005Metric",63.950000,-250.600000,180.000000,bottom
"R1041","2.2k","R_0402_1005Metric",63.950000,-261.799999,180.000000,bottom
"R1042","2.2k","R_0402_1005Metric",60.250000,-270.200000,180.000000,bottom
"R1043","2.2k","R_0402_1005Metric",78.750000,-189.000000,180.000000,bottom
"R1044","2.2k","R_0402_1005Metric",78.750000,-200.200000,180.000000,bottom
"R1045","2.2k","R_0402_1005Metric",78.750000,-211.399999,180.000000,bottom
"R1046","2.2k","R_0402_1005Metric",78.750000,-222.600000,180.000000,bottom
"R1047","2.2k","R_0402_1005Metric",78.750000,-236.600000,180.000000,bottom
"R1048","2.2k","R_0402_1005Metric",78.750000,-247.799999,180.000000,bottom
"R1049","2.2k","R_0402_1005Metric",78.750000,-259.000000,180.000000,bottom
"R1050","2.2k","R_0402_1005Metric",78.750000,-270.200000,180.000000,bottom
"R1051","2.2k","R_0402_1005Metric",197.150000,-186.200000,180.000000,bottom
"R1052","2.2k","R_0402_1005Metric",193.450000,-197.399999,180.000000,bottom
"R1053","2.2k","R_0402_1005Metric",197.150000,-211.399999,180.000000,bottom
"R1054","2.2k","R_0402_1005Metric",193.450000,-219.799999,180.000000,bottom
"R1055","2.2k","R_0402_1005Metric",197.150000,-233.799999,180.000000,bottom
"R1056","2.2k","R_0402_1005Metric",193.450000,-244.999999,180.000000,bottom
"R1057","2.2k","R_0402_1005Metric",197.150000,-259.000000,180.000000,bottom
"R1058","2.2k","R_0402_1005Metric",193.450000,-267.399999,180.000000,bottom
"R1059","2.2k","R_0402_1005Metric",167.550000,-189.000000,180.000000,bottom
"R1060","2.2k","R_0402_1005Metric",163.850000,-200.200000,180.000000,bottom
"R1061","2.2k","R_0402_1005Metric",167.550000,-211.399999,180.000000,bottom
"R1062","2.2k","R_0402_1005Metric",163.850000,-222.600000,180.000000,bottom
"R1063","2.2k","R_0402_1005Metric",167.550000,-236.600000,180.000000,bottom
"R1064","2.2k","R_0402_1005Metric",163.850000,-247.799999,180.000000,bottom
"R1065","2.2k","R_0402_1005Metric",167.550000,-259.000000,180.000000,bottom
"R1066","2.2k","R_0402_1005Metric",163.850000,-270.200000,180.000000,bottom
"R1067","2.2k","R_0402_1005Metric",215.650000,-144.200000,180.000000,bottom
"R1068","2.2k","R_0402_1005Metric",245.250000,-163.799999,180.000000,bottom
"R1069","2.2k","R_0402_1005Metric",200.850000,-119.000000,180.000000,bottom
"R1070","2.2k","R_0402_1005Metric",226.750000,-149.799999,180.000000,bottom
"R1071","2.2k","R_0402_1005Metric",211.950000,-161.000000,180.000000,bottom
"R1072","2.2k","R_0402_1005Metric",241.550000,-155.399999,180.000000,bottom
"R1073","2.2k","R_0402_1005Metric",267.450000,-147.000000,180.000000,bottom
"R1074","100R","R_0402_1005Metric",117.609940,-7.800000,180.000000,bottom
"R1075","100R","R_0402_1005Metric",46.492798,-7.800000,180.000000,bottom
"R1076","100R","R_0402_1005Metric",22.276329,-7.800000,180.000000,bottom
"R1077","100R","R_0402_1005Metric",86.467119,-7.800000,180.000000,bottom
"R1078","100R","R_0402_1005Metric",191.663866,-7.800000,180.000000,bottom
"R1079","100R","R_0402_1005Metric",243.106950,-7.800000,180.000000,bottom
"R1080","10k","R_0402_1005Metric",121.009940,-7.800000,180.000000,bottom
"R1081","10k","R_0402_1005Metric",49.892798,-7.800000,180.000000,bottom
"R1082","10k","R_0402_1005Metric",25.676329,-7.800000,180.000000,bottom
"R1083","10k","R_0402_1005Metric",89.867119,-7.800000,180.000000,bottom
"R1084","10k","R_0402_1005Metric",195.063866,-7.800000,180.000000,bottom
"R1085","1k-DNP","R_0402_1005Metric",20.000000,-143.000000,90.000000,bottom
"R1086","1k-DNP","R_0402_1005Metric",23.200000,-143.000000,90.000000,bottom
"R1087","1k-DNP","R_0402_1005Metric",26.400000,-143.000000,90.000000,bottom
"R1088","1k-DNP","R_0402_1005Metric",29.600000,-143.000000,90.000000,bottom
"R1089","1k-DNP","R_0402_1005Metric",32.799999,-143.000000,90.000000,bottom
"R1090","1k-DNP","R_0402_1005Metric",36.000000,-143.000000,90.000000,bottom
"R1091","1k-DNP","R_0402_1005Metric",39.200000,-143.000000,90.000000,bottom
"R1092","1k-DNP","R_0402_1005Metric",42.400000,-143.000000,90.000000,bottom
"R1093","1k-DNP","R_0402_1005Metric",45.600000,-143.000000,90.000000,bottom
"R1094","1k-DNP","R_0402_1005Metric",48.800000,-143.000000,90.000000,bottom
"R1095","1k-DNP","R_0402_1005Metric",52.000000,-143.000000,90.000000,bottom
"R1096","1k-DNP","R_0402_1005Metric",55.200000,-143.000000,90.000000,bottom
"R1097","1k-DNP","R_0402_1005Metric",58.400000,-143.000000,90.000000,bottom
"R1098","1k-DNP","R_0402_1005Metric",20.000000,-146.400000,90.000000,bottom
"R1099","1k-DNP","R_0402_1005Metric",23.200000,-146.400000,90.000000,bottom
"R1100","1k-DNP","R_0402_1005Metric",26.400000,-146.400000,90.000000,bottom
"R1101","1k-DNP","R_0402_1005Metric",29.600000,-146.400000,90.000000,bottom
"R1102","1k-DNP","R_0402_1005Metric",32.799999,-146.400000,90.000000,bottom
"R1103","1k-DNP","R_0402_1005Metric",36.000000,-146.400000,90.000000,bottom
"R1104","1k-DNP","R_0402_1005Metric",39.200000,-146.400000,90.000000,bottom
"R1105","1k-DNP","R_0402_1005Metric",42.400000,-146.400000,90.000000,bottom
"R1106","1k-DNP","R_0402_1005Metric",45.600000,-146.400000,90.000000,bottom
"R1107","1k-DNP","R_0402_1005Metric",48.800000,-146.400000,90.000000,bottom
"R1108","1k-DNP","R_0402_1005Metric",52.000000,-146.400000,90.000000,bottom
"R1109","1k-DNP","R_0402_1005Metric",55.200000,-146.400000,90.000000,bottom
"R1110","1k-DNP","R_0402_1005Metric",58.400000,-146.400000,90.000000,bottom
"D1","LED_RED","LED_0603_1608Metric",145.350000,-186.200000,0.000000,top
"D2","LED_RED","LED_0603_1608Metric",145.350000,-197.399999,0.000000,top
"D3","LED_RED","LED_0603_1608Metric",145.350000,-208.600000,0.000000,top
"D4","LED_RED","LED_0603_1608Metric",145.350000,-219.799999,0.000000,top
"D5","LED_RED","LED_0603_1608Metric",145.350000,-231.000000,0.000000,top
"D6","LED_RED","LED_0603_1608Metric",145.350000,-244.999999,0.000000,top
"D7","LED_RED","LED_0603_1608Metric",145.350000,-256.200000,0.000000,top
"D8","LED_RED","LED_0603_1608Metric",145.350000,-267.399999,0.000000,top
"D9","LED_RED","LED_0603_1608Metric",63.950000,-186.200000,0.000000,top
"D10","LED_RED","LED_0603_1608Metric",63.950000,-200.200000,0.000000,top
"D11","LED_RED","LED_0603_1608Metric",63.950000,-211.399999,0.000000,top
"D12","LED_RED","LED_0603_1608Metric",63.950000,-222.600000,0.000000,top
"D13","LED_RED","LED_0603_1608Metric",63.950000,-233.799999,0.000000,top
"D14","LED_RED","LED_0603_1608Metric",63.950000,-247.799999,0.000000,top
"D15","LED_RED","LED_0603_1608Metric",63.950000,-259.000000,0.000000,top
"D16","LED_RED","LED_0603_1608Metric",63.950000,-270.200000,0.000000,top
"D17","LED_RED","LED_0603_1608Metric",60.250000,-186.200000,0.000000,top
"D18","LED_RED","LED_0603_1608Metric",60.250000,-200.200000,0.000000,top
"D19","LED_RED","LED_0603_1608Metric",60.250000,-211.399999,0.000000,top
"D20","LED_RED","LED_0603_1608Metric",60.250000,-222.600000,0.000000,top
"D21","LED_RED","LED_0603_1608Metric",60.250000,-233.799999,0.000000,top
"D22","LED_RED","LED_0603_1608Metric",60.250000,-247.799999,0.000000,top
"D23","LED_RED","LED_0603_1608Metric",60.250000,-259.000000,0.000000,top
"D24","LED_RED","LED_0603_1608Metric",60.250000,-270.200000,0.000000,top
"D25","LED_RED","LED_0603_1608Metric",75.050000,-186.200000,0.000000,top
"D26","LED_RED","LED_0603_1608Metric",75.050000,-197.399999,0.000000,top
"D27","LED_RED","LED_0603_1608Metric",75.050000,-208.600000,0.000000,top
"D28","LED_RED","LED_0603_1608Metric",75.050000,-219.799999,0.000000,top
"D29","LED_RED","LED_0603_1608Metric",75.050000,-233.799999,0.000000,top
"D30","LED_RED","LED_0603_1608Metric",75.050000,-244.999999,0.000000,top
"D31","LED_RED","LED_0603_1608Metric",75.050000,-256.200000,0.000000,top
"D32","LED_RED","LED_0603_1608Metric",75.050000,-267.399999,0.000000,top
"D33","LED_RED","LED_0603_1608Metric",193.450000,-183.399999,0.000000,top
"D34","LED_RED","LED_0603_1608Metric",189.750000,-194.600000,0.000000,top
"D35","LED_RED","LED_0603_1608Metric",193.450000,-208.600000,0.000000,top
"D36","LED_RED","LED_0603_1608Metric",189.750000,-217.000000,0.000000,top
"D37","LED_RED","LED_0603_1608Metric",193.450000,-231.000000,0.000000,top
"D38","LED_RED","LED_0603_1608Metric",189.750000,-242.200000,0.000000,top
"D39","LED_RED","LED_0603_1608Metric",193.450000,-256.200000,0.000000,top
"D40","LED_RED","LED_0603_1608Metric",189.750000,-264.600000,0.000000,top
"D41","LED_RED","LED_0603_1608Metric",163.850000,-186.200000,0.000000,top
"D42","LED_RED","LED_0603_1608Metric",163.850000,-200.200000,0.000000,top
"D43","LED_RED","LED_0603_1608Metric",163.850000,-208.600000,0.000000,top
"D44","LED_RED","LED_0603_1608Metric",163.850000,-222.600000,0.000000,top
"D45","LED_RED","LED_0603_1608Metric",163.850000,-233.799999,0.000000,top
"D46","LED_RED","LED_0603_1608Metric",163.850000,-247.799999,0.000000,top
"D47","LED_RED","LED_0603_1608Metric",163.850000,-256.200000,0.000000,top
"D48","LED_RED","LED_0603_1608Metric",163.850000,-270.200000,0.000000,top
"D49","LED_RED","LED_0603_1608Metric",215.650000,-144.200000,0.000000,top
"D50","LED_RED","LED_0603_1608Metric",241.550000,-161.000000,0.000000,top
"D51","LED_RED","LED_0603_1608Metric",197.150000,-116.199999,0.000000,top
"D52","LED_RED","LED_0603_1608Metric",223.050000,-147.000000,0.000000,top
"D53","LED_RED","LED_0603_1608Metric",211.950000,-161.000000,0.000000,top
"D54","LED_RED","LED_0603_1608Metric",237.850000,-152.600000,0.000000,top
"D55","LED_RED","LED_0603_1608Metric",263.750000,-144.200000,0.000000,top
"Q1","2N7002W","SOT-323_SC-70",52.850000,-152.600000,0.000000,top
"Q2","2N7002W","SOT-323_SC-70",171.250000,-289.799999,0.000000,top
"Q3","2N7002W","SOT-323_SC-70",123.150000,-236.600000,0.000000,top
"Q4","2N7002W","SOT-323_SC-70",63.950000,-289.799999,0.000000,top
"Q5","2N7002W","SOT-323_SC-70",263.750000,-124.600000,0.000000,top
"Q6","2N7002W","SOT-323_SC-70",189.750000,-289.799999,0.000000,top
"Q7","2N7002W","SOT-323_SC-70",186.050000,-287.000000,0.000000,top
"Q8","2N7002W","SOT-323_SC-70",230.450000,-208.600000,0.000000,top
"Q9","2N7002W","SOT-323_SC-70",56.550000,-259.000000,0.000000,top
"Q10","2N7002W","SOT-323_SC-70",52.850000,-256.200000,0.000000,top
"Q11","2N7002W","SOT-323_SC-70",52.850000,-163.799999,0.000000,top
"Q12","2N7002W","SOT-323_SC-70",38.050000,-172.200000,0.000000,top
"Q13","2N7002W","SOT-323_SC-70",89.850000,-197.399999,0.000000,top
"Q14","2N7002W","SOT-323_SC-70",89.850000,-200.200000,0.000000,top
"Q15","2N7002W","SOT-323_SC-70",45.450000,-29.400000,0.000000,top
"Q16","2N7002W","SOT-323_SC-70",67.650000,-289.799999,0.000000,top
"Q17","2N7002W","SOT-323_SC-70",34.350000,-91.000000,0.000000,top
"Q18","2N7002W","SOT-323_SC-70",219.350000,-149.799999,0.000000,top
"Q19","2N7002W","SOT-323_SC-70",215.650000,-147.000000,0.000000,top
"Q20","2N7002W","SOT-323_SC-70",145.350000,-289.799999,0.000000,top
"Q21","2N7002W","SOT-323_SC-70",141.650000,-287.000000,0.000000,top
"Q22","2N7002W","SOT-323_SC-70",137.950000,-177.799999,0.000000,top
"Q23","2N7002W","SOT-323_SC-70",156.450000,-161.000000,0.000000,top
"Q24","2N7002W","SOT-323_SC-70",152.750000,-158.200000,0.000000,top
"Q25","2N7002W","SOT-323_SC-70",75.050000,-191.799999,0.000000,top
"Q26","2N7002W","SOT-323_SC-70",71.350000,-189.000000,0.000000,top
"Q27","2N7002W","SOT-323_SC-70",23.250000,-32.200000,0.000000,top
"Q28","2N7002W","SOT-323_SC-70",19.550000,-29.400000,0.000000,top
"Q29","2N7002W","SOT-323_SC-70",15.850000,-35.000000,0.000000,top
"Q30","2N7002W","SOT-323_SC-70",15.850000,-32.200000,0.000000,top
"Q31","2N7002W","SOT-323_SC-70",223.050000,-149.799999,0.000000,top
"Q32","2N7002W","SOT-323_SC-70",223.050000,-152.600000,0.000000,top
"Q33","2N7002W","SOT-323_SC-70",49.150000,-189.000000,0.000000,top
"Q34","2N7002W","SOT-323_SC-70",45.450000,-189.000000,0.000000,top
"Q35","2N7002W","SOT-323_SC-70",45.450000,-191.799999,0.000000,top
"Q36","2N7002W","SOT-323_SC-70",215.650000,-175.000000,0.000000,top
"Q37","2N7002W","SOT-323_SC-70",245.250000,-149.799999,0.000000,top
"Q38","2N7002W","SOT-323_SC-70",108.350000,-233.799999,0.000000,top
"Q39","2N7002W","SOT-323_SC-70",104.650000,-231.000000,0.000000,top
"Q40","2N7002W","SOT-323_SC-70",108.350000,-236.600000,0.000000,top
"Q41","2N7002W","SOT-323_SC-70",263.750000,-77.000000,0.000000,top
"Q42","2N7002W","SOT-323_SC-70",260.050000,-74.199999,0.000000,top
"Q43","2N7002W","SOT-323_SC-70",263.750000,-71.400000,0.000000,top
"Q44","2N7002W","SOT-323_SC-70",260.050000,-68.600000,0.000000,top
"Q45","2N7002W","SOT-323_SC-70",60.250000,-261.799999,0.000000,top
"Q46","2N7002W","SOT-323_SC-70",60.250000,-264.600000,0.000000,top
"Q47","2N7002W","SOT-323_SC-70",215.650000,-149.799999,0.000000,top
"Q48","2N7002W","SOT-323_SC-70",75.050000,-239.399999,0.000000,top
"Q49","2N7002W","SOT-323_SC-70",71.350000,-236.600000,0.000000,top
"Q50","2N7002W","SOT-323_SC-70",71.350000,-239.399999,0.000000,top
"Q51","2N7002W","SOT-323_SC-70",186.050000,-91.000000,0.000000,top
"Q52","2N7002W","SOT-323_SC-70",130.550000,-289.799999,0.000000,top
"Q53","2N7002W","SOT-323_SC-70",126.850000,-287.000000,0.000000,top
"Q54","2N7002W","SOT-323_SC-70",19.550000,-46.199999,0.000000,top
"Q55","2N7002W","SOT-323_SC-70",256.350000,-152.600000,0.000000,top
"Q56","2N7002W","SOT-323_SC-70",256.350000,-91.000000,0.000000,top
"Q57","2N7002W","SOT-323_SC-70",108.350000,-127.399999,0.000000,top
"Q58","2N7002W","SOT-323_SC-70",126.850000,-236.600000,0.000000,top
"Q59","2N7002W","SOT-323_SC-70",63.950000,-203.000000,0.000000,top
"Q60","2N7002W","SOT-323_SC-70",60.250000,-203.000000,0.000000,top
"Q61","2N7002W","SOT-323_SC-70",86.150000,-203.000000,0.000000,top
"Q62","2N7002W","SOT-323_SC-70",82.450000,-200.200000,0.000000,top
"Q63","2N7002W","SOT-323_SC-70",86.150000,-214.200000,0.000000,top
"Q64","2N7002W","SOT-323_SC-70",82.450000,-211.399999,0.000000,top
"Q65","2N7002W","SOT-323_SC-70",86.150000,-225.399999,0.000000,top
"Q66","2N7002W","SOT-323_SC-70",82.450000,-222.600000,0.000000,top
"Q67","2N7002W","SOT-323_SC-70",86.150000,-239.399999,0.000000,top
"Q68","2N7002W","SOT-323_SC-70",82.450000,-236.600000,0.000000,top
"Q69","2N7002W","SOT-323_SC-70",226.750000,-203.000000,0.000000,top
"Q70","2N7002W","SOT-323_SC-70",71.350000,-175.000000,0.000000,top
"Q71","2N7002W","SOT-323_SC-70",86.150000,-191.799999,0.000000,top
"Q72","2N7002W","SOT-323_SC-70",82.450000,-189.000000,0.000000,top
"Q73","2N7002W","SOT-323_SC-70",141.650000,-189.000000,0.000000,top
"Q74","2N7002W","SOT-323_SC-70",137.950000,-186.200000,0.000000,top
"Q75","2N7002W","SOT-323_SC-70",86.150000,-250.600000,0.000000,top
"Q76","2N7002W","SOT-323_SC-70",82.450000,-247.799999,0.000000,top
"Q77","2N7002W","SOT-323_SC-70",86.150000,-261.799999,0.000000,top
"Q78","2N7002W","SOT-323_SC-70",82.450000,-259.000000,0.000000,top
"Q79","2N7002W","SOT-323_SC-70",178.650000,-233.799999,0.000000,top
"Q80","2N7002W","SOT-323_SC-70",82.450000,-116.199999,0.000000,top
"Q81","2N7002W","SOT-323_SC-70",78.750000,-113.399999,0.000000,top
"Q82","2N7002W","SOT-323_SC-70",67.650000,-91.000000,0.000000,top
"Q83","2N7002W","SOT-323_SC-70",171.250000,-225.399999,0.000000,top
"Q84","2N7002W","SOT-323_SC-70",112.050000,-219.799999,0.000000,top
"Q85","2N7002W","SOT-323_SC-70",108.350000,-217.000000,0.000000,top
"Q86","2N7002W","SOT-323_SC-70",112.050000,-225.399999,0.000000,top
"Q87","2N7002W","SOT-323_SC-70",137.950000,-161.000000,0.000000,top
"Q88","2N7002W","SOT-323_SC-70",134.250000,-158.200000,0.000000,top
"Q89","2N7002W","SOT-323_SC-70",126.850000,-259.000000,0.000000,top
"Q90","2N7002W","SOT-323_SC-70",230.450000,-152.600000,0.000000,top
"Q91","2N7002W","SOT-323_SC-70",226.750000,-152.600000,0.000000,top
"Q92","2N7002W","SOT-323_SC-70",219.350000,-208.600000,0.000000,top
"Q93","2N7002W","SOT-323_SC-70",260.050000,-107.800000,0.000000,top
"Q94","2N7002W","SOT-323_SC-70",256.350000,-107.800000,0.000000,top
"Q95","2N7002W","SOT-323_SC-70",63.950000,-264.600000,0.000000,top
"Q96","2N7002W","SOT-323_SC-70",67.650000,-259.000000,0.000000,top
"Q97","2N7002W","SOT-323_SC-70",63.950000,-107.800000,0.000000,top
"Q98","2N7002W","SOT-323_SC-70",60.250000,-105.000000,0.000000,top
"Q99","2N7002W","SOT-323_SC-70",100.950000,-270.200000,0.000000,top
"Q100","2N7002W","SOT-323_SC-70",93.550000,-270.200000,0.000000,top
"Q101","2N7002W","SOT-323_SC-70",145.350000,-29.400000,0.000000,top
"Q102","2N7002W","SOT-323_SC-70",63.950000,-239.399999,0.000000,top
"Q103","2N7002W","SOT-323_SC-70",60.250000,-236.600000,0.000000,top
"Q104","2N7002W","SOT-323_SC-70",208.250000,-82.600000,0.000000,top
"Q105","2N7002W","SOT-323_SC-70",86.150000,-177.799999,0.000000,top
"Q106","2N7002W","SOT-323_SC-70",226.750000,-239.399999,0.000000,top
"Q107","2N7002W","SOT-323_SC-70",219.350000,-242.200000,0.000000,top
"Q108","2N7002W","SOT-323_SC-70",200.850000,-163.799999,0.000000,top
"Q109","2N7002W","SOT-323_SC-70",197.150000,-161.000000,0.000000,top
"Q110","2N7002W","SOT-323_SC-70",197.150000,-163.799999,0.000000,top
"Q111","2N7002W","SOT-323_SC-70",197.150000,-166.600000,0.000000,top
"Q112","2N7002W","SOT-323_SC-70",215.650000,-121.800000,0.000000,top
"Q113","2N7002W","SOT-323_SC-70",211.950000,-119.000000,0.000000,top
"Q114","2N7002W","SOT-323_SC-70",215.650000,-130.199999,0.000000,top
"Q115","2N7002W","SOT-323_SC-70",211.950000,-127.399999,0.000000,top
"Q116","2N7002W","SOT-323_SC-70",223.050000,-233.799999,0.000000,top
"Q117","2N7002W","SOT-323_SC-70",219.350000,-231.000000,0.000000,top
"Q118","2N7002W","SOT-323_SC-70",174.950000,-186.200000,0.000000,top
"Q119","2N7002W","SOT-323_SC-70",174.950000,-191.799999,0.000000,top
"Q120","2N7002W","SOT-323_SC-70",182.350000,-208.600000,0.000000,top
"Q121","2N7002W","SOT-323_SC-70",178.650000,-205.799999,0.000000,top
"Q122","2N7002W","SOT-323_SC-70",182.350000,-211.399999,0.000000,top
"Q123","2N7002W","SOT-323_SC-70",52.850000,-292.599999,0.000000,top
"Q124","2N7002W","SOT-323_SC-70",89.850000,-144.200000,0.000000,top
"Q125","2N7002W","SOT-323_SC-70",112.050000,-189.000000,0.000000,top
"Q126","2N7002W","SOT-323_SC-70",174.950000,-222.600000,0.000000,top
"Q127","2N7002W","SOT-323_SC-70",171.250000,-116.199999,0.000000,top
"Q128","2N7002W","SOT-323_SC-70",63.950000,-197.399999,0.000000,top
"Q129","2N7002W","SOT-323_SC-70",197.150000,-289.799999,0.000000,top
"Q130","2N7002W","SOT-323_SC-70",78.750000,-124.600000,0.000000,top
"Q131","2N7002W","SOT-323_SC-70",119.450000,-214.200000,0.000000,top
"Q132","2N7002W","SOT-323_SC-70",134.250000,-82.600000,0.000000,top
"Q133","2N7002W","SOT-323_SC-70",56.550000,-82.600000,0.000000,top
"Q134","2N7002W","SOT-323_SC-70",119.450000,-284.200000,0.000000,top
"Q135","2N7002W","SOT-323_SC-70",119.450000,-287.000000,0.000000,top
"Q136","2N7002W","SOT-323_SC-70",123.150000,-289.799999,0.000000,top
"Q137","2N7002W","SOT-323_SC-70",82.450000,-225.399999,0.000000,top
"Q138","2N7002W","SOT-323_SC-70",260.050000,-99.399999,0.000000,top
"Q139","2N7002W","SOT-323_SC-70",89.850000,-93.800000,0.000000,top
"Q140","2N7002W","SOT-323_SC-70",215.650000,-200.200000,0.000000,top
"Q141","2N7002W","SOT-323_SC-70",115.750000,-219.799999,0.000000,top
"Q142","2N7002W","SOT-323_SC-70",112.050000,-217.000000,0.000000,top
"Q143","2N7002W","SOT-323_SC-70",219.350000,-93.800000,0.000000,top
"Q144","2N7002W","SOT-323_SC-70",215.650000,-91.000000,0.000000,top
"Q145","2N7002W","SOT-323_SC-70",215.650000,-284.200000,0.000000,top
"Q146","2N7002W","SOT-323_SC-70",145.350000,-130.199999,0.000000,top
"Q147","2N7002W","SOT-323_SC-70",63.950000,-163.799999,0.000000,top
"Q148","2N7002W","SOT-323_SC-70",193.450000,-270.200000,0.000000,top
"Q149","2N7002W","SOT-323_SC-70",71.350000,-91.000000,0.000000,top
"Q150","2N7002W","SOT-323_SC-70",211.950000,-289.799999,0.000000,top
"Q151","2N7002W","SOT-323_SC-70",208.250000,-287.000000,0.000000,top
"Q152","2N7002W","SOT-323_SC-70",223.050000,-177.799999,0.000000,top
"Q153","2N7002W","SOT-323_SC-70",182.350000,-149.799999,0.000000,top
"Q154","2N7002W","SOT-323_SC-70",178.650000,-147.000000,0.000000,top
"Q155","2N7002W","SOT-323_SC-70",134.250000,-233.799999,0.000000,top
"Q156","2N7002W","SOT-323_SC-70",130.550000,-231.000000,0.000000,top
"Q157","2N7002W","SOT-323_SC-70",71.350000,-225.399999,0.000000,top
"Q158","2N7002W","SOT-323_SC-70",67.650000,-222.600000,0.000000,top
"Q159","2N7002W","SOT-323_SC-70",71.350000,-211.399999,0.000000,top
"Q160","2N7002W","SOT-323_SC-70",67.650000,-208.600000,0.000000,top
"Q161","2N7002W","SOT-323_SC-70",174.950000,-169.399999,0.000000,top
"Q162","2N7002W","SOT-323_SC-70",174.950000,-172.200000,0.000000,top
"Q163","2N7002W","SOT-323_SC-70",193.450000,-99.399999,0.000000,top
"Q164","2N7002W","SOT-323_SC-70",71.350000,-273.000000,0.000000,top
"Q165","2N7002W","SOT-323_SC-70",67.650000,-270.200000,0.000000,top
"Q166","2N7002W","SOT-323_SC-70",71.350000,-261.799999,0.000000,top
"Q167","2N7002W","SOT-323_SC-70",67.650000,-264.600000,0.000000,top
"Q168","2N7002W","SOT-323_SC-70",178.650000,-169.399999,0.000000,top
"Q169","2N7002W","SOT-323_SC-70",182.350000,-172.200000,0.000000,top
"Q170","2N7002W","SOT-323_SC-70",67.650000,-233.799999,0.000000,top
"Q171","2N7002W","SOT-323_SC-70",67.650000,-239.399999,0.000000,top
"Q172","2N7002W","SOT-323_SC-70",197.150000,-127.399999,0.000000,top
"Q173","2N7002W","SOT-323_SC-70",89.850000,-244.999999,0.000000,top
"Q174","2N7002W","SOT-323_SC-70",86.150000,-242.200000,0.000000,top
"Q175","2N7002W","SOT-323_SC-70",89.850000,-250.600000,0.000000,top
"Q176","2N7002W","SOT-323_SC-70",263.750000,-63.000000,0.000000,top
"Q177","2N7002W","SOT-323_SC-70",260.050000,-60.199999,0.000000,top
"Q178","2N7002W","SOT-323_SC-70",67.650000,-247.799999,0.000000,top
"Q179","2N7002W","SOT-323_SC-70",215.650000,-208.600000,0.000000,top
"Q180","2N7002W","SOT-323_SC-70",211.950000,-205.799999,0.000000,top
"Q181","2N7002W","SOT-323_SC-70",130.550000,-79.800000,0.000000,top
"Q182","2N7002W","SOT-323_SC-70",134.250000,-85.399999,0.000000,top
"Q183","2N7002W","SOT-323_SC-70",211.950000,-270.200000,0.000000,top
"Q184","2N7002W","SOT-323_SC-70",100.950000,-225.399999,0.000000,top
"Q185","2N7002W","SOT-323_SC-70",78.750000,-186.200000,0.000000,top
"Q186","2N7002W","SOT-323_SC-70",126.850000,-169.399999,0.000000,top
"Q187","2N7002W","SOT-323_SC-70",126.850000,-172.200000,0.000000,top
"Q188","2N7002W","SOT-323_SC-70",112.050000,-113.399999,0.000000,top
"Q189","2N7002W","SOT-323_SC-70",63.950000,-177.799999,0.000000,top
"Q190","2N7002W","SOT-323_SC-70",89.850000,-82.600000,0.000000,top
"Q191","2N7002W","SOT-323_SC-70",178.650000,-186.200000,0.000000,top
"Q192","2N7002W","SOT-323_SC-70",245.250000,-203.000000,0.000000,top
"Q193","2N7002W","SOT-323_SC-70",178.650000,-267.399999,0.000000,top
"Q194","2N7002W","SOT-323_SC-70",52.850000,-273.000000,0.000000,top
"Q195","2N7002W","SOT-323_SC-70",56.550000,-256.200000,0.000000,top
"Q196","2N7002W","SOT-323_SC-70",163.850000,-91.000000,0.000000,top
"Q197","2N7002W","SOT-323_SC-70",56.550000,-144.200000,0.000000,top
"Q198","2N7002W","SOT-323_SC-70",15.850000,-40.599999,0.000000,top
"Q199","2N7002W","SOT-323_SC-70",145.350000,-152.600000,0.000000,top
"Q200","2N7002W","SOT-323_SC-70",186.050000,-267.399999,0.000000,top
"Q201","2N7002W","SOT-323_SC-70",186.050000,-273.000000,0.000000,top
"Q202","2N7002W","SOT-323_SC-70",137.950000,-264.600000,0.000000,top
"Q203","2N7002W","SOT-323_SC-70",134.250000,-261.799999,0.000000,top
"Q204","2N7002W","SOT-323_SC-70",112.050000,-289.799999,0.000000,top
"Q205","2N7002W","SOT-323_SC-70",219.350000,-247.799999,0.000000,top
"Q206","2N7002W","SOT-323_SC-70",26.950000,-79.800000,0.000000,top
"Q207","2N7002W","SOT-323_SC-70",197.150000,-107.800000,0.000000,top
"Q208","2N7002W","SOT-323_SC-70",52.850000,-244.999999,0.000000,top
"Q209","2N7002W","SOT-323_SC-70",49.150000,-242.200000,0.000000,top
"Q210","2N7002W","SOT-323_SC-70",186.050000,-186.200000,0.000000,top
"Q211","2N7002W","SOT-323_SC-70",182.350000,-183.399999,0.000000,top
"Q212","2N7002W","SOT-323_SC-70",186.050000,-189.000000,0.000000,top
"Q213","2N7002W","SOT-323_SC-70",141.650000,-102.199999,0.000000,top
"Q214","2N7002W","SOT-323_SC-70",137.950000,-99.399999,0.000000,top
"Q215","2N7002W","SOT-323_SC-70",137.950000,-82.600000,0.000000,top
"Q216","2N7002W","SOT-323_SC-70",186.050000,-127.399999,0.000000,top
"Q217","2N7002W","SOT-323_SC-70",123.150000,-172.200000,0.000000,top
"Q218","2N7002W","SOT-323_SC-70",182.350000,-166.600000,0.000000,top
"Q219","2N7002W","SOT-323_SC-70",100.950000,-82.600000,0.000000,top
"Q220","2N7002W","SOT-323_SC-70",104.650000,-116.199999,0.000000,top
"Q221","2N7002W","SOT-323_SC-70",82.450000,-161.000000,0.000000,top
"Q222","2N7002W","SOT-323_SC-70",78.750000,-158.200000,0.000000,top
"Q223","2N7002W","SOT-323_SC-70",108.350000,-158.200000,0.000000,top
"Q224","2N7002W","SOT-323_SC-70",104.650000,-155.399999,0.000000,top
"Q225","2N7002W","SOT-323_SC-70",112.050000,-281.400000,0.000000,top
"Q226","2N7002W","SOT-323_SC-70",108.350000,-278.599999,0.000000,top
"Q227","2N7002W","SOT-323_SC-70",186.050000,-161.000000,0.000000,top
"Q228","2N7002W","SOT-323_SC-70",182.350000,-158.200000,0.000000,top
"Q229","2N7002W","SOT-323_SC-70",208.250000,-88.199999,0.000000,top
"Q230","2N7002W","SOT-323_SC-70",219.350000,-256.200000,0.000000,top
"Q231","2N7002W","SOT-323_SC-70",56.550000,-105.000000,0.000000,top
"Q232","2N7002W","SOT-323_SC-70",126.850000,-281.400000,0.000000,top
"Q233","2N7002W","SOT-323_SC-70",252.650000,-63.000000,0.000000,top
"Q234","2N7002W","SOT-323_SC-70",260.050000,-79.800000,0.000000,top
"Q235","2N7002W","SOT-323_SC-70",256.350000,-77.000000,0.000000,top
"Q236","2N7002W","SOT-323_SC-70",171.250000,-273.000000,0.000000,top
"Q237","2N7002W","SOT-323_SC-70",204.550000,-82.600000,0.000000,top
"Q238","2N7002W","SOT-323_SC-70",93.550000,-135.800000,0.000000,top
"Q239","2N7002W","SOT-323_SC-70",89.850000,-133.000000,0.000000,top
"Q240","2N7002W","SOT-323_SC-70",226.750000,-247.799999,0.000000,top
"Q241","2N7002W","SOT-323_SC-70",223.050000,-250.600000,0.000000,top
"Q242","2N7002W","SOT-323_SC-70",219.350000,-236.600000,0.000000,top
"Q243","2N7002W","SOT-323_SC-70",167.550000,-121.800000,0.000000,top
"Q244","2N7002W","SOT-323_SC-70",100.950000,-152.600000,0.000000,top
"Q245","2N7002W","SOT-323_SC-70",141.650000,-244.999999,0.000000,top
"Q246","2N7002W","SOT-323_SC-70",141.650000,-247.799999,0.000000,top
"Q247","2N7002W","SOT-323_SC-70",141.650000,-93.800000,0.000000,top
"Q248","2N7002W","SOT-323_SC-70",152.750000,-107.800000,0.000000,top
"Q249","2N7002W","SOT-323_SC-70",256.350000,-161.000000,0.000000,top
"Q250","2N7002W","SOT-323_SC-70",152.750000,-292.599999,0.000000,top
"Q251","2N7002W","SOT-323_SC-70",119.450000,-130.199999,0.000000,top
"Q252","2N7002W","SOT-323_SC-70",115.750000,-127.399999,0.000000,top
"Q253","2N7002W","SOT-323_SC-70",137.950000,-200.200000,0.000000,top
"Q254","2N7002W","SOT-323_SC-70",38.050000,-79.800000,0.000000,top
"Q255","2N7002W","SOT-323_SC-70",211.950000,-169.399999,0.000000,top
"Q256","2N7002W","SOT-323_SC-70",49.150000,-79.800000,0.000000,top
"Q257","2N7002W","SOT-323_SC-70",130.550000,-169.399999,0.000000,top
"Q258","2N7002W","SOT-323_SC-70",130.550000,-172.200000,0.000000,top
"Q259","2N7002W","SOT-323_SC-70",112.050000,-29.400000,0.000000,top
"Q260","2N7002W","SOT-323_SC-70",108.350000,-26.600000,0.000000,top
"Q261","2N7002W","SOT-323_SC-70",256.350000,-163.799999,0.000000,top
"Q262","2N7002W","SOT-323_SC-70",167.550000,-82.600000,0.000000,top
"Q263","2N7002W","SOT-323_SC-70",256.350000,-155.399999,0.000000,top
"Q264","2N7002W","SOT-323_SC-70",263.750000,-54.599999,0.000000,top
"Q265","2N7002W","SOT-323_SC-70",260.050000,-51.800000,0.000000,top
"Q266","2N7002W","SOT-323_SC-70",241.550000,-105.000000,0.000000,top
"Q267","2N7002W","SOT-323_SC-70",174.950000,-225.399999,0.000000,top
"Q268","2N7002W","SOT-323_SC-70",75.050000,-189.000000,0.000000,top
"Q269","2N7002W","SOT-323_SC-70",78.750000,-191.799999,0.000000,top
"Q270","2N7002W","SOT-323_SC-70",211.950000,-191.799999,0.000000,top
"Q271","2N7002W","SOT-323_SC-70",71.350000,-163.799999,0.000000,top
"Q272","2N7002W","SOT-323_SC-70",241.550000,-175.000000,0.000000,top
"Q273","2N7002W","SOT-323_SC-70",23.250000,-43.400000,0.000000,top
"Q274","2N7002W","SOT-323_SC-70",208.250000,-191.799999,0.000000,top
"Q275","2N7002W","SOT-323_SC-70",204.550000,-189.000000,0.000000,top
"Q276","2N7002W","SOT-323_SC-70",208.250000,-203.000000,0.000000,top
"Q277","2N7002W","SOT-323_SC-70",204.550000,-200.200000,0.000000,top
"Q278","2N7002W","SOT-323_SC-70",208.250000,-214.200000,0.000000,top
"Q279","2N7002W","SOT-323_SC-70",204.550000,-211.399999,0.000000,top
"Q280","2N7002W","SOT-323_SC-70",208.250000,-228.200000,0.000000,top
"Q281","2N7002W","SOT-323_SC-70",204.550000,-225.399999,0.000000,top
"Q282","2N7002W","SOT-323_SC-70",208.250000,-239.399999,0.000000,top
"Q283","2N7002W","SOT-323_SC-70",204.550000,-236.600000,0.000000,top
"Q284","2N7002W","SOT-323_SC-70",208.250000,-250.600000,0.000000,top
"Q285","2N7002W","SOT-323_SC-70",204.550000,-247.799999,0.000000,top
"Q286","2N7002W","SOT-323_SC-70",208.250000,-264.600000,0.000000,top
"Q287","2N7002W","SOT-323_SC-70",204.550000,-261.799999,0.000000,top
"Q288","2N7002W","SOT-323_SC-70",208.250000,-275.800000,0.000000,top
"Q289","2N7002W","SOT-323_SC-70",204.550000,-273.000000,0.000000,top
"Q290","2N7002W","SOT-323_SC-70",75.050000,-85.399999,0.000000,top
"Q291","2N7002W","SOT-323_SC-70",82.450000,-163.799999,0.000000,top
"Q292","2N7002W","SOT-323_SC-70",149.050000,-256.200000,0.000000,top
"Q293","2N7002W","SOT-323_SC-70",145.350000,-253.399999,0.000000,top
"Q294","2N7002W","SOT-323_SC-70",60.250000,-149.799999,0.000000,top
"Q295","2N7002W","SOT-323_SC-70",56.550000,-147.000000,0.000000,top
"Q296","2N7002W","SOT-323_SC-70",215.650000,-233.799999,0.000000,top
"Q297","2N7002W","SOT-323_SC-70",211.950000,-231.000000,0.000000,top
"Q298","2N7002W","SOT-323_SC-70",63.950000,-127.399999,0.000000,top
"Q299","2N7002W","SOT-323_SC-70",93.550000,-119.000000,0.000000,top
"Q300","2N7002W","SOT-323_SC-70",89.850000,-186.200000,0.000000,top
"Q301","2N7002W","SOT-323_SC-70",86.150000,-183.399999,0.000000,top
"Q302","2N7002W","SOT-323_SC-70",89.850000,-189.000000,0.000000,top
"Q303","2N7002W","SOT-323_SC-70",78.750000,-250.600000,0.000000,top
"Q304","2N7002W","SOT-323_SC-70",75.050000,-247.799999,0.000000,top
"Q305","2N7002W","SOT-323_SC-70",78.750000,-261.799999,0.000000,top
"Q306","2N7002W","SOT-323_SC-70",75.050000,-259.000000,0.000000,top
"Q307","2N7002W","SOT-323_SC-70",78.750000,-225.399999,0.000000,top
"Q308","2N7002W","SOT-323_SC-70",75.050000,-222.600000,0.000000,top
"Q309","2N7002W","SOT-323_SC-70",75.050000,-236.600000,0.000000,top
"Q310","2N7002W","SOT-323_SC-70",78.750000,-233.799999,0.000000,top
"Q311","2N7002W","SOT-323_SC-70",75.050000,-200.200000,0.000000,top
"Q312","2N7002W","SOT-323_SC-70",75.050000,-203.000000,0.000000,top
"Q313","2N7002W","SOT-323_SC-70",78.750000,-214.200000,0.000000,top
"Q314","2N7002W","SOT-323_SC-70",75.050000,-211.399999,0.000000,top
"Q315","2N7002W","SOT-323_SC-70",237.850000,-169.399999,0.000000,top
"Q316","2N7002W","SOT-323_SC-70",108.350000,-186.200000,0.000000,top
"Q317","2N7002W","SOT-323_SC-70",108.350000,-189.000000,0.000000,top
"Q318","2N7002W","SOT-323_SC-70",108.350000,-244.999999,0.000000,top
"Q319","2N7002W","SOT-323_SC-70",108.350000,-225.399999,0.000000,top
"Q320","2N7002W","SOT-323_SC-70",63.950000,-228.200000,0.000000,top
"Q321","2N7002W","SOT-323_SC-70",67.650000,-228.200000,0.000000,top
"Q322","2N7002W","SOT-323_SC-70",115.750000,-158.200000,0.000000,top
"Q323","2N7002W","SOT-323_SC-70",112.050000,-155.399999,0.000000,top
"Q324","2N7002W","SOT-323_SC-70",119.450000,-158.200000,0.000000,top
"Q325","2N7002W","SOT-323_SC-70",115.750000,-155.399999,0.000000,top
"Q326","2N7002W","SOT-323_SC-70",86.150000,-79.800000,0.000000,top
"Q327","2N7002W","SOT-323_SC-70",126.850000,-163.799999,0.000000,top
"Q328","2N7002W","SOT-323_SC-70",78.750000,-177.799999,0.000000,top
"Q329","2N7002W","SOT-323_SC-70",163.850000,-144.200000,0.000000,top
"Q330","2N7002W","SOT-323_SC-70",130.550000,-119.000000,0.000000,top
"Q331","2N7002W","SOT-323_SC-70",119.450000,-107.800000,0.000000,top
"Q332","2N7002W","SOT-323_SC-70",219.350000,-166.600000,0.000000,top
"Q333","2N7002W","SOT-323_SC-70",215.650000,-166.600000,0.000000,top
"Q334","2N7002W","SOT-323_SC-70",97.250000,-161.000000,0.000000,top
"Q335","2N7002W","SOT-323_SC-70",93.550000,-158.200000,0.000000,top
"Q336","2N7002W","SOT-323_SC-70",211.950000,-147.000000,0.000000,top
"Q337","2N7002W","SOT-323_SC-70",208.250000,-144.200000,0.000000,top
"Q338","2N7002W","SOT-323_SC-70",178.650000,-163.799999,0.000000,top
"Q339","2N7002W","SOT-323_SC-70",26.950000,-51.800000,0.000000,top
"Q340","2N7002W","SOT-323_SC-70",104.650000,-183.399999,0.000000,top
"Q341","2N7002W","SOT-323_SC-70",104.650000,-186.200000,0.000000,top
"Q342","2N7002W","SOT-323_SC-70",108.350000,-191.799999,0.000000,top
"Q343","2N7002W","SOT-323_SC-70",167.550000,-169.399999,0.000000,top
"Q344","2N7002W","SOT-323_SC-70",167.550000,-172.200000,0.000000,top
"Q345","2N7002W","SOT-323_SC-70",67.650000,-99.399999,0.000000,top
"Q346","2N7002W","SOT-323_SC-70",60.250000,-82.600000,0.000000,top
"Q347","2N7002W","SOT-323_SC-70",204.550000,-233.799999,0.000000,top
"Q348","2N7002W","SOT-323_SC-70",104.650000,-163.799999,0.000000,top
"Q349","2N7002W","SOT-323_SC-70",52.850000,-82.600000,0.000000,top
"Q350","2N7002W","SOT-323_SC-70",149.050000,-130.199999,0.000000,top
"Q351","2N7002W","SOT-323_SC-70",75.050000,-261.799999,0.000000,top
"Q352","2N7002W","SOT-323_SC-70",78.750000,-256.200000,0.000000,top
"Q353","2N7002W","SOT-323_SC-70",75.050000,-250.600000,0.000000,top
"Q354","2N7002W","SOT-323_SC-70",78.750000,-244.999999,0.000000,top
"Q355","2N7002W","SOT-323_SC-70",78.750000,-239.399999,0.000000,top
"Q356","2N7002W","SOT-323_SC-70",82.450000,-233.799999,0.000000,top
"Q357","2N7002W","SOT-323_SC-70",75.050000,-225.399999,0.000000,top
"Q358","2N7002W","SOT-323_SC-70",78.750000,-219.799999,0.000000,top
"Q359","2N7002W","SOT-323_SC-70",75.050000,-214.200000,0.000000,top
"Q360","2N7002W","SOT-323_SC-70",78.750000,-208.600000,0.000000,top
"Q361","2N7002W","SOT-323_SC-70",78.750000,-197.399999,0.000000,top
"Q362","2N7002W","SOT-323_SC-70",78.750000,-203.000000,0.000000,top
"Q363","2N7002W","SOT-323_SC-70",130.550000,-287.000000,0.000000,top
"Q364","2N7002W","SOT-323_SC-70",52.850000,-261.799999,0.000000,top
"Q365","2N7002W","SOT-323_SC-70",241.550000,-82.600000,0.000000,top
"Q366","2N7002W","SOT-323_SC-70",208.250000,-127.399999,0.000000,top
"Q367","2N7002W","SOT-323_SC-70",171.250000,-175.000000,0.000000,top
"Q368","2N7002W","SOT-323_SC-70",86.150000,-91.000000,0.000000,top
"Q369","2N7002W","SOT-323_SC-70",71.350000,-256.200000,0.000000,top
"Q370","2N7002W","SOT-323_SC-70",215.650000,-186.200000,0.000000,top
"Q371","2N7002W","SOT-323_SC-70",211.950000,-183.399999,0.000000,top
"Q372","2N7002W","SOT-323_SC-70",260.050000,-91.000000,0.000000,top
"Q373","2N7002W","SOT-323_SC-70",211.950000,-141.399999,0.000000,top
"Q374","2N7002W","SOT-323_SC-70",160.150000,-191.799999,0.000000,top
"Q375","2N7002W","SOT-323_SC-70",67.650000,-256.200000,0.000000,top
"Q376","2N7002W","SOT-323_SC-70",263.750000,-261.799999,0.000000,top
"Q377","2N7002W","SOT-323_SC-70",34.350000,-110.600000,0.000000,top
"Q378","2N7002W","SOT-323_SC-70",34.350000,-113.399999,0.000000,top
"Q379","2N7002W","SOT-323_SC-70",152.750000,-26.600000,0.000000,top
"Q380","2N7002W","SOT-323_SC-70",15.850000,-119.000000,0.000000,top
"Q381","2N7002W","SOT-323_SC-70",93.550000,-284.200000,0.000000,top
"Q382","2N7002W","SOT-323_SC-70",141.650000,-110.600000,0.000000,top
"Q383","2N7002W","SOT-323_SC-70",104.650000,-242.200000,0.000000,top
"Q384","2N7002W","SOT-323_SC-70",108.350000,-247.799999,0.000000,top
"Q385","2N7002W","SOT-323_SC-70",130.550000,-208.600000,0.000000,top
"Q386","2N7002W","SOT-323_SC-70",126.850000,-205.799999,0.000000,top
"Q387","2N7002W","SOT-323_SC-70",130.550000,-194.600000,0.000000,top
"Q388","2N7002W","SOT-323_SC-70",126.850000,-191.799999,0.000000,top
"Q389","2N7002W","SOT-323_SC-70",130.550000,-183.399999,0.000000,top
"Q390","2N7002W","SOT-323_SC-70",126.850000,-180.600000,0.000000,top
"Q391","2N7002W","SOT-323_SC-70",75.050000,-79.800000,0.000000,top
"Q392","2N7002W","SOT-323_SC-70",171.250000,-88.199999,0.000000,top
"Q393","2N7002W","SOT-323_SC-70",171.250000,-32.200000,0.000000,top
"Q394","2N7002W","SOT-323_SC-70",182.350000,-82.600000,0.000000,top
"Q395","2N7002W","SOT-323_SC-70",119.450000,-197.399999,0.000000,top
"Q396","2N7002W","SOT-323_SC-70",60.250000,-191.799999,0.000000,top
"Q397","2N7002W","SOT-323_SC-70",56.550000,-189.000000,0.000000,top
"Q398","2N7002W","SOT-323_SC-70",193.450000,-91.000000,0.000000,top
"Q399","2N7002W","SOT-323_SC-70",141.650000,-163.799999,0.000000,top
"Q400","2N7002W","SOT-323_SC-70",156.450000,-152.600000,0.000000,top
"Q401","2N7002W","SOT-323_SC-70",219.350000,-200.200000,0.000000,top
"Q402","2N7002W","SOT-323_SC-70",178.650000,-96.600000,0.000000,top
"Q403","2N7002W","SOT-323_SC-70",174.950000,-93.800000,0.000000,top
"Q404","2N7002W","SOT-323_SC-70",189.750000,-141.399999,0.000000,top
"Q405","2N7002W","SOT-323_SC-70",186.050000,-138.600000,0.000000,top
"Q406","2N7002W","SOT-323_SC-70",260.050000,-54.599999,0.000000,top
"Q407","2N7002W","SOT-323_SC-70",260.050000,-57.400000,0.000000,top
"Q408","2N7002W","SOT-323_SC-70",267.450000,-141.399999,0.000000,top
"Q409","2N7002W","SOT-323_SC-70",263.750000,-138.600000,0.000000,top
"Q410","2N7002W","SOT-323_SC-70",193.450000,-189.000000,0.000000,top
"Q411","2N7002W","SOT-323_SC-70",152.750000,-124.600000,0.000000,top
"Q412","2N7002W","SOT-323_SC-70",15.850000,-88.199999,0.000000,top
"Q413","2N7002W","SOT-323_SC-70",115.750000,-82.600000,0.000000,top
"Q414","2N7002W","SOT-323_SC-70",182.350000,-133.000000,0.000000,top
"Q415","2N7002W","SOT-323_SC-70",115.750000,-177.799999,0.000000,top
"Q416","2N7002W","SOT-323_SC-70",152.750000,-169.399999,0.000000,top
"Q417","2N7002W","SOT-323_SC-70",152.750000,-172.200000,0.000000,top
"Q418","2N7002W","SOT-323_SC-70",123.150000,-155.399999,0.000000,top
"Q419","2N7002W","SOT-323_SC-70",119.450000,-82.600000,0.000000,top
"Q420","2N7002W","SOT-323_SC-70",252.650000,-46.199999,0.000000,top
"Q421","2N7002W","SOT-323_SC-70",260.050000,-49.000000,0.000000,top
"Q422","2N7002W","SOT-323_SC-70",19.550000,-197.399999,0.000000,top
"Q423","2N7002W","SOT-323_SC-70",163.850000,-278.599999,0.000000,top
"Q424","2N7002W","SOT-323_SC-70",167.550000,-278.599999,0.000000,top
"Q425","2N7002W","SOT-323_SC-70",134.250000,-208.600000,0.000000,top
"Q426","2N7002W","SOT-323_SC-70",108.350000,-85.399999,0.000000,top
"Q427","2N7002W","SOT-323_SC-70",219.350000,-172.200000,0.000000,top
"Q428","2N7002W","SOT-323_SC-70",38.050000,-91.000000,0.000000,top
"Q429","2N7002W","SOT-323_SC-70",34.350000,-88.199999,0.000000,top
"Q430","2N7002W","SOT-323_SC-70",208.250000,-138.600000,0.000000,top
"Q431","2N7002W","SOT-323_SC-70",204.550000,-141.399999,0.000000,top
"Q432","2N7002W","SOT-323_SC-70",208.250000,-29.400000,0.000000,top
"Q433","2N7002W","SOT-323_SC-70",123.150000,-163.799999,0.000000,top
"Q434","2N7002W","SOT-323_SC-70",108.350000,-110.600000,0.000000,top
"Q435","2N7002W","SOT-323_SC-70",230.450000,-130.199999,0.000000,top
"Q436","2N7002W","SOT-323_SC-70",182.350000,-110.600000,0.000000,top
"Q437","2N7002W","SOT-323_SC-70",93.550000,-113.399999,0.000000,top
"Q438","2N7002W","SOT-323_SC-70",178.650000,-107.800000,0.000000,top
"Q439","2N7002W","SOT-323_SC-70",182.350000,-116.199999,0.000000,top
"Q440","2N7002W","SOT-323_SC-70",41.750000,-91.000000,0.000000,top
"Q441","2N7002W","SOT-323_SC-70",38.050000,-88.199999,0.000000,top
"Q442","2N7002W","SOT-323_SC-70",82.450000,-180.600000,0.000000,top
"Q443","2N7002W","SOT-323_SC-70",82.450000,-183.399999,0.000000,top
"Q444","2N7002W","SOT-323_SC-70",60.250000,-144.200000,0.000000,top
"Q445","2N7002W","SOT-323_SC-70",71.350000,-200.200000,0.000000,top
"Q446","2N7002W","SOT-323_SC-70",67.650000,-197.399999,0.000000,top
"Q447","2N7002W","SOT-323_SC-70",178.650000,-292.599999,0.000000,top
"Q448","2N7002W","SOT-323_SC-70",245.250000,-250.600000,0.000000,top
"Q449","2N7002W","SOT-323_SC-70",182.350000,-264.600000,0.000000,top
"Q450","2N7002W","SOT-323_SC-70",71.350000,-247.799999,0.000000,top
"Q451","2N7002W","SOT-323_SC-70",67.650000,-244.999999,0.000000,top
"Q452","2N7002W","SOT-323_SC-70",82.450000,-91.000000,0.000000,top
"Q453","2N7002W","SOT-323_SC-70",115.750000,-239.399999,0.000000,top
"Q454","2N7002W","SOT-323_SC-70",112.050000,-236.600000,0.000000,top
"Q455","2N7002W","SOT-323_SC-70",15.850000,-43.400000,0.000000,top
"Q456","2N7002W","SOT-323_SC-70",15.850000,-46.199999,0.000000,top
"Q457","2N7002W","SOT-323_SC-70",19.550000,-57.400000,0.000000,top
"Q458","2N7002W","SOT-323_SC-70",15.850000,-54.599999,0.000000,top
"Q459","2N7002W","SOT-323_SC-70",15.850000,-65.800000,0.000000,top
"Q460","2N7002W","SOT-323_SC-70",230.450000,-197.399999,0.000000,top
"Q461","2N7002W","SOT-323_SC-70",56.550000,-152.600000,0.000000,top
"Q462","2N7002W","SOT-323_SC-70",71.350000,-244.999999,0.000000,top
"Q463","2N7002W","SOT-323_SC-70",145.350000,-222.600000,0.000000,top
"Q464","2N7002W","SOT-323_SC-70",145.350000,-225.399999,0.000000,top
"Q465","2N7002W","SOT-323_SC-70",45.450000,-287.000000,0.000000,top
"Q466","2N7002W","SOT-323_SC-70",41.750000,-284.200000,0.000000,top
"Q467","2N7002W","SOT-323_SC-70",75.050000,-163.799999,0.000000,top
"Q468","2N7002W","SOT-323_SC-70",30.650000,-113.399999,0.000000,top
"Q469","2N7002W","SOT-323_SC-70",156.450000,-203.000000,0.000000,top
"Q470","2N7002W","SOT-323_SC-70",226.750000,-236.600000,0.000000,top
"Q471","2N7002W","SOT-323_SC-70",219.350000,-239.399999,0.000000,top
"Q472","2N7002W","SOT-323_SC-70",197.150000,-119.000000,0.000000,top
"Q473","2N7002W","SOT-323_SC-70",193.450000,-116.199999,0.000000,top
"Q474","2N7002W","SOT-323_SC-70",75.050000,-91.000000,0.000000,top
"Q475","2N7002W","SOT-323_SC-70",252.650000,-124.600000,0.000000,top
"Q476","2N7002W","SOT-323_SC-70",108.350000,-253.399999,0.000000,top
"Q477","2N7002W","SOT-323_SC-70",104.650000,-259.000000,0.000000,top
"Q478","2N7002W","SOT-323_SC-70",100.950000,-256.200000,0.000000,top
"Q479","2N7002W","SOT-323_SC-70",167.550000,-161.000000,0.000000,top
"Q480","2N7002W","SOT-323_SC-70",163.850000,-158.200000,0.000000,top
"Q481","2N7002W","SOT-323_SC-70",60.250000,-32.200000,0.000000,top
"Q482","2N7002W","SOT-323_SC-70",200.850000,-96.600000,0.000000,top
"Q483","2N7002W","SOT-323_SC-70",163.850000,-225.399999,0.000000,top
"Q484","2N7002W","SOT-323_SC-70",160.150000,-222.600000,0.000000,top
"Q485","2N7002W","SOT-323_SC-70",163.850000,-214.200000,0.000000,top
"Q486","2N7002W","SOT-323_SC-70",160.150000,-211.399999,0.000000,top
"Q487","2N7002W","SOT-323_SC-70",163.850000,-250.600000,0.000000,top
"Q488","2N7002W","SOT-323_SC-70",160.150000,-247.799999,0.000000,top
"Q489","2N7002W","SOT-323_SC-70",163.850000,-239.399999,0.000000,top
"Q490","2N7002W","SOT-323_SC-70",160.150000,-236.600000,0.000000,top
"Q491","2N7002W","SOT-323_SC-70",163.850000,-275.800000,0.000000,top
"Q492","2N7002W","SOT-323_SC-70",160.150000,-273.000000,0.000000,top
"Q493","2N7002W","SOT-323_SC-70",163.850000,-261.799999,0.000000,top
"Q494","2N7002W","SOT-323_SC-70",160.150000,-259.000000,0.000000,top
"Q495","2N7002W","SOT-323_SC-70",75.050000,-264.600000,0.000000,top
"Q496","2N7002W","SOT-323_SC-70",71.350000,-259.000000,0.000000,top
"Q497","2N7002W","SOT-323_SC-70",71.350000,-264.600000,0.000000,top
"Q498","2N7002W","SOT-323_SC-70",82.450000,-250.600000,0.000000,top
"Q499","2N7002W","SOT-323_SC-70",126.850000,-289.799999,0.000000,top
"Q500","2N7002W","SOT-323_SC-70",123.150000,-287.000000,0.000000,top
"Q501","2N7002W","SOT-323_SC-70",145.350000,-161.000000,0.000000,top
"Q502","2N7002W","SOT-323_SC-70",141.650000,-158.200000,0.000000,top
"Q503","2N7002W","SOT-323_SC-70",134.250000,-273.000000,0.000000,top
"Q504","2N7002W","SOT-323_SC-70",137.950000,-23.799999,0.000000,top
"Q505","2N7002W","SOT-323_SC-70",204.550000,-242.200000,0.000000,top
"Q506","2N7002W","SOT-323_SC-70",200.850000,-239.399999,0.000000,top
"Q507","2N7002W","SOT-323_SC-70",152.750000,-82.600000,0.000000,top
"Q508","2N7002W","SOT-323_SC-70",149.050000,-79.800000,0.000000,top
"Q509","2N7002W","SOT-323_SC-70",149.050000,-284.200000,0.000000,top
"Q510","2N7002W","SOT-323_SC-70",156.450000,-163.799999,0.000000,top
"Q511","2N7002W","SOT-323_SC-70",189.750000,-233.799999,0.000000,top
"Q512","2N7002W","SOT-323_SC-70",186.050000,-231.000000,0.000000,top
"Q513","2N7002W","SOT-323_SC-70",67.650000,-191.799999,0.000000,top
"Q514","2N7002W","SOT-323_SC-70",63.950000,-191.799999,0.000000,top
"Q515","2N7002W","SOT-323_SC-70",241.550000,-172.200000,0.000000,top
"Q516","2N7002W","SOT-323_SC-70",200.850000,-284.200000,0.000000,top
"Q517","2N7002W","SOT-323_SC-70",193.450000,-289.799999,0.000000,top
"Q518","2N7002W","SOT-323_SC-70",163.850000,-166.600000,0.000000,top
"Q519","2N7002W","SOT-323_SC-70",171.250000,-172.200000,0.000000,top
"Q520","2N7002W","SOT-323_SC-70",49.150000,-169.399999,0.000000,top
"Q521","2N7002W","SOT-323_SC-70",49.150000,-172.200000,0.000000,top
"Q522","2N7002W","SOT-323_SC-70",252.650000,-29.400000,0.000000,top
"Q523","2N7002W","SOT-323_SC-70",260.050000,-32.200000,0.000000,top
"Q524","2N7002W","SOT-323_SC-70",260.050000,-26.600000,0.000000,top
"Q525","2N7002W","SOT-323_SC-70",260.050000,-35.000000,0.000000,top
"Q526","2N7002W","SOT-323_SC-70",63.950000,-267.399999,0.000000,top
"Q527","2N7002W","SOT-323_SC-70",93.550000,-152.600000,0.000000,top
"Q528","2N7002W","SOT-323_SC-70",100.950000,-289.799999,0.000000,top
"Q529","2N7002W","SOT-323_SC-70",149.050000,-82.600000,0.000000,top
"Q530","2N7002W","SOT-323_SC-70",174.950000,-233.799999,0.000000,top
"Q531","2N7002W","SOT-323_SC-70",174.950000,-239.399999,0.000000,top
"Q532","2N7002W","SOT-323_SC-70",82.450000,-186.200000,0.000000,top
"Q533","2N7002W","SOT-323_SC-70",78.750000,-183.399999,0.000000,top
"Q534","2N7002W","SOT-323_SC-70",252.650000,-37.800000,0.000000,top
"Q535","2N7002W","SOT-323_SC-70",248.950000,-35.000000,0.000000,top
"Q536","2N7002W","SOT-323_SC-70",211.950000,-18.200000,0.000000,top
"Q537","2N7002W","SOT-323_SC-70",52.850000,-161.000000,0.000000,top
"Q538","2N7002W","SOT-323_SC-70",49.150000,-158.200000,0.000000,top
"Q539","2N7002W","SOT-323_SC-70",63.950000,-275.800000,0.000000,top
"Q540","2N7002W","SOT-323_SC-70",67.650000,-275.800000,0.000000,top
"Q541","2N7002W","SOT-323_SC-70",156.450000,-205.799999,0.000000,top
"Q542","2N7002W","SOT-323_SC-70",223.050000,-244.999999,0.000000,top
"Q543","2N7002W","SOT-323_SC-70",219.350000,-244.999999,0.000000,top
"Q544","2N7002W","SOT-323_SC-70",49.150000,-225.399999,0.000000,top
"Q545","2N7002W","SOT-323_SC-70",45.450000,-222.600000,0.000000,top
"Q546","2N7002W","SOT-323_SC-70",45.450000,-228.200000,0.000000,top
"Q547","2N7002W","SOT-323_SC-70",245.250000,-113.399999,0.000000,top
"Q548","2N7002W","SOT-323_SC-70",152.750000,-141.399999,0.000000,top
"Q549","2N7002W","SOT-323_SC-70",149.050000,-261.799999,0.000000,top
"Q550","2N7002W","SOT-323_SC-70",30.650000,-32.200000,0.000000,top
"Q551","2N7002W","SOT-323_SC-70",78.750000,-169.399999,0.000000,top
"Q552","2N7002W","SOT-323_SC-70",82.450000,-172.200000,0.000000,top
"Q553","2N7002W","SOT-323_SC-70",230.450000,-91.000000,0.000000,top
"Q554","2N7002W","SOT-323_SC-70",230.450000,-93.800000,0.000000,top
"Q555","2N7002W","SOT-323_SC-70",112.050000,-107.800000,0.000000,top
"Q556","2N7002W","SOT-323_SC-70",123.150000,-124.600000,0.000000,top
"Q557","2N7002W","SOT-323_SC-70",123.150000,-130.199999,0.000000,top
"Q558","2N7002W","SOT-323_SC-70",263.750000,-68.600000,0.000000,top
"Q559","2N7002W","SOT-323_SC-70",260.050000,-65.800000,0.000000,top
"Q560","2N7002W","SOT-323_SC-70",174.950000,-219.799999,0.000000,top
"Q561","2N7002W","SOT-323_SC-70",171.250000,-217.000000,0.000000,top
"Q562","2N7002W","SOT-323_SC-70",119.450000,-102.199999,0.000000,top
"Q563","2N7002W","SOT-323_SC-70",115.750000,-99.399999,0.000000,top
"Q564","2N7002W","SOT-323_SC-70",89.850000,-29.400000,0.000000,top
"Q565","2N7002W","SOT-323_SC-70",193.450000,-175.000000,0.000000,top
"Q566","2N7002W","SOT-323_SC-70",119.450000,-275.800000,0.000000,top
"Q567","2N7002W","SOT-323_SC-70",115.750000,-273.000000,0.000000,top
"Q568","2N7002W","SOT-323_SC-70",112.050000,-259.000000,0.000000,top
"Q569","2N7002W","SOT-323_SC-70",237.850000,-161.000000,0.000000,top
"Q570","2N7002W","SOT-323_SC-70",82.450000,-35.000000,0.000000,top
"Q571","2N7002W","SOT-323_SC-70",97.250000,-292.599999,0.000000,top
"Q572","2N7002W","SOT-323_SC-70",60.250000,-256.200000,0.000000,top
"Q573","2N7002W","SOT-323_SC-70",75.050000,-270.200000,0.000000,top
"Q574","2N7002W","SOT-323_SC-70",75.050000,-273.000000,0.000000,top
"Q575","2N7002W","SOT-323_SC-70",182.350000,-284.200000,0.000000,top
"Q576","2N7002W","SOT-323_SC-70",86.150000,-26.600000,0.000000,top
"Q577","2N7002W","SOT-323_SC-70",182.350000,-161.000000,0.000000,top
"Q578","2N7002W","SOT-323_SC-70",267.450000,-99.399999,0.000000,top
"Q579","2N7002W","SOT-323_SC-70",263.750000,-91.000000,0.000000,top
"Q580","2N7002W","SOT-323_SC-70",104.650000,-189.000000,0.000000,top
"Q581","2N7002W","SOT-323_SC-70",100.950000,-186.200000,0.000000,top
"Q582","2N7002W","SOT-323_SC-70",137.950000,-144.200000,0.000000,top
"Q583","2N7002W","SOT-323_SC-70",145.350000,-147.000000,0.000000,top
"Q584","2N7002W","SOT-323_SC-70",141.650000,-144.200000,0.000000,top
"Q585","2N7002W","SOT-323_SC-70",93.550000,-259.000000,0.000000,top
"Q586","2N7002W","SOT-323_SC-70",89.850000,-256.200000,0.000000,top
"Q587","2N7002W","SOT-323_SC-70",134.250000,-93.800000,0.000000,top
"Q588","2N7002W","SOT-323_SC-70",45.450000,-236.600000,0.000000,top
"Q589","2N7002W","SOT-323_SC-70",49.150000,-239.399999,0.000000,top
"Q590","2N7002W","SOT-323_SC-70",263.750000,-49.000000,0.000000,top
"Q591","2N7002W","SOT-323_SC-70",260.050000,-46.199999,0.000000,top
"Q592","2N7002W","SOT-323_SC-70",78.750000,-116.199999,0.000000,top
"Q593","2N7002W","SOT-323_SC-70",171.250000,-144.200000,0.000000,top
"Q594","2N7002W","SOT-323_SC-70",141.650000,-264.600000,0.000000,top
"Q595","2N7002W","SOT-323_SC-70",26.950000,-191.799999,0.000000,top
"Q596","2N7002W","SOT-323_SC-70",97.250000,-91.000000,0.000000,top
"Q597","2N7002W","SOT-323_SC-70",112.050000,-82.600000,0.000000,top
"Q598","2N7002W","SOT-323_SC-70",71.350000,-233.799999,0.000000,top
"Q599","2N7002W","SOT-323_SC-70",219.350000,-127.399999,0.000000,top
"Q600","2N7002W","SOT-323_SC-70",215.650000,-124.600000,0.000000,top
"Q601","2N7002W","SOT-323_SC-70",219.350000,-130.199999,0.000000,top
"Q602","2N7002W","SOT-323_SC-70",71.350000,-250.600000,0.000000,top
"Q603","2N7002W","SOT-323_SC-70",71.350000,-253.399999,0.000000,top
"Q604","2N7002W","SOT-323_SC-70",86.150000,-169.399999,0.000000,top
"Q605","2N7002W","SOT-323_SC-70",89.850000,-172.200000,0.000000,top
"Q606","2N7002W","SOT-323_SC-70",252.650000,-74.199999,0.000000,top
"Q607","2N7002W","SOT-323_SC-70",126.850000,-93.800000,0.000000,top
"Q608","2N7002W","SOT-323_SC-70",215.650000,-197.399999,0.000000,top
"Q609","2N7002W","SOT-323_SC-70",211.950000,-194.600000,0.000000,top
"Q610","2N7002W","SOT-323_SC-70",130.550000,-219.799999,0.000000,top
"Q611","2N7002W","SOT-323_SC-70",126.850000,-217.000000,0.000000,top
"Q612","2N7002W","SOT-323_SC-70",126.850000,-228.200000,0.000000,top
"Q613","2N7002W","SOT-323_SC-70",126.850000,-231.000000,0.000000,top
"Q614","2N7002W","SOT-323_SC-70",67.650000,-161.000000,0.000000,top
"Q615","2N7002W","SOT-323_SC-70",63.950000,-158.200000,0.000000,top
"Q616","2N7002W","SOT-323_SC-70",230.450000,-244.999999,0.000000,top
"Q617","2N7002W","SOT-323_SC-70",171.250000,-130.199999,0.000000,top
"Q618","2N7002W","SOT-323_SC-70",130.550000,-270.200000,0.000000,top
"Q619","2N7002W","SOT-323_SC-70",126.850000,-267.399999,0.000000,top
"Q620","2N7002W","SOT-323_SC-70",130.550000,-244.999999,0.000000,top
"Q621","2N7002W","SOT-323_SC-70",126.850000,-242.200000,0.000000,top
"Q622","2N7002W","SOT-323_SC-70",130.550000,-256.200000,0.000000,top
"Q623","2N7002W","SOT-323_SC-70",126.850000,-253.399999,0.000000,top
"Q624","2N7002W","SOT-323_SC-70",171.250000,-214.200000,0.000000,top
"Q625","2N7002W","SOT-323_SC-70",167.550000,-214.200000,0.000000,top
"Q626","2N7002W","SOT-323_SC-70",178.650000,-219.799999,0.000000,top
"Q627","2N7002W","SOT-323_SC-70",174.950000,-217.000000,0.000000,top
"Q628","2N7002W","SOT-323_SC-70",178.650000,-225.399999,0.000000,top
"Q629","2N7002W","SOT-323_SC-70",49.150000,-91.000000,0.000000,top
"Q630","2N7002W","SOT-323_SC-70",45.450000,-88.199999,0.000000,top
"Q631","2N7002W","SOT-323_SC-70",60.250000,-29.400000,0.000000,top
"Q632","2N7002W","SOT-323_SC-70",41.750000,-219.799999,0.000000,top
"Q633","2N7002W","SOT-323_SC-70",49.150000,-228.200000,0.000000,top
"Q634","2N7002W","SOT-323_SC-70",26.950000,-57.400000,0.000000,top
"Q635","2N7002W","SOT-323_SC-70",141.650000,-217.000000,0.000000,top
"Q636","2N7002W","SOT-323_SC-70",93.550000,-208.600000,0.000000,top
"Q637","2N7002W","SOT-323_SC-70",89.850000,-205.799999,0.000000,top
"Q638","2N7002W","SOT-323_SC-70",115.750000,-124.600000,0.000000,top
"Q639","2N7002W","SOT-323_SC-70",112.050000,-121.800000,0.000000,top
"Q640","2N7002W","SOT-323_SC-70",145.350000,-175.000000,0.000000,top
"Q641","2N7002W","SOT-323_SC-70",267.450000,-43.400000,0.000000,top
"Q642","2N7002W","SOT-323_SC-70",263.750000,-40.599999,0.000000,top
"Q643","2N7002W","SOT-323_SC-70",267.450000,-46.199999,0.000000,top
"Q644","2N7002W","SOT-323_SC-70",263.750000,-43.400000,0.000000,top
"Q645","2N7002W","SOT-323_SC-70",200.850000,-127.399999,0.000000,top
"Q646","2N7002W","SOT-323_SC-70",197.150000,-124.600000,0.000000,top
"Q647","2N7002W","SOT-323_SC-70",119.450000,-152.600000,0.000000,top
"Q648","2N7002W","SOT-323_SC-70",174.950000,-130.199999,0.000000,top
"Q649","2N7002W","SOT-323_SC-70",171.250000,-127.399999,0.000000,top
"Q650","2N7002W","SOT-323_SC-70",93.550000,-222.600000,0.000000,top
"Q651","2N7002W","SOT-323_SC-70",89.850000,-219.799999,0.000000,top
"Q652","2N7002W","SOT-323_SC-70",108.350000,-208.600000,0.000000,top
"Q653","2N7002W","SOT-323_SC-70",104.650000,-205.799999,0.000000,top
"Q654","2N7002W","SOT-323_SC-70",108.350000,-214.200000,0.000000,top
"Q655","2N7002W","SOT-323_SC-70",126.850000,-222.600000,0.000000,top
"Q656","2N7002W","SOT-323_SC-70",123.150000,-219.799999,0.000000,top
"Q657","2N7002W","SOT-323_SC-70",108.350000,-102.199999,0.000000,top
"Q658","2N7002W","SOT-323_SC-70",78.750000,-23.799999,0.000000,top
"Q659","2N7002W","SOT-323_SC-70",223.050000,-186.200000,0.000000,top
"Q660","2N7002W","SOT-323_SC-70",219.350000,-183.399999,0.000000,top
"Q661","2N7002W","SOT-323_SC-70",104.650000,-247.799999,0.000000,top
"Q662","2N7002W","SOT-323_SC-70",137.950000,-222.600000,0.000000,top
"Q663","2N7002W","SOT-323_SC-70",134.250000,-219.799999,0.000000,top
"Q664","2N7002W","SOT-323_SC-70",226.750000,-217.000000,0.000000,top
"Q665","2N7002W","SOT-323_SC-70",219.350000,-217.000000,0.000000,top
"Q666","2N7002W","SOT-323_SC-70",149.050000,-141.399999,0.000000,top
"Q667","2N7002W","SOT-323_SC-70",149.050000,-163.799999,0.000000,top
"Q668","2N7002W","SOT-323_SC-70",241.550000,-149.799999,0.000000,top
"Q669","2N7002W","SOT-323_SC-70",237.850000,-147.000000,0.000000,top
"Q670","2N7002W","SOT-323_SC-70",189.750000,-88.199999,0.000000,top
"Q671","2N7002W","SOT-323_SC-70",237.850000,-91.000000,0.000000,top
"Q672","2N7002W","SOT-323_SC-70",19.550000,-105.000000,0.000000,top
"Q673","2N7002W","SOT-323_SC-70",119.450000,-259.000000,0.000000,top
"Q674","2N7002W","SOT-323_SC-70",119.450000,-261.799999,0.000000,top
"Q675","2N7002W","SOT-323_SC-70",115.750000,-169.399999,0.000000,top
"Q676","2N7002W","SOT-323_SC-70",115.750000,-172.200000,0.000000,top
"Q677","2N7002W","SOT-323_SC-70",67.650000,-242.200000,0.000000,top
"Q678","2N7002W","SOT-323_SC-70",193.450000,-214.200000,0.000000,top
"Q679","2N7002W","SOT-323_SC-70",145.350000,-278.599999,0.000000,top
"Q680","2N7002W","SOT-323_SC-70",67.650000,-163.799999,0.000000,top
"Q681","2N7002W","SOT-323_SC-70",137.950000,-166.600000,0.000000,top
"Q682","2N7002W","SOT-323_SC-70",234.150000,-166.600000,0.000000,top
"Q683","2N7002W","SOT-323_SC-70",230.450000,-163.799999,0.000000,top
"Q684","2N7002W","SOT-323_SC-70",219.350000,-214.200000,0.000000,top
"Q685","2N7002W","SOT-323_SC-70",226.750000,-99.399999,0.000000,top
"Q686","2N7002W","SOT-323_SC-70",230.450000,-99.399999,0.000000,top
"Q687","2N7002W","SOT-323_SC-70",126.850000,-130.199999,0.000000,top
"Q688","2N7002W","SOT-323_SC-70",123.150000,-127.399999,0.000000,top
"Q689","2N7002W","SOT-323_SC-70",130.550000,-116.199999,0.000000,top
"Q690","2N7002W","SOT-323_SC-70",126.850000,-113.399999,0.000000,top
"Q691","2N7002W","SOT-323_SC-70",108.350000,-270.200000,0.000000,top
"Q692","2N7002W","SOT-323_SC-70",197.150000,-130.199999,0.000000,top
"Q693","2N7002W","SOT-323_SC-70",208.250000,-189.000000,0.000000,top
"Q694","2N7002W","SOT-323_SC-70",208.250000,-194.600000,0.000000,top
"Q695","2N7002W","SOT-323_SC-70",208.250000,-205.799999,0.000000,top
"Q696","2N7002W","SOT-323_SC-70",208.250000,-208.600000,0.000000,top
"Q697","2N7002W","SOT-323_SC-70",211.950000,-217.000000,0.000000,top
"Q698","2N7002W","SOT-323_SC-70",208.250000,-217.000000,0.000000,top
"Q699","2N7002W","SOT-323_SC-70",211.950000,-228.200000,0.000000,top
"Q700","2N7002W","SOT-323_SC-70",208.250000,-225.399999,0.000000,top
"Q701","2N7002W","SOT-323_SC-70",211.950000,-242.200000,0.000000,top
"Q702","2N7002W","SOT-323_SC-70",208.250000,-242.200000,0.000000,top
"Q703","2N7002W","SOT-323_SC-70",211.950000,-253.399999,0.000000,top
"Q704","2N7002W","SOT-323_SC-70",208.250000,-253.399999,0.000000,top
"Q705","2N7002W","SOT-323_SC-70",211.950000,-264.600000,0.000000,top
"Q706","2N7002W","SOT-323_SC-70",208.250000,-261.799999,0.000000,top
"Q707","2N7002W","SOT-323_SC-70",211.950000,-275.800000,0.000000,top
"Q708","2N7002W","SOT-323_SC-70",208.250000,-273.000000,0.000000,top
"Q709","2N7002W","SOT-323_SC-70",26.950000,-63.000000,0.000000,top
"Q710","2N7002W","SOT-323_SC-70",38.050000,-292.599999,0.000000,top
"Q711","2N7002W","SOT-323_SC-70",38.050000,-77.000000,0.000000,top
"Q712","2N7002W","SOT-323_SC-70",63.950000,-77.000000,0.000000,top
"Q713","2N7002W","SOT-323_SC-70",34.350000,-77.000000,0.000000,top
"Q714","2N7002W","SOT-323_SC-70",34.350000,-74.199999,0.000000,top
"Q715","2N7002W","SOT-323_SC-70",45.450000,-77.000000,0.000000,top
"Q716","2N7002W","SOT-323_SC-70",49.150000,-77.000000,0.000000,top
"Q717","2N7002W","SOT-323_SC-70",45.450000,-74.199999,0.000000,top
"Q718","2N7002W","SOT-323_SC-70",52.850000,-77.000000,0.000000,top
"Q719","2N7002W","SOT-323_SC-70",49.150000,-74.199999,0.000000,top
"Q720","2N7002W","SOT-323_SC-70",60.250000,-77.000000,0.000000,top
"Q721","2N7002W","SOT-323_SC-70",56.550000,-74.199999,0.000000,top
"Q722","2N7002W","SOT-323_SC-70",67.650000,-77.000000,0.000000,top
"Q723","2N7002W","SOT-323_SC-70",71.350000,-77.000000,0.000000,top
"Q724","2N7002W","SOT-323_SC-70",78.750000,-77.000000,0.000000,top
"Q725","2N7002W","SOT-323_SC-70",82.450000,-77.000000,0.000000,top
"Q726","2N7002W","SOT-323_SC-70",86.150000,-77.000000,0.000000,top
"Q727","2N7002W","SOT-323_SC-70",112.050000,-77.000000,0.000000,top
"Q728","2N7002W","SOT-323_SC-70",108.350000,-74.199999,0.000000,top
"Q729","2N7002W","SOT-323_SC-70",108.350000,-77.000000,0.000000,top
"Q730","2N7002W","SOT-323_SC-70",115.750000,-77.000000,0.000000,top
"Q731","2N7002W","SOT-323_SC-70",126.850000,-77.000000,0.000000,top
"Q732","2N7002W","SOT-323_SC-70",130.550000,-77.000000,0.000000,top
"Q733","2N7002W","SOT-323_SC-70",134.250000,-77.000000,0.000000,top
"Q734","2N7002W","SOT-323_SC-70",130.550000,-74.199999,0.000000,top
"Q735","2N7002W","SOT-323_SC-70",134.250000,-74.199999,0.000000,top
"Q736","2N7002W","SOT-323_SC-70",137.950000,-77.000000,0.000000,top
"Q737","2N7002W","SOT-323_SC-70",134.250000,-79.800000,0.000000,top
"Q738","2N7002W","SOT-323_SC-70",141.650000,-77.000000,0.000000,top
"Q739","2N7002W","SOT-323_SC-70",137.950000,-74.199999,0.000000,top
"Q740","2N7002W","SOT-323_SC-70",137.950000,-79.800000,0.000000,top
"Q741","2N7002W","SOT-323_SC-70",149.050000,-77.000000,0.000000,top
"Q742","2N7002W","SOT-323_SC-70",152.750000,-77.000000,0.000000,top
"Q743","2N7002W","SOT-323_SC-70",171.250000,-77.000000,0.000000,top
"Q744","2N7002W","SOT-323_SC-70",174.950000,-77.000000,0.000000,top
"Q745","2N7002W","SOT-323_SC-70",211.950000,-77.000000,0.000000,top
"Q746","2N7002W","SOT-323_SC-70",215.650000,-77.000000,0.000000,top
"Q747","2N7002W","SOT-323_SC-70",219.350000,-77.000000,0.000000,top
"Q748","2N7002W","SOT-323_SC-70",223.050000,-77.000000,0.000000,top
"Q749","2N7002W","SOT-323_SC-70",234.150000,-77.000000,0.000000,top
"Q750","2N7002W","SOT-323_SC-70",60.250000,-214.200000,0.000000,top
"Q751","2N7002W","SOT-323_SC-70",60.250000,-217.000000,0.000000,top
"Q752","2N7002W","SOT-323_SC-70",145.350000,-110.600000,0.000000,top
"Q753","2N7002W","SOT-323_SC-70",241.550000,-141.399999,0.000000,top
"Q754","2N7002W","SOT-323_SC-70",115.750000,-71.400000,0.000000,top
"Q755","2N7002W","SOT-323_SC-70",30.650000,-68.600000,0.000000,top
"Q756","2N7002W","SOT-323_SC-70",38.050000,-68.600000,0.000000,top
"Q757","2N7002W","SOT-323_SC-70",45.450000,-68.600000,0.000000,top
"Q758","2N7002W","SOT-323_SC-70",41.750000,-65.800000,0.000000,top
"Q759","2N7002W","SOT-323_SC-70",52.850000,-68.600000,0.000000,top
"Q760","2N7002W","SOT-323_SC-70",49.150000,-65.800000,0.000000,top
"Q761","2N7002W","SOT-323_SC-70",49.150000,-68.600000,0.000000,top
"Q762","2N7002W","SOT-323_SC-70",60.250000,-68.600000,0.000000,top
"Q763","2N7002W","SOT-323_SC-70",56.550000,-65.800000,0.000000,top
"Q764","2N7002W","SOT-323_SC-70",63.950000,-68.600000,0.000000,top
"Q765","2N7002W","SOT-323_SC-70",67.650000,-68.600000,0.000000,top
"Q766","2N7002W","SOT-323_SC-70",63.950000,-65.800000,0.000000,top
"Q767","2N7002W","SOT-323_SC-70",82.450000,-68.600000,0.000000,top
"Q768","2N7002W","SOT-323_SC-70",93.550000,-71.400000,0.000000,top
"Q769","2N7002W","SOT-323_SC-70",108.350000,-71.400000,0.000000,top
"Q770","2N7002W","SOT-323_SC-70",123.150000,-71.400000,0.000000,top
"Q771","2N7002W","SOT-323_SC-70",119.450000,-68.600000,0.000000,top
"Q772","2N7002W","SOT-323_SC-70",126.850000,-71.400000,0.000000,top
"Q773","2N7002W","SOT-323_SC-70",130.550000,-71.400000,0.000000,top
"Q774","2N7002W","SOT-323_SC-70",134.250000,-71.400000,0.000000,top
"Q775","2N7002W","SOT-323_SC-70",137.950000,-71.400000,0.000000,top
"Q776","2N7002W","SOT-323_SC-70",141.650000,-71.400000,0.000000,top
"Q777","2N7002W","SOT-323_SC-70",137.950000,-68.600000,0.000000,top
"Q778","2N7002W","SOT-323_SC-70",141.650000,-68.600000,0.000000,top
"Q779","2N7002W","SOT-323_SC-70",156.450000,-71.400000,0.000000,top
"Q780","2N7002W","SOT-323_SC-70",152.750000,-68.600000,0.000000,top
"Q781","2N7002W","SOT-323_SC-70",152.750000,-71.400000,0.000000,top
"Q782","2N7002W","SOT-323_SC-70",186.050000,-71.400000,0.000000,top
"Q783","2N7002W","SOT-323_SC-70",193.450000,-71.400000,0.000000,top
"Q784","2N7002W","SOT-323_SC-70",189.750000,-68.600000,0.000000,top
"Q785","2N7002W","SOT-323_SC-70",189.750000,-71.400000,0.000000,top
"Q786","2N7002W","SOT-323_SC-70",200.850000,-71.400000,0.000000,top
"Q787","2N7002W","SOT-323_SC-70",211.950000,-71.400000,0.000000,top
"Q788","2N7002W","SOT-323_SC-70",215.650000,-71.400000,0.000000,top
"Q789","2N7002W","SOT-323_SC-70",211.950000,-68.600000,0.000000,top
"Q790","2N7002W","SOT-323_SC-70",219.350000,-71.400000,0.000000,top
"Q791","2N7002W","SOT-323_SC-70",223.050000,-71.400000,0.000000,top
"Q792","2N7002W","SOT-323_SC-70",226.750000,-71.400000,0.000000,top
"Q793","2N7002W","SOT-323_SC-70",234.150000,-71.400000,0.000000,top
"Q794","2N7002W","SOT-323_SC-70",245.250000,-71.400000,0.000000,top
"Q795","2N7002W","SOT-323_SC-70",97.250000,-119.000000,0.000000,top
"Q796","2N7002W","SOT-323_SC-70",93.550000,-116.199999,0.000000,top
"Q797","2N7002W","SOT-323_SC-70",97.250000,-113.399999,0.000000,top
"Q798","2N7002W","SOT-323_SC-70",93.550000,-110.600000,0.000000,top
"Q799","2N7002W","SOT-323_SC-70",186.050000,-219.799999,0.000000,top
"Q800","2N7002W","SOT-323_SC-70",97.250000,-116.199999,0.000000,top
"Q801","2N7002W","SOT-323_SC-70",100.950000,-113.399999,0.000000,top
"Q802","2N7002W","SOT-323_SC-70",186.050000,-133.000000,0.000000,top
"Q803","2N7002W","SOT-323_SC-70",167.550000,-113.399999,0.000000,top
"Q804","2N7002W","SOT-323_SC-70",174.950000,-208.600000,0.000000,top
"Q805","2N7002W","SOT-323_SC-70",174.950000,-214.200000,0.000000,top
"Q806","2N7002W","SOT-323_SC-70",267.450000,-161.000000,0.000000,top
"Q807","2N7002W","SOT-323_SC-70",89.850000,-127.399999,0.000000,top
"Q808","2N7002W","SOT-323_SC-70",178.650000,-256.200000,0.000000,top
"Q809","2N7002W","SOT-323_SC-70",49.150000,-270.200000,0.000000,top
"Q810","2N7002W","SOT-323_SC-70",45.450000,-267.399999,0.000000,top
"Q811","2N7002W","SOT-323_SC-70",45.450000,-275.800000,0.000000,top
"Q812","2N7002W","SOT-323_SC-70",137.950000,-228.200000,0.000000,top
"Q813","2N7002W","SOT-323_SC-70",260.050000,-63.000000,0.000000,top
"Q814","2N7002W","SOT-323_SC-70",256.350000,-60.199999,0.000000,top
"Q815","2N7002W","SOT-323_SC-70",189.750000,-152.600000,0.000000,top
"Q816","2N7002W","SOT-323_SC-70",100.950000,-177.799999,0.000000,top
"Q817","2N7002W","SOT-323_SC-70",49.150000,-211.399999,0.000000,top
"Q818","2N7002W","SOT-323_SC-70",45.450000,-211.399999,0.000000,top
"Q819","2N7002W","SOT-323_SC-70",45.450000,-217.000000,0.000000,top
"Q820","2N7002W","SOT-323_SC-70",211.950000,-172.200000,0.000000,top
"Q821","2N7002W","SOT-323_SC-70",52.850000,-141.399999,0.000000,top
"Q822","2N7002W","SOT-323_SC-70",52.850000,-144.200000,0.000000,top
"Q823","2N7002W","SOT-323_SC-70",126.850000,-244.999999,0.000000,top
"Q824","2N7002W","SOT-323_SC-70",123.150000,-242.200000,0.000000,top
"Q825","2N7002W","SOT-323_SC-70",119.450000,-239.399999,0.000000,top
"Q826","2N7002W","SOT-323_SC-70",56.550000,-102.199999,0.000000,top
"Q827","2N7002W","SOT-323_SC-70",56.550000,-107.800000,0.000000,top
"Q828","2N7002W","SOT-323_SC-70",100.950000,-273.000000,0.000000,top
"Q829","2N7002W","SOT-323_SC-70",82.450000,-261.799999,0.000000,top
"Q830","2N7002W","SOT-323_SC-70",100.950000,-166.600000,0.000000,top
"Q831","2N7002W","SOT-323_SC-70",100.950000,-163.799999,0.000000,top
"Q832","2N7002W","SOT-323_SC-70",141.650000,-82.600000,0.000000,top
"Q833","2N7002W","SOT-323_SC-70",123.150000,-29.400000,0.000000,top
"Q834","2N7002W","SOT-323_SC-70",119.450000,-26.600000,0.000000,top
"Q835","2N7002W","SOT-323_SC-70",19.550000,-93.800000,0.000000,top
"Q836","2N7002W","SOT-323_SC-70",134.250000,-186.200000,0.000000,top
"Q837","2N7002W","SOT-323_SC-70",130.550000,-186.200000,0.000000,top
"Q838","2N7002W","SOT-323_SC-70",137.950000,-189.000000,0.000000,top
"Q839","2N7002W","SOT-323_SC-70",82.450000,-88.199999,0.000000,top
"Q840","2N7002W","SOT-323_SC-70",178.650000,-197.399999,0.000000,top
"Q841","2N7002W","SOT-323_SC-70",174.950000,-194.600000,0.000000,top
"Q842","2N7002W","SOT-323_SC-70",178.650000,-200.200000,0.000000,top
"Q843","2N7002W","SOT-323_SC-70",34.350000,-60.199999,0.000000,top
"Q844","2N7002W","SOT-323_SC-70",38.050000,-60.199999,0.000000,top
"Q845","2N7002W","SOT-323_SC-70",45.450000,-60.199999,0.000000,top
"Q846","2N7002W","SOT-323_SC-70",41.750000,-57.400000,0.000000,top
"Q847","2N7002W","SOT-323_SC-70",49.150000,-60.199999,0.000000,top
"Q848","2N7002W","SOT-323_SC-70",45.450000,-57.400000,0.000000,top
"Q849","2N7002W","SOT-323_SC-70",56.550000,-60.199999,0.000000,top
"Q850","2N7002W","SOT-323_SC-70",52.850000,-57.400000,0.000000,top
"Q851","2N7002W","SOT-323_SC-70",60.250000,-60.199999,0.000000,top
"Q852","2N7002W","SOT-323_SC-70",63.950000,-60.199999,0.000000,top
"Q853","2N7002W","SOT-323_SC-70",67.650000,-60.199999,0.000000,top
"Q854","2N7002W","SOT-323_SC-70",63.950000,-57.400000,0.000000,top
"Q855","2N7002W","SOT-323_SC-70",71.350000,-60.199999,0.000000,top
"Q856","2N7002W","SOT-323_SC-70",67.650000,-57.400000,0.000000,top
"Q857","2N7002W","SOT-323_SC-70",75.050000,-60.199999,0.000000,top
"Q858","2N7002W","SOT-323_SC-70",71.350000,-57.400000,0.000000,top
"Q859","2N7002W","SOT-323_SC-70",82.450000,-60.199999,0.000000,top
"Q860","2N7002W","SOT-323_SC-70",78.750000,-57.400000,0.000000,top
"Q861","2N7002W","SOT-323_SC-70",89.850000,-60.199999,0.000000,top
"Q862","2N7002W","SOT-323_SC-70",86.150000,-57.400000,0.000000,top
"Q863","2N7002W","SOT-323_SC-70",93.550000,-60.199999,0.000000,top
"Q864","2N7002W","SOT-323_SC-70",89.850000,-57.400000,0.000000,top
"Q865","2N7002W","SOT-323_SC-70",97.250000,-60.199999,0.000000,top
"Q866","2N7002W","SOT-323_SC-70",100.950000,-60.199999,0.000000,top
"Q867","2N7002W","SOT-323_SC-70",104.650000,-60.199999,0.000000,top
"Q868","2N7002W","SOT-323_SC-70",108.350000,-60.199999,0.000000,top
"Q869","2N7002W","SOT-323_SC-70",104.650000,-57.400000,0.000000,top
"Q870","2N7002W","SOT-323_SC-70",112.050000,-60.199999,0.000000,top
"Q871","2N7002W","SOT-323_SC-70",119.450000,-60.199999,0.000000,top
"Q872","2N7002W","SOT-323_SC-70",123.150000,-60.199999,0.000000,top
"Q873","2N7002W","SOT-323_SC-70",119.450000,-57.400000,0.000000,top
"Q874","2N7002W","SOT-323_SC-70",130.550000,-60.199999,0.000000,top
"Q875","2N7002W","SOT-323_SC-70",126.850000,-57.400000,0.000000,top
"Q876","2N7002W","SOT-323_SC-70",134.250000,-60.199999,0.000000,top
"Q877","2N7002W","SOT-323_SC-70",137.950000,-60.199999,0.000000,top
"Q878","2N7002W","SOT-323_SC-70",134.250000,-57.400000,0.000000,top
"Q879","2N7002W","SOT-323_SC-70",141.650000,-60.199999,0.000000,top
"Q880","2N7002W","SOT-323_SC-70",137.950000,-57.400000,0.000000,top
"Q881","2N7002W","SOT-323_SC-70",152.750000,-60.199999,0.000000,top
"Q882","2N7002W","SOT-323_SC-70",149.050000,-57.400000,0.000000,top
"Q883","2N7002W","SOT-323_SC-70",156.450000,-60.199999,0.000000,top
"Q884","2N7002W","SOT-323_SC-70",152.750000,-57.400000,0.000000,top
"Q885","2N7002W","SOT-323_SC-70",167.550000,-60.199999,0.000000,top
"Q886","2N7002W","SOT-323_SC-70",171.250000,-60.199999,0.000000,top
"Q887","2N7002W","SOT-323_SC-70",174.950000,-60.199999,0.000000,top
"Q888","2N7002W","SOT-323_SC-70",171.250000,-57.400000,0.000000,top
"Q889","2N7002W","SOT-323_SC-70",186.050000,-60.199999,0.000000,top
"Q890","2N7002W","SOT-323_SC-70",182.350000,-57.400000,0.000000,top
"Q891","2N7002W","SOT-323_SC-70",189.750000,-60.199999,0.000000,top
"Q892","2N7002W","SOT-323_SC-70",186.050000,-57.400000,0.000000,top
"Q893","2N7002W","SOT-323_SC-70",193.450000,-60.199999,0.000000,top
"Q894","2N7002W","SOT-323_SC-70",189.750000,-57.400000,0.000000,top
"Q895","2N7002W","SOT-323_SC-70",197.150000,-60.199999,0.000000,top
"Q896","2N7002W","SOT-323_SC-70",193.450000,-57.400000,0.000000,top
"Q897","2N7002W","SOT-323_SC-70",200.850000,-60.199999,0.000000,top
"Q898","2N7002W","SOT-323_SC-70",197.150000,-57.400000,0.000000,top
"Q899","2N7002W","SOT-323_SC-70",204.550000,-60.199999,0.000000,top
"Q900","2N7002W","SOT-323_SC-70",208.250000,-60.199999,0.000000,top
"Q901","2N7002W","SOT-323_SC-70",215.650000,-60.199999,0.000000,top
"Q902","2N7002W","SOT-323_SC-70",219.350000,-60.199999,0.000000,top
"Q903","2N7002W","SOT-323_SC-70",223.050000,-60.199999,0.000000,top
"Q904","2N7002W","SOT-323_SC-70",219.350000,-57.400000,0.000000,top
"Q905","2N7002W","SOT-323_SC-70",226.750000,-60.199999,0.000000,top
"Q906","2N7002W","SOT-323_SC-70",223.050000,-57.400000,0.000000,top
"Q907","2N7002W","SOT-323_SC-70",230.450000,-60.199999,0.000000,top
"Q908","2N7002W","SOT-323_SC-70",234.150000,-60.199999,0.000000,top
"Q909","2N7002W","SOT-323_SC-70",237.850000,-60.199999,0.000000,top
"Q910","2N7002W","SOT-323_SC-70",234.150000,-57.400000,0.000000,top
"Q911","2N7002W","SOT-323_SC-70",256.350000,-65.800000,0.000000,top
"Q912","2N7002W","SOT-323_SC-70",56.550000,-197.399999,0.000000,top
"Q913","2N7002W","SOT-323_SC-70",52.850000,-194.600000,0.000000,top
"Q914","2N7002W","SOT-323_SC-70",126.850000,-211.399999,0.000000,top
"Q915","2N7002W","SOT-323_SC-70",167.550000,-135.800000,0.000000,top
"Q916","2N7002W","SOT-323_SC-70",163.850000,-133.000000,0.000000,top
"Q917","2N7002W","SOT-323_SC-70",237.850000,-163.799999,0.000000,top
"Q918","2N7002W","SOT-323_SC-70",234.150000,-161.000000,0.000000,top
"Q919","2N7002W","SOT-323_SC-70",115.750000,-57.400000,0.000000,top
"Q920","2N7002W","SOT-323_SC-70",67.650000,-54.599999,0.000000,top
"Q921","2N7002W","SOT-323_SC-70",63.950000,-51.800000,0.000000,top
"Q922","2N7002W","SOT-323_SC-70",71.350000,-54.599999,0.000000,top
"Q923","2N7002W","SOT-323_SC-70",67.650000,-51.800000,0.000000,top
"Q924","2N7002W","SOT-323_SC-70",75.050000,-54.599999,0.000000,top
"Q925","2N7002W","SOT-323_SC-70",71.350000,-51.800000,0.000000,top
"Q926","2N7002W","SOT-323_SC-70",75.050000,-51.800000,0.000000,top
"Q927","2N7002W","SOT-323_SC-70",78.750000,-54.599999,0.000000,top
"Q928","2N7002W","SOT-323_SC-70",82.450000,-54.599999,0.000000,top
"Q929","2N7002W","SOT-323_SC-70",78.750000,-51.800000,0.000000,top
"Q930","2N7002W","SOT-323_SC-70",89.850000,-54.599999,0.000000,top
"Q931","2N7002W","SOT-323_SC-70",86.150000,-51.800000,0.000000,top
"Q932","2N7002W","SOT-323_SC-70",93.550000,-54.599999,0.000000,top
"Q933","2N7002W","SOT-323_SC-70",89.850000,-51.800000,0.000000,top
"Q934","2N7002W","SOT-323_SC-70",100.950000,-54.599999,0.000000,top
"Q935","2N7002W","SOT-323_SC-70",108.350000,-57.400000,0.000000,top
"Q936","2N7002W","SOT-323_SC-70",104.650000,-54.599999,0.000000,top
"Q937","2N7002W","SOT-323_SC-70",115.750000,-54.599999,0.000000,top
"Q938","2N7002W","SOT-323_SC-70",123.150000,-57.400000,0.000000,top
"Q939","2N7002W","SOT-323_SC-70",119.450000,-54.599999,0.000000,top
"Q940","2N7002W","SOT-323_SC-70",123.150000,-54.599999,0.000000,top
"Q941","2N7002W","SOT-323_SC-70",126.850000,-54.599999,0.000000,top
"Q942","2N7002W","SOT-323_SC-70",130.550000,-57.400000,0.000000,top
"Q943","2N7002W","SOT-323_SC-70",130.550000,-54.599999,0.000000,top
"Q944","2N7002W","SOT-323_SC-70",134.250000,-54.599999,0.000000,top
"Q945","2N7002W","SOT-323_SC-70",141.650000,-57.400000,0.000000,top
"Q946","2N7002W","SOT-323_SC-70",137.950000,-54.599999,0.000000,top
"Q947","2N7002W","SOT-323_SC-70",149.050000,-54.599999,0.000000,top
"Q948","2N7002W","SOT-323_SC-70",149.050000,-60.199999,0.000000,top
"Q949","2N7002W","SOT-323_SC-70",152.750000,-54.599999,0.000000,top
"Q950","2N7002W","SOT-323_SC-70",156.450000,-57.400000,0.000000,top
"Q951","2N7002W","SOT-323_SC-70",156.450000,-54.599999,0.000000,top
"Q952","2N7002W","SOT-323_SC-70",167.550000,-57.400000,0.000000,top
"Q953","2N7002W","SOT-323_SC-70",167.550000,-54.599999,0.000000,top
"Q954","2N7002W","SOT-323_SC-70",174.950000,-57.400000,0.000000,top
"Q955","2N7002W","SOT-323_SC-70",182.350000,-54.599999,0.000000,top
"Q956","2N7002W","SOT-323_SC-70",182.350000,-60.199999,0.000000,top
"Q957","2N7002W","SOT-323_SC-70",186.050000,-54.599999,0.000000,top
"Q958","2N7002W","SOT-323_SC-70",189.750000,-54.599999,0.000000,top
"Q959","2N7002W","SOT-323_SC-70",193.450000,-54.599999,0.000000,top
"Q960","2N7002W","SOT-323_SC-70",197.150000,-54.599999,0.000000,top
"Q961","2N7002W","SOT-323_SC-70",200.850000,-54.599999,0.000000,top
"Q962","2N7002W","SOT-323_SC-70",200.850000,-57.400000,0.000000,top
"Q963","2N7002W","SOT-323_SC-70",204.550000,-54.599999,0.000000,top
"Q964","2N7002W","SOT-323_SC-70",204.550000,-57.400000,0.000000,top
"Q965","2N7002W","SOT-323_SC-70",208.250000,-54.599999,0.000000,top
"Q966","2N7002W","SOT-323_SC-70",208.250000,-57.400000,0.000000,top
"Q967","2N7002W","SOT-323_SC-70",211.950000,-57.400000,0.000000,top
"Q968","2N7002W","SOT-323_SC-70",211.950000,-54.599999,0.000000,top
"Q969","2N7002W","SOT-323_SC-70",215.650000,-57.400000,0.000000,top
"Q970","2N7002W","SOT-323_SC-70",211.950000,-60.199999,0.000000,top
"Q971","2N7002W","SOT-323_SC-70",215.650000,-54.599999,0.000000,top
"Q972","2N7002W","SOT-323_SC-70",219.350000,-54.599999,0.000000,top
"Q973","2N7002W","SOT-323_SC-70",223.050000,-54.599999,0.000000,top
"Q974","2N7002W","SOT-323_SC-70",226.750000,-57.400000,0.000000,top
"Q975","2N7002W","SOT-323_SC-70",230.450000,-54.599999,0.000000,top
"Q976","2N7002W","SOT-323_SC-70",241.550000,-57.400000,0.000000,top
"Q977","2N7002W","SOT-323_SC-70",104.650000,-236.600000,0.000000,top
"Q978","2N7002W","SOT-323_SC-70",252.650000,-169.399999,0.000000,top
"Q979","2N7002W","SOT-323_SC-70",193.450000,-110.600000,0.000000,top
"Q980","2N7002W","SOT-323_SC-70",234.150000,-169.399999,0.000000,top
"Q981","2N7002W","SOT-323_SC-70",234.150000,-172.200000,0.000000,top
"Q982","2N7002W","SOT-323_SC-70",119.450000,-200.200000,0.000000,top
"Q983","2N7002W","SOT-323_SC-70",119.450000,-203.000000,0.000000,top
"Q984","2N7002W","SOT-323_SC-70",56.550000,-267.399999,0.000000,top
"Q985","2N7002W","SOT-323_SC-70",100.950000,-88.199999,0.000000,top
"Q986","2N7002W","SOT-323_SC-70",52.850000,-197.399999,0.000000,top
"Q987","2N7002W","SOT-323_SC-70",49.150000,-194.600000,0.000000,top
"Q988","2N7002W","SOT-323_SC-70",182.350000,-175.000000,0.000000,top
"Q989","2N7002W","SOT-323_SC-70",215.650000,-127.399999,0.000000,top
"Q990","2N7002W","SOT-323_SC-70",52.850000,-208.600000,0.000000,top
"Q991","2N7002W","SOT-323_SC-70",49.150000,-205.799999,0.000000,top
"Q992","2N7002W","SOT-323_SC-70",60.250000,-208.600000,0.000000,top
"Q993","2N7002W","SOT-323_SC-70",104.650000,-267.399999,0.000000,top
"Q994","2N7002W","SOT-323_SC-70",108.350000,-273.000000,0.000000,top
"Q995","2N7002W","SOT-323_SC-70",186.050000,-169.399999,0.000000,top
"Q996","2N7002W","SOT-323_SC-70",186.050000,-172.200000,0.000000,top
"Q997","2N7002W","SOT-323_SC-70",163.850000,-82.600000,0.000000,top
"Q998","2N7002W","SOT-323_SC-70",149.050000,-116.199999,0.000000,top
"Q999","2N7002W","SOT-323_SC-70",178.650000,-259.000000,0.000000,top
"Q1000","2N7002W","SOT-323_SC-70",149.050000,-147.000000,0.000000,top
"Q1001","2N7002W","SOT-323_SC-70",126.850000,-152.600000,0.000000,top
"Q1002","2N7002W","SOT-323_SC-70",63.950000,-169.399999,0.000000,top
"Q1003","2N7002W","SOT-323_SC-70",63.950000,-172.200000,0.000000,top
"Q1004","2N7002W","SOT-323_SC-70",104.650000,-85.399999,0.000000,top
"Q1005","2N7002W","SOT-323_SC-70",82.450000,-152.600000,0.000000,top
"Q1006","2N7002W","SOT-323_SC-70",82.450000,-214.200000,0.000000,top
"Q1007","2N7002W","SOT-323_SC-70",171.250000,-236.600000,0.000000,top
"Q1008","2N7002W","SOT-323_SC-70",75.050000,-93.800000,0.000000,top
"Q1009","2N7002W","SOT-323_SC-70",186.050000,-244.999999,0.000000,top
"Q1010","2N7002W","SOT-323_SC-70",100.950000,-96.600000,0.000000,top
"Q1011","2N7002W","SOT-323_SC-70",19.550000,-37.800000,0.000000,top
"Q1012","2N7002W","SOT-323_SC-70",15.850000,-37.800000,0.000000,top
"Q1013","2N7002W","SOT-323_SC-70",182.350000,-147.000000,0.000000,top
"Q1014","2N7002W","SOT-323_SC-70",223.050000,-236.600000,0.000000,top
"Q1015","2N7002W","SOT-323_SC-70",237.850000,-79.800000,0.000000,top
"Q1016","2N7002W","SOT-323_SC-70",63.950000,-133.000000,0.000000,top
"Q1017","2N7002W","SOT-323_SC-70",63.950000,-130.199999,0.000000,top
"Q1018","2N7002W","SOT-323_SC-70",226.750000,-88.199999,0.000000,top
"Q1019","2N7002W","SOT-323_SC-70",19.550000,-35.000000,0.000000,top
"Q1020","2N7002W","SOT-323_SC-70",19.550000,-40.599999,0.000000,top
"Q1021","2N7002W","SOT-323_SC-70",112.050000,-247.799999,0.000000,top
"Q1022","2N7002W","SOT-323_SC-70",197.150000,-284.200000,0.000000,top
"Q1023","2N7002W","SOT-323_SC-70",197.150000,-287.000000,0.000000,top
"Q1024","2N7002W","SOT-323_SC-70",189.750000,-287.000000,0.000000,top
"Q1025","2N7002W","SOT-323_SC-70",89.850000,-177.799999,0.000000,top
"Q1026","2N7002W","SOT-323_SC-70",108.350000,-219.799999,0.000000,top
"Q1027","2N7002W","SOT-323_SC-70",108.350000,-222.600000,0.000000,top
"Q1028","2N7002W","SOT-323_SC-70",104.650000,-197.399999,0.000000,top
"Q1029","2N7002W","SOT-323_SC-70",104.650000,-200.200000,0.000000,top
"Q1030","2N7002W","SOT-323_SC-70",100.950000,-85.399999,0.000000,top
"Q1031","2N7002W","SOT-323_SC-70",141.650000,-219.799999,0.000000,top
"Q1032","2N7002W","SOT-323_SC-70",141.650000,-222.600000,0.000000,top
"Q1033","2N7002W","SOT-323_SC-70",197.150000,-292.599999,0.000000,top
"Q1034","2N7002W","SOT-323_SC-70",86.150000,-166.600000,0.000000,top
"Q1035","2N7002W","SOT-323_SC-70",163.850000,-135.800000,0.000000,top
"Q1036","2N7002W","SOT-323_SC-70",71.350000,-267.399999,0.000000,top
"Q1037","2N7002W","SOT-323_SC-70",130.550000,-138.600000,0.000000,top
"Q1038","2N7002W","SOT-323_SC-70",126.850000,-135.800000,0.000000,top
"Q1039","2N7002W","SOT-323_SC-70",171.250000,-91.000000,0.000000,top
"Q1040","2N7002W","SOT-323_SC-70",45.450000,-259.000000,0.000000,top
"Q1041","2N7002W","SOT-323_SC-70",49.150000,-264.600000,0.000000,top
"Q1042","2N7002W","SOT-323_SC-70",182.350000,-138.600000,0.000000,top
"Q1043","2N7002W","SOT-323_SC-70",237.850000,-175.000000,0.000000,top
"Q1044","2N7002W","SOT-323_SC-70",89.850000,-130.199999,0.000000,top
"Q1045","2N7002W","SOT-323_SC-70",89.850000,-135.800000,0.000000,top
"Q1046","2N7002W","SOT-323_SC-70",86.150000,-133.000000,0.000000,top
"Q1047","2N7002W","SOT-323_SC-70",123.150000,-292.599999,0.000000,top
"Q1048","2N7002W","SOT-323_SC-70",126.850000,-292.599999,0.000000,top
"Q1049","2N7002W","SOT-323_SC-70",226.750000,-138.600000,0.000000,top
"Q1050","2N7002W","SOT-323_SC-70",223.050000,-135.800000,0.000000,top
"Q1051","2N7002W","SOT-323_SC-70",215.650000,-219.799999,0.000000,top
"Q1052","2N7002W","SOT-323_SC-70",211.950000,-219.799999,0.000000,top
"Q1053","2N7002W","SOT-323_SC-70",160.150000,-177.799999,0.000000,top
"Q1054","2N7002W","SOT-323_SC-70",215.650000,-211.399999,0.000000,top
"Q1055","2N7002W","SOT-323_SC-70",97.250000,-96.600000,0.000000,top
"Q1056","2N7002W","SOT-323_SC-70",134.250000,-203.000000,0.000000,top
"Q1057","2N7002W","SOT-323_SC-70",237.850000,-149.799999,0.000000,top
"Q1058","2N7002W","SOT-323_SC-70",234.150000,-147.000000,0.000000,top
"Q1059","2N7002W","SOT-323_SC-70",112.050000,-169.399999,0.000000,top
"Q1060","2N7002W","SOT-323_SC-70",112.050000,-172.200000,0.000000,top
"Q1061","2N7002W","SOT-323_SC-70",97.250000,-183.399999,0.000000,top
"Q1062","2N7002W","SOT-323_SC-70",97.250000,-186.200000,0.000000,top
"Q1063","2N7002W","SOT-323_SC-70",100.950000,-200.200000,0.000000,top
"Q1064","2N7002W","SOT-323_SC-70",97.250000,-197.399999,0.000000,top
"Q1065","2N7002W","SOT-323_SC-70",100.950000,-211.399999,0.000000,top
"Q1066","2N7002W","SOT-323_SC-70",97.250000,-208.600000,0.000000,top
"Q1067","2N7002W","SOT-323_SC-70",100.950000,-222.600000,0.000000,top
"Q1068","2N7002W","SOT-323_SC-70",97.250000,-219.799999,0.000000,top
"Q1069","2N7002W","SOT-323_SC-70",100.950000,-233.799999,0.000000,top
"Q1070","2N7002W","SOT-323_SC-70",97.250000,-231.000000,0.000000,top
"Q1071","2N7002W","SOT-323_SC-70",100.950000,-247.799999,0.000000,top
"Q1072","2N7002W","SOT-323_SC-70",97.250000,-244.999999,0.000000,top
"Q1073","2N7002W","SOT-323_SC-70",100.950000,-259.000000,0.000000,top
"Q1074","2N7002W","SOT-323_SC-70",97.250000,-256.200000,0.000000,top
"Q1075","2N7002W","SOT-323_SC-70",97.250000,-270.200000,0.000000,top
"Q1076","2N7002W","SOT-323_SC-70",97.250000,-273.000000,0.000000,top
"Q1077","2N7002W","SOT-323_SC-70",171.250000,-82.600000,0.000000,top
"Q1078","2N7002W","SOT-323_SC-70",19.550000,-49.000000,0.000000,top
"Q1079","2N7002W","SOT-323_SC-70",15.850000,-49.000000,0.000000,top
"Q1080","2N7002W","SOT-323_SC-70",211.950000,-85.399999,0.000000,top
"Q1081","2N7002W","SOT-323_SC-70",208.250000,-85.399999,0.000000,top
"Q1082","2N7002W","SOT-323_SC-70",119.450000,-116.199999,0.000000,top
"Q1083","2N7002W","SOT-323_SC-70",56.550000,-79.800000,0.000000,top
"Q1084","2N7002W","SOT-323_SC-70",52.850000,-79.800000,0.000000,top
"Q1085","2N7002W","SOT-323_SC-70",60.250000,-79.800000,0.000000,top
"Q1086","2N7002W","SOT-323_SC-70",126.850000,-79.800000,0.000000,top
"Q1087","2N7002W","SOT-323_SC-70",123.150000,-77.000000,0.000000,top
"Q1088","2N7002W","SOT-323_SC-70",126.850000,-82.600000,0.000000,top
"Q1089","2N7002W","SOT-323_SC-70",215.650000,-79.800000,0.000000,top
"Q1090","2N7002W","SOT-323_SC-70",219.350000,-79.800000,0.000000,top
"Q1091","2N7002W","SOT-323_SC-70",223.050000,-79.800000,0.000000,top
"Q1092","2N7002W","SOT-323_SC-70",226.750000,-79.800000,0.000000,top
"Q1093","2N7002W","SOT-323_SC-70",223.050000,-82.600000,0.000000,top
"Q1094","2N7002W","SOT-323_SC-70",230.450000,-79.800000,0.000000,top
"Q1095","2N7002W","SOT-323_SC-70",208.250000,-231.000000,0.000000,top
"Q1096","2N7002W","SOT-323_SC-70",63.950000,-217.000000,0.000000,top
"Q1097","2N7002W","SOT-323_SC-70",67.650000,-211.399999,0.000000,top
"Q1098","2N7002W","SOT-323_SC-70",82.450000,-191.799999,0.000000,top
"Q1099","2N7002W","SOT-323_SC-70",71.350000,-183.399999,0.000000,top
"Q1100","2N7002W","SOT-323_SC-70",208.250000,-99.399999,0.000000,top
"Q1101","2N7002W","SOT-323_SC-70",208.250000,-175.000000,0.000000,top
"Q1102","2N7002W","SOT-323_SC-70",200.850000,-82.600000,0.000000,top
"Q1103","2N7002W","SOT-323_SC-70",115.750000,-189.000000,0.000000,top
"Q1104","2N7002W","SOT-323_SC-70",112.050000,-186.200000,0.000000,top
"Q1105","2N7002W","SOT-323_SC-70",115.750000,-194.600000,0.000000,top
"Q1106","2N7002W","SOT-323_SC-70",15.850000,-71.400000,0.000000,top
"Q1107","2N7002W","SOT-323_SC-70",89.850000,-163.799999,0.000000,top
"Q1108","2N7002W","SOT-323_SC-70",197.150000,-82.600000,0.000000,top
"Q1109","2N7002W","SOT-323_SC-70",200.850000,-102.199999,0.000000,top
"Q1110","2N7002W","SOT-323_SC-70",52.850000,-189.000000,0.000000,top
"Q1111","2N7002W","SOT-323_SC-70",197.150000,-99.399999,0.000000,top
"Q1112","2N7002W","SOT-323_SC-70",200.850000,-105.000000,0.000000,top
"Q1113","2N7002W","SOT-323_SC-70",197.150000,-102.199999,0.000000,top
"Q1114","2N7002W","SOT-323_SC-70",245.250000,-175.000000,0.000000,top
"Q1115","2N7002W","SOT-323_SC-70",104.650000,-278.599999,0.000000,top
"Q1116","2N7002W","SOT-323_SC-70",45.450000,-91.000000,0.000000,top
"Q1117","2N7002W","SOT-323_SC-70",45.450000,-93.800000,0.000000,top
"Q1118","2N7002W","SOT-323_SC-70",123.150000,-102.199999,0.000000,top
"Q1119","2N7002W","SOT-323_SC-70",67.650000,-79.800000,0.000000,top
"Q1120","2N7002W","SOT-323_SC-70",267.450000,-110.600000,0.000000,top
"Q1121","2N7002W","SOT-323_SC-70",86.150000,-144.200000,0.000000,top
"Q1122","2N7002W","SOT-323_SC-70",189.750000,-91.000000,0.000000,top
"Q1123","2N7002W","SOT-323_SC-70",56.550000,-141.399999,0.000000,top
"Q1124","2N7002W","SOT-323_SC-70",45.450000,-79.800000,0.000000,top
"Q1125","2N7002W","SOT-323_SC-70",141.650000,-205.799999,0.000000,top
"Q1126","2N7002W","SOT-323_SC-70",193.450000,-191.799999,0.000000,top
"Q1127","2N7002W","SOT-323_SC-70",189.750000,-189.000000,0.000000,top
"Q1128","2N7002W","SOT-323_SC-70",174.950000,-284.200000,0.000000,top
"Q1129","2N7002W","SOT-323_SC-70",174.950000,-287.000000,0.000000,top
"Q1130","2N7002W","SOT-323_SC-70",178.650000,-289.799999,0.000000,top
"Q1131","2N7002W","SOT-323_SC-70",189.750000,-211.399999,0.000000,top
"Q1132","2N7002W","SOT-323_SC-70",189.750000,-214.200000,0.000000,top
"Q1133","2N7002W","SOT-323_SC-70",241.550000,-119.000000,0.000000,top
"Q1134","2N7002W","SOT-323_SC-70",19.550000,-85.399999,0.000000,top
"Q1135","2N7002W","SOT-323_SC-70",115.750000,-113.399999,0.000000,top
"Q1136","2N7002W","SOT-323_SC-70",112.050000,-110.600000,0.000000,top
"Q1137","2N7002W","SOT-323_SC-70",263.750000,-57.400000,0.000000,top
"Q1138","2N7002W","SOT-323_SC-70",263.750000,-60.199999,0.000000,top
"Q1139","2N7002W","SOT-323_SC-70",115.750000,-152.600000,0.000000,top
"Q1140","2N7002W","SOT-323_SC-70",108.350000,-155.399999,0.000000,top
"Q1141","2N7002W","SOT-323_SC-70",219.350000,-141.399999,0.000000,top
"Q1142","2N7002W","SOT-323_SC-70",112.050000,-197.399999,0.000000,top
"Q1143","2N7002W","SOT-323_SC-70",108.350000,-194.600000,0.000000,top
"Q1144","2N7002W","SOT-323_SC-70",112.050000,-200.200000,0.000000,top
"Q1145","2N7002W","SOT-323_SC-70",226.750000,-259.000000,0.000000,top
"Q1146","2N7002W","SOT-323_SC-70",219.350000,-261.799999,0.000000,top
"Q1147","2N7002W","SOT-323_SC-70",67.650000,-107.800000,0.000000,top
"Q1148","2N7002W","SOT-323_SC-70",108.350000,-239.399999,0.000000,top
"Q1149","2N7002W","SOT-323_SC-70",71.350000,-99.399999,0.000000,top
"Q1150","2N7002W","SOT-323_SC-70",67.650000,-96.600000,0.000000,top
"Q1151","2N7002W","SOT-323_SC-70",252.650000,-68.600000,0.000000,top
"Q1152","2N7002W","SOT-323_SC-70",256.350000,-71.400000,0.000000,top
"Q1153","2N7002W","SOT-323_SC-70",256.350000,-74.199999,0.000000,top
"Q1154","2N7002W","SOT-323_SC-70",123.150000,-149.799999,0.000000,top
"Q1155","2N7002W","SOT-323_SC-70",256.350000,-116.199999,0.000000,top
"Q1156","2N7002W","SOT-323_SC-70",252.650000,-113.399999,0.000000,top
"Q1157","2N7002W","SOT-323_SC-70",252.650000,-116.199999,0.000000,top
"Q1158","2N7002W","SOT-323_SC-70",248.950000,-113.399999,0.000000,top
"Q1159","2N7002W","SOT-323_SC-70",248.950000,-119.000000,0.000000,top
"Q1160","2N7002W","SOT-323_SC-70",245.250000,-116.199999,0.000000,top
"Q1161","2N7002W","SOT-323_SC-70",149.050000,-197.399999,0.000000,top
"Q1162","2N7002W","SOT-323_SC-70",145.350000,-194.600000,0.000000,top
"Q1163","2N7002W","SOT-323_SC-70",86.150000,-163.799999,0.000000,top
"Q1164","2N7002W","SOT-323_SC-70",223.050000,-256.200000,0.000000,top
"Q1165","2N7002W","SOT-323_SC-70",219.350000,-253.399999,0.000000,top
"Q1166","2N7002W","SOT-323_SC-70",97.250000,-211.399999,0.000000,top
"Q1167","2N7002W","SOT-323_SC-70",97.250000,-214.200000,0.000000,top
"Q1168","2N7002W","SOT-323_SC-70",182.350000,-91.000000,0.000000,top
"Q1169","2N7002W","SOT-323_SC-70",49.150000,-161.000000,0.000000,top
"Q1170","2N7002W","SOT-323_SC-70",23.250000,-85.399999,0.000000,top
"Q1171","2N7002W","SOT-323_SC-70",82.450000,-177.799999,0.000000,top
"Q1172","2N7002W","SOT-323_SC-70",252.650000,-281.400000,0.000000,top
"Q1173","2N7002W","SOT-323_SC-70",226.750000,-189.000000,0.000000,top
"Q1174","2N7002W","SOT-323_SC-70",219.350000,-191.799999,0.000000,top
"Q1175","2N7002W","SOT-323_SC-70",208.250000,-35.000000,0.000000,top
"Q1176","2N7002W","SOT-323_SC-70",56.550000,-244.999999,0.000000,top
"Q1177","2N7002W","SOT-323_SC-70",52.850000,-242.200000,0.000000,top
"Q1178","2N7002W","SOT-323_SC-70",263.750000,-65.800000,0.000000,top
"Q1179","2N7002W","SOT-323_SC-70",267.450000,-60.199999,0.000000,top
"Q1180","2N7002W","SOT-323_SC-70",15.850000,-68.600000,0.000000,top
"Q1181","2N7002W","SOT-323_SC-70",186.050000,-149.799999,0.000000,top
"Q1182","2N7002W","SOT-323_SC-70",86.150000,-287.000000,0.000000,top
"Q1183","2N7002W","SOT-323_SC-70",208.250000,-289.799999,0.000000,top
"Q1184","2N7002W","SOT-323_SC-70",208.250000,-292.599999,0.000000,top
"Q1185","2N7002W","SOT-323_SC-70",208.250000,-141.399999,0.000000,top
"Q1186","2N7002W","SOT-323_SC-70",208.250000,-147.000000,0.000000,top
"Q1187","2N7002W","SOT-323_SC-70",163.850000,-124.600000,0.000000,top
"Q1188","2N7002W","SOT-323_SC-70",63.950000,-79.800000,0.000000,top
"Q1189","2N7002W","SOT-323_SC-70",171.250000,-211.399999,0.000000,top
"Q1190","2N7002W","SOT-323_SC-70",60.250000,-273.000000,0.000000,top
"Q1191","2N7002W","SOT-323_SC-70",60.250000,-275.800000,0.000000,top
"Q1192","2N7002W","SOT-323_SC-70",56.550000,-233.799999,0.000000,top
"Q1193","2N7002W","SOT-323_SC-70",60.250000,-99.399999,0.000000,top
"Q1194","2N7002W","SOT-323_SC-70",56.550000,-96.600000,0.000000,top
"Q1195","2N7002W","SOT-323_SC-70",108.350000,-147.000000,0.000000,top
"Q1196","2N7002W","SOT-323_SC-70",52.850000,-186.200000,0.000000,top
"Q1197","2N7002W","SOT-323_SC-70",49.150000,-183.399999,0.000000,top
"Q1198","2N7002W","SOT-323_SC-70",211.950000,-82.600000,0.000000,top
"Q1199","2N7002W","SOT-323_SC-70",26.950000,-65.800000,0.000000,top
"Q1200","2N7002W","SOT-323_SC-70",41.750000,-68.600000,0.000000,top
"Q1201","2N7002W","SOT-323_SC-70",56.550000,-68.600000,0.000000,top
"Q1202","2N7002W","SOT-323_SC-70",78.750000,-65.800000,0.000000,top
"Q1203","2N7002W","SOT-323_SC-70",78.750000,-68.600000,0.000000,top
"Q1204","2N7002W","SOT-323_SC-70",115.750000,-65.800000,0.000000,top
"Q1205","2N7002W","SOT-323_SC-70",137.950000,-65.800000,0.000000,top
"Q1206","2N7002W","SOT-323_SC-70",160.150000,-68.600000,0.000000,top
"Q1207","2N7002W","SOT-323_SC-70",174.950000,-68.600000,0.000000,top
"Q1208","2N7002W","SOT-323_SC-70",186.050000,-65.800000,0.000000,top
"Q1209","2N7002W","SOT-323_SC-70",197.150000,-68.600000,0.000000,top
"Q1210","2N7002W","SOT-323_SC-70",204.550000,-68.600000,0.000000,top
"Q1211","2N7002W","SOT-323_SC-70",215.650000,-68.600000,0.000000,top
"Q1212","2N7002W","SOT-323_SC-70",219.350000,-68.600000,0.000000,top
"Q1213","2N7002W","SOT-323_SC-70",215.650000,-65.800000,0.000000,top
"Q1214","2N7002W","SOT-323_SC-70",226.750000,-68.600000,0.000000,top
"Q1215","2N7002W","SOT-323_SC-70",237.850000,-68.600000,0.000000,top
"Q1216","2N7002W","SOT-323_SC-70",234.150000,-65.800000,0.000000,top
"Q1217","2N7002W","SOT-323_SC-70",89.850000,-278.599999,0.000000,top
"Q1218","2N7002W","SOT-323_SC-70",86.150000,-278.599999,0.000000,top
"Q1219","2N7002W","SOT-323_SC-70",82.450000,-275.800000,0.000000,top
"Q1220","2N7002W","SOT-323_SC-70",82.450000,-278.599999,0.000000,top
"Q1221","2N7002W","SOT-323_SC-70",78.750000,-278.599999,0.000000,top
"Q1222","2N7002W","SOT-323_SC-70",75.050000,-275.800000,0.000000,top
"Q1223","2N7002W","SOT-323_SC-70",75.050000,-278.599999,0.000000,top
"Q1224","2N7002W","SOT-323_SC-70",86.150000,-189.000000,0.000000,top
"Q1225","2N7002W","SOT-323_SC-70",237.850000,-99.399999,0.000000,top
"Q1226","2N7002W","SOT-323_SC-70",234.150000,-96.600000,0.000000,top
"Q1227","2N7002W","SOT-323_SC-70",86.150000,-200.200000,0.000000,top
"Q1228","2N7002W","SOT-323_SC-70",86.150000,-236.600000,0.000000,top
"Q1229","2N7002W","SOT-323_SC-70",82.450000,-264.600000,0.000000,top
"Q1230","2N7002W","SOT-323_SC-70",82.450000,-253.399999,0.000000,top
"Q1231","2N7002W","SOT-323_SC-70",189.750000,-82.600000,0.000000,top
"Q1232","2N7002W","SOT-323_SC-70",186.050000,-82.600000,0.000000,top
"Q1233","2N7002W","SOT-323_SC-70",108.350000,-183.399999,0.000000,top
"Q1234","2N7002W","SOT-323_SC-70",104.650000,-191.799999,0.000000,top
"Q1235","2N7002W","SOT-323_SC-70",252.650000,-217.000000,0.000000,top
"Q1236","2N7002W","SOT-323_SC-70",145.350000,-183.399999,0.000000,top
"Q1237","2N7002W","SOT-323_SC-70",141.650000,-183.399999,0.000000,top
"Q1238","2N7002W","SOT-323_SC-70",119.450000,-267.399999,0.000000,top
"Q1239","2N7002W","SOT-323_SC-70",115.750000,-264.600000,0.000000,top
"Q1240","2N7002W","SOT-323_SC-70",211.950000,-88.199999,0.000000,top
"Q1241","2N7002W","SOT-323_SC-70",163.850000,-219.799999,0.000000,top
"Q1242","2N7002W","SOT-323_SC-70",104.650000,-91.000000,0.000000,top
"Q1243","2N7002W","SOT-323_SC-70",60.250000,-267.399999,0.000000,top
"Q1244","2N7002W","SOT-323_SC-70",63.950000,-256.200000,0.000000,top
"Q1245","2N7002W","SOT-323_SC-70",60.250000,-102.199999,0.000000,top
"Q1246","2N7002W","SOT-323_SC-70",137.950000,-175.000000,0.000000,top
"Q1247","2N7002W","SOT-323_SC-70",112.050000,-183.399999,0.000000,top
"Q1248","2N7002W","SOT-323_SC-70",115.750000,-183.399999,0.000000,top
"Q1249","2N7002W","SOT-323_SC-70",108.350000,-197.399999,0.000000,top
"Q1250","2N7002W","SOT-323_SC-70",108.350000,-200.200000,0.000000,top
"Q1251","2N7002W","SOT-323_SC-70",112.050000,-208.600000,0.000000,top
"Q1252","2N7002W","SOT-323_SC-70",108.350000,-205.799999,0.000000,top
"Q1253","2N7002W","SOT-323_SC-70",115.750000,-222.600000,0.000000,top
"Q1254","2N7002W","SOT-323_SC-70",112.050000,-222.600000,0.000000,top
"Q1255","2N7002W","SOT-323_SC-70",112.050000,-233.799999,0.000000,top
"Q1256","2N7002W","SOT-323_SC-70",108.350000,-231.000000,0.000000,top
"Q1257","2N7002W","SOT-323_SC-70",108.350000,-250.600000,0.000000,top
"Q1258","2N7002W","SOT-323_SC-70",112.050000,-244.999999,0.000000,top
"Q1259","2N7002W","SOT-323_SC-70",108.350000,-256.200000,0.000000,top
"Q1260","2N7002W","SOT-323_SC-70",108.350000,-259.000000,0.000000,top
"Q1261","2N7002W","SOT-323_SC-70",112.050000,-270.200000,0.000000,top
"Q1262","2N7002W","SOT-323_SC-70",108.350000,-267.399999,0.000000,top
"Q1263","2N7002W","SOT-323_SC-70",211.950000,-208.600000,0.000000,top
"Q1264","2N7002W","SOT-323_SC-70",211.950000,-211.399999,0.000000,top
"Q1265","2N7002W","SOT-323_SC-70",219.350000,-82.600000,0.000000,top
"Q1266","2N7002W","SOT-323_SC-70",97.250000,-222.600000,0.000000,top
"Q1267","2N7002W","SOT-323_SC-70",71.350000,-222.600000,0.000000,top
"Q1268","2N7002W","SOT-323_SC-70",71.350000,-228.200000,0.000000,top
"Q1269","2N7002W","SOT-323_SC-70",75.050000,-228.200000,0.000000,top
"Q1270","2N7002W","SOT-323_SC-70",208.250000,-105.000000,0.000000,top
"Q1271","2N7002W","SOT-323_SC-70",193.450000,-247.799999,0.000000,top
"Q1272","2N7002W","SOT-323_SC-70",26.950000,-74.199999,0.000000,top
"Q1273","2N7002W","SOT-323_SC-70",23.250000,-71.400000,0.000000,top
"Q1274","2N7002W","SOT-323_SC-70",252.650000,-32.200000,0.000000,top
"Q1275","2N7002W","SOT-323_SC-70",63.950000,-231.000000,0.000000,top
"Q1276","2N7002W","SOT-323_SC-70",260.050000,-110.600000,0.000000,top
"Q1277","2N7002W","SOT-323_SC-70",171.250000,-161.000000,0.000000,top
"Q1278","2N7002W","SOT-323_SC-70",167.550000,-158.200000,0.000000,top
"Q1279","2N7002W","SOT-323_SC-70",60.250000,-183.399999,0.000000,top
"Q1280","2N7002W","SOT-323_SC-70",30.650000,-57.400000,0.000000,top
"Q1281","2N7002W","SOT-323_SC-70",34.350000,-57.400000,0.000000,top
"Q1282","2N7002W","SOT-323_SC-70",38.050000,-57.400000,0.000000,top
"Q1283","2N7002W","SOT-323_SC-70",34.350000,-54.599999,0.000000,top
"Q1284","2N7002W","SOT-323_SC-70",41.750000,-54.599999,0.000000,top
"Q1285","2N7002W","SOT-323_SC-70",41.750000,-60.199999,0.000000,top
"Q1286","2N7002W","SOT-323_SC-70",49.150000,-57.400000,0.000000,top
"Q1287","2N7002W","SOT-323_SC-70",45.450000,-54.599999,0.000000,top
"Q1288","2N7002W","SOT-323_SC-70",49.150000,-54.599999,0.000000,top
"Q1289","2N7002W","SOT-323_SC-70",52.850000,-54.599999,0.000000,top
"Q1290","2N7002W","SOT-323_SC-70",52.850000,-60.199999,0.000000,top
"Q1291","2N7002W","SOT-323_SC-70",56.550000,-57.400000,0.000000,top
"Q1292","2N7002W","SOT-323_SC-70",56.550000,-54.599999,0.000000,top
"Q1293","2N7002W","SOT-323_SC-70",60.250000,-57.400000,0.000000,top
"Q1294","2N7002W","SOT-323_SC-70",60.250000,-54.599999,0.000000,top
"Q1295","2N7002W","SOT-323_SC-70",63.950000,-54.599999,0.000000,top
"Q1296","2N7002W","SOT-323_SC-70",56.550000,-51.800000,0.000000,top
"Q1297","2N7002W","SOT-323_SC-70",100.950000,-57.400000,0.000000,top
"Q1298","2N7002W","SOT-323_SC-70",112.050000,-57.400000,0.000000,top
"Q1299","2N7002W","SOT-323_SC-70",108.350000,-54.599999,0.000000,top
"Q1300","2N7002W","SOT-323_SC-70",112.050000,-54.599999,0.000000,top
"Q1301","2N7002W","SOT-323_SC-70",126.850000,-60.199999,0.000000,top
"Q1302","2N7002W","SOT-323_SC-70",123.150000,-51.800000,0.000000,top
"Q1303","2N7002W","SOT-323_SC-70",126.850000,-51.800000,0.000000,top
"Q1304","2N7002W","SOT-323_SC-70",141.650000,-54.599999,0.000000,top
"Q1305","2N7002W","SOT-323_SC-70",145.350000,-54.599999,0.000000,top
"Q1306","2N7002W","SOT-323_SC-70",160.150000,-54.599999,0.000000,top
"Q1307","2N7002W","SOT-323_SC-70",186.050000,-51.800000,0.000000,top
"Q1308","2N7002W","SOT-323_SC-70",226.750000,-54.599999,0.000000,top
"Q1309","2N7002W","SOT-323_SC-70",230.450000,-57.400000,0.000000,top
"Q1310","2N7002W","SOT-323_SC-70",234.150000,-54.599999,0.000000,top
"Q1311","2N7002W","SOT-323_SC-70",237.850000,-54.599999,0.000000,top
"Q1312","2N7002W","SOT-323_SC-70",245.250000,-57.400000,0.000000,top
"Q1313","2N7002W","SOT-323_SC-70",86.150000,-186.200000,0.000000,top
"Q1314","2N7002W","SOT-323_SC-70",75.050000,-180.600000,0.000000,top
"Q1315","2N7002W","SOT-323_SC-70",97.250000,-141.399999,0.000000,top
"Q1316","2N7002W","SOT-323_SC-70",104.650000,-217.000000,0.000000,top
"Q1317","2N7002W","SOT-323_SC-70",104.650000,-222.600000,0.000000,top
"Q1318","2N7002W","SOT-323_SC-70",100.950000,-219.799999,0.000000,top
"Q1319","2N7002W","SOT-323_SC-70",78.750000,-231.000000,0.000000,top
"Q1320","2N7002W","SOT-323_SC-70",82.450000,-231.000000,0.000000,top
"Q1321","2N7002W","SOT-323_SC-70",82.450000,-208.600000,0.000000,top
"Q1322","2N7002W","SOT-323_SC-70",78.750000,-205.799999,0.000000,top
"Q1323","2N7002W","SOT-323_SC-70",145.350000,-233.799999,0.000000,top
"Q1324","2N7002W","SOT-323_SC-70",152.750000,-23.799999,0.000000,top
"Q1325","2N7002W","SOT-323_SC-70",149.050000,-32.200000,0.000000,top
"Q1326","2N7002W","SOT-323_SC-70",23.250000,-54.599999,0.000000,top
"Q1327","2N7002W","SOT-323_SC-70",215.650000,-82.600000,0.000000,top
"Q1328","2N7002W","SOT-323_SC-70",97.250000,-189.000000,0.000000,top
"Q1329","2N7002W","SOT-323_SC-70",19.550000,-32.200000,0.000000,top
"Q1330","2N7002W","SOT-323_SC-70",23.250000,-29.400000,0.000000,top
"Q1331","2N7002W","SOT-323_SC-70",149.050000,-85.399999,0.000000,top
"Q1332","2N7002W","SOT-323_SC-70",97.250000,-233.799999,0.000000,top
"Q1333","2N7002W","SOT-323_SC-70",97.250000,-236.600000,0.000000,top
"Q1334","2N7002W","SOT-323_SC-70",52.850000,-247.799999,0.000000,top
"Q1335","2N7002W","SOT-323_SC-70",130.550000,-93.800000,0.000000,top
"Q1336","2N7002W","SOT-323_SC-70",149.050000,-273.000000,0.000000,top
"Q1337","2N7002W","SOT-323_SC-70",167.550000,-127.399999,0.000000,top
"Q1338","2N7002W","SOT-323_SC-70",49.150000,-200.200000,0.000000,top
"Q1339","2N7002W","SOT-323_SC-70",45.450000,-200.200000,0.000000,top
"Q1340","2N7002W","SOT-323_SC-70",45.450000,-205.799999,0.000000,top
"Q1341","2N7002W","SOT-323_SC-70",63.950000,-205.799999,0.000000,top
"Q1342","2N7002W","SOT-323_SC-70",67.650000,-200.200000,0.000000,top
"Q1343","2N7002W","SOT-323_SC-70",56.550000,-194.600000,0.000000,top
"Q1344","2N7002W","SOT-323_SC-70",23.250000,-68.600000,0.000000,top
"Q1345","2N7002W","SOT-323_SC-70",19.550000,-65.800000,0.000000,top
"Q1346","2N7002W","SOT-323_SC-70",156.450000,-130.199999,0.000000,top
"Q1347","2N7002W","SOT-323_SC-70",41.750000,-29.400000,0.000000,top
"Q1348","2N7002W","SOT-323_SC-70",38.050000,-26.600000,0.000000,top
"Q1349","2N7002W","SOT-323_SC-70",34.350000,-29.400000,0.000000,top
"Q1350","2N7002W","SOT-323_SC-70",186.050000,-191.799999,0.000000,top
"Q1351","2N7002W","SOT-323_SC-70",71.350000,-79.800000,0.000000,top
"Q1352","2N7002W","SOT-323_SC-70",104.650000,-228.200000,0.000000,top
"Q1353","2N7002W","SOT-323_SC-70",100.950000,-236.600000,0.000000,top
"Q1354","2N7002W","SOT-323_SC-70",100.950000,-239.399999,0.000000,top
"Q1355","2N7002W","SOT-323_SC-70",104.650000,-270.200000,0.000000,top
"Q1356","2N7002W","SOT-323_SC-70",126.850000,-284.200000,0.000000,top
"Q1357","2N7002W","SOT-323_SC-70",219.350000,-175.000000,0.000000,top
"Q1358","2N7002W","SOT-323_SC-70",245.250000,-96.600000,0.000000,top
"Q1359","2N7002W","SOT-323_SC-70",182.350000,-99.399999,0.000000,top
"Q1360","2N7002W","SOT-323_SC-70",178.650000,-99.399999,0.000000,top
"Q1361","2N7002W","SOT-323_SC-70",45.450000,-82.600000,0.000000,top
"Q1362","2N7002W","SOT-323_SC-70",215.650000,-256.200000,0.000000,top
"Q1363","2N7002W","SOT-323_SC-70",211.950000,-256.200000,0.000000,top
"Q1364","2N7002W","SOT-323_SC-70",119.450000,-194.600000,0.000000,top
"Q1365","2N7002W","SOT-323_SC-70",193.450000,-163.799999,0.000000,top
"Q1366","2N7002W","SOT-323_SC-70",200.850000,-113.399999,0.000000,top
"Q1367","2N7002W","SOT-323_SC-70",193.450000,-105.000000,0.000000,top
"Q1368","2N7002W","SOT-323_SC-70",189.750000,-102.199999,0.000000,top
"Q1369","2N7002W","SOT-323_SC-70",108.350000,-79.800000,0.000000,top
"Q1370","2N7002W","SOT-323_SC-70",104.650000,-158.200000,0.000000,top
"Q1371","2N7002W","SOT-323_SC-70",104.650000,-161.000000,0.000000,top
"Q1372","2N7002W","SOT-323_SC-70",100.950000,-158.200000,0.000000,top
"Q1373","2N7002W","SOT-323_SC-70",97.250000,-155.399999,0.000000,top
"Q1374","2N7002W","SOT-323_SC-70",56.550000,-91.000000,0.000000,top
"Q1375","2N7002W","SOT-323_SC-70",52.850000,-88.199999,0.000000,top
"Q1376","2N7002W","SOT-323_SC-70",126.850000,-261.799999,0.000000,top
"Q1377","2N7002W","SOT-323_SC-70",123.150000,-259.000000,0.000000,top
"Q1378","2N7002W","SOT-323_SC-70",126.850000,-250.600000,0.000000,top
"Q1379","2N7002W","SOT-323_SC-70",123.150000,-247.799999,0.000000,top
"Q1380","2N7002W","SOT-323_SC-70",126.850000,-239.399999,0.000000,top
"Q1381","2N7002W","SOT-323_SC-70",123.150000,-239.399999,0.000000,top
"Q1382","2N7002W","SOT-323_SC-70",126.850000,-225.399999,0.000000,top
"Q1383","2N7002W","SOT-323_SC-70",123.150000,-222.600000,0.000000,top
"Q1384","2N7002W","SOT-323_SC-70",193.450000,-82.600000,0.000000,top
"Q1385","2N7002W","SOT-323_SC-70",197.150000,-88.199999,0.000000,top
"Q1386","2N7002W","SOT-323_SC-70",171.250000,-231.000000,0.000000,top
"Q1387","2N7002W","SOT-323_SC-70",167.550000,-228.200000,0.000000,top
"Q1388","2N7002W","SOT-323_SC-70",200.850000,-124.600000,0.000000,top
"Q1389","2N7002W","SOT-323_SC-70",200.850000,-130.199999,0.000000,top
"Q1390","2N7002W","SOT-323_SC-70",174.950000,-119.000000,0.000000,top
"Q1391","2N7002W","SOT-323_SC-70",52.850000,-191.799999,0.000000,top
"Q1392","2N7002W","SOT-323_SC-70",89.850000,-233.799999,0.000000,top
"Q1393","2N7002W","SOT-323_SC-70",89.850000,-236.600000,0.000000,top
"Q1394","2N7002W","SOT-323_SC-70",156.450000,-166.600000,0.000000,top
"Q1395","2N7002W","SOT-323_SC-70",186.050000,-99.399999,0.000000,top
"Q1396","2N7002W","SOT-323_SC-70",252.650000,-71.400000,0.000000,top
"Q1397","2N7002W","SOT-323_SC-70",19.550000,-60.199999,0.000000,top
"Q1398","2N7002W","SOT-323_SC-70",15.850000,-57.400000,0.000000,top
"Q1399","2N7002W","SOT-323_SC-70",34.350000,-79.800000,0.000000,top
"Q1400","2N7002W","SOT-323_SC-70",130.550000,-107.800000,0.000000,top
"Q1401","2N7002W","SOT-323_SC-70",126.850000,-107.800000,0.000000,top
"Q1402","2N7002W","SOT-323_SC-70",167.550000,-163.799999,0.000000,top
"Q1403","2N7002W","SOT-323_SC-70",171.250000,-158.200000,0.000000,top
"Q1404","2N7002W","SOT-323_SC-70",145.350000,-270.200000,0.000000,top
"Q1405","2N7002W","SOT-323_SC-70",145.350000,-273.000000,0.000000,top
"Q1406","2N7002W","SOT-323_SC-70",38.050000,-29.400000,0.000000,top
"Q1407","2N7002W","SOT-323_SC-70",45.450000,-49.000000,0.000000,top
"Q1408","2N7002W","SOT-323_SC-70",41.750000,-46.199999,0.000000,top
"Q1409","2N7002W","SOT-323_SC-70",49.150000,-49.000000,0.000000,top
"Q1410","2N7002W","SOT-323_SC-70",52.850000,-49.000000,0.000000,top
"Q1411","2N7002W","SOT-323_SC-70",49.150000,-46.199999,0.000000,top
"Q1412","2N7002W","SOT-323_SC-70",49.150000,-51.800000,0.000000,top
"Q1413","2N7002W","SOT-323_SC-70",56.550000,-49.000000,0.000000,top
"Q1414","2N7002W","SOT-323_SC-70",60.250000,-49.000000,0.000000,top
"Q1415","2N7002W","SOT-323_SC-70",75.050000,-49.000000,0.000000,top
"Q1416","2N7002W","SOT-323_SC-70",104.650000,-51.800000,0.000000,top
"Q1417","2N7002W","SOT-323_SC-70",115.750000,-51.800000,0.000000,top
"Q1418","2N7002W","SOT-323_SC-70",119.450000,-49.000000,0.000000,top
"Q1419","2N7002W","SOT-323_SC-70",130.550000,-51.800000,0.000000,top
"Q1420","2N7002W","SOT-323_SC-70",126.850000,-49.000000,0.000000,top
"Q1421","2N7002W","SOT-323_SC-70",137.950000,-51.800000,0.000000,top
"Q1422","2N7002W","SOT-323_SC-70",141.650000,-51.800000,0.000000,top
"Q1423","2N7002W","SOT-323_SC-70",152.750000,-51.800000,0.000000,top
"Q1424","2N7002W","SOT-323_SC-70",149.050000,-49.000000,0.000000,top
"Q1425","2N7002W","SOT-323_SC-70",208.250000,-51.800000,0.000000,top
"Q1426","2N7002W","SOT-323_SC-70",211.950000,-51.800000,0.000000,top
"Q1427","2N7002W","SOT-323_SC-70",226.750000,-51.800000,0.000000,top
"Q1428","2N7002W","SOT-323_SC-70",208.250000,-93.800000,0.000000,top
"Q1429","2N7002W","SOT-323_SC-70",186.050000,-152.600000,0.000000,top
"Q1430","2N7002W","SOT-323_SC-70",219.350000,-161.000000,0.000000,top
"Q1431","2N7002W","SOT-323_SC-70",219.350000,-225.399999,0.000000,top
"Q1432","2N7002W","SOT-323_SC-70",100.950000,-147.000000,0.000000,top
"Q1433","2N7002W","SOT-323_SC-70",67.650000,-124.600000,0.000000,top
"Q1434","2N7002W","SOT-323_SC-70",63.950000,-121.800000,0.000000,top
"Q1435","2N7002W","SOT-323_SC-70",104.650000,-244.999999,0.000000,top
"Q1436","2N7002W","SOT-323_SC-70",100.950000,-244.999999,0.000000,top
"Q1437","2N7002W","SOT-323_SC-70",182.350000,-217.000000,0.000000,top
"Q1438","2N7002W","SOT-323_SC-70",186.050000,-225.399999,0.000000,top
"Q1439","2N7002W","SOT-323_SC-70",256.350000,-63.000000,0.000000,top
"Q1440","2N7002W","SOT-323_SC-70",241.550000,-113.399999,0.000000,top
"Q1441","2N7002W","SOT-323_SC-70",237.850000,-110.600000,0.000000,top
"Q1442","2N7002W","SOT-323_SC-70",215.650000,-183.399999,0.000000,top
"Q1443","2N7002W","SOT-323_SC-70",211.950000,-180.600000,0.000000,top
"Q1444","2N7002W","SOT-323_SC-70",237.850000,-155.399999,0.000000,top
"Q1445","2N7002W","SOT-323_SC-70",237.850000,-158.200000,0.000000,top
"Q1446","2N7002W","SOT-323_SC-70",56.550000,-99.399999,0.000000,top
"Q1447","2N7002W","SOT-323_SC-70",52.850000,-96.600000,0.000000,top
"Q1448","2N7002W","SOT-323_SC-70",45.450000,-102.199999,0.000000,top
"Q1449","2N7002W","SOT-323_SC-70",49.150000,-88.199999,0.000000,top
"Q1450","2N7002W","SOT-323_SC-70",271.150000,-163.799999,0.000000,top
"Q1451","2N7002W","SOT-323_SC-70",182.350000,-289.799999,0.000000,top
"Q1452","2N7002W","SOT-323_SC-70",178.650000,-287.000000,0.000000,top
"Q1453","2N7002W","SOT-323_SC-70",245.250000,-121.800000,0.000000,top
"Q1454","2N7002W","SOT-323_SC-70",241.550000,-121.800000,0.000000,top
"Q1455","2N7002W","SOT-323_SC-70",104.650000,-211.399999,0.000000,top
"Q1456","2N7002W","SOT-323_SC-70",100.950000,-208.600000,0.000000,top
"Q1457","2N7002W","SOT-323_SC-70",174.950000,-155.399999,0.000000,top
"Q1458","2N7002W","SOT-323_SC-70",171.250000,-152.600000,0.000000,top
"Q1459","2N7002W","SOT-323_SC-70",178.650000,-189.000000,0.000000,top
"Q1460","2N7002W","SOT-323_SC-70",178.650000,-191.799999,0.000000,top
"Q1461","2N7002W","SOT-323_SC-70",141.650000,-177.799999,0.000000,top
"Q1462","2N7002W","SOT-323_SC-70",78.750000,-163.799999,0.000000,top
"Q1463","2N7002W","SOT-323_SC-70",134.250000,-130.199999,0.000000,top
"Q1464","2N7002W","SOT-323_SC-70",130.550000,-127.399999,0.000000,top
"Q1465","2N7002W","SOT-323_SC-70",126.850000,-233.799999,0.000000,top
"Q1466","2N7002W","SOT-323_SC-70",123.150000,-231.000000,0.000000,top
"Q1467","2N7002W","SOT-323_SC-70",271.150000,-88.199999,0.000000,top
"Q1468","2N7002W","SOT-323_SC-70",34.350000,-26.600000,0.000000,top
"Q1469","2N7002W","SOT-323_SC-70",34.350000,-32.200000,0.000000,top
"Q1470","2N7002W","SOT-323_SC-70",171.250000,-200.200000,0.000000,top
"Q1471","2N7002W","SOT-323_SC-70",30.650000,-60.199999,0.000000,top
"Q1472","2N7002W","SOT-323_SC-70",30.650000,-63.000000,0.000000,top
"Q1473","2N7002W","SOT-323_SC-70",34.350000,-63.000000,0.000000,top
"Q1474","2N7002W","SOT-323_SC-70",38.050000,-63.000000,0.000000,top
"Q1475","2N7002W","SOT-323_SC-70",49.150000,-63.000000,0.000000,top
"Q1476","2N7002W","SOT-323_SC-70",56.550000,-63.000000,0.000000,top
"Q1477","2N7002W","SOT-323_SC-70",93.550000,-57.400000,0.000000,top
"Q1478","2N7002W","SOT-323_SC-70",93.550000,-63.000000,0.000000,top
"Q1479","2N7002W","SOT-323_SC-70",97.250000,-57.400000,0.000000,top
"Q1480","2N7002W","SOT-323_SC-70",100.950000,-63.000000,0.000000,top
"Q1481","2N7002W","SOT-323_SC-70",123.150000,-63.000000,0.000000,top
"Q1482","2N7002W","SOT-323_SC-70",145.350000,-60.199999,0.000000,top
"Q1483","2N7002W","SOT-323_SC-70",141.650000,-63.000000,0.000000,top
"Q1484","2N7002W","SOT-323_SC-70",145.350000,-57.400000,0.000000,top
"Q1485","2N7002W","SOT-323_SC-70",160.150000,-60.199999,0.000000,top
"Q1486","2N7002W","SOT-323_SC-70",178.650000,-57.400000,0.000000,top
"Q1487","2N7002W","SOT-323_SC-70",178.650000,-60.199999,0.000000,top
"Q1488","2N7002W","SOT-323_SC-70",178.650000,-63.000000,0.000000,top
"Q1489","2N7002W","SOT-323_SC-70",208.250000,-63.000000,0.000000,top
"Q1490","2N7002W","SOT-323_SC-70",211.950000,-63.000000,0.000000,top
"Q1491","2N7002W","SOT-323_SC-70",215.650000,-63.000000,0.000000,top
"Q1492","2N7002W","SOT-323_SC-70",230.450000,-63.000000,0.000000,top
"Q1493","2N7002W","SOT-323_SC-70",241.550000,-60.199999,0.000000,top
"Q1494","2N7002W","SOT-323_SC-70",245.250000,-60.199999,0.000000,top
"Q1495","2N7002W","SOT-323_SC-70",82.450000,-284.200000,0.000000,top
"Q1496","2N7002W","SOT-323_SC-70",86.150000,-208.600000,0.000000,top
"Q1497","2N7002W","SOT-323_SC-70",82.450000,-205.799999,0.000000,top
"Q1498","2N7002W","SOT-323_SC-70",219.350000,-96.600000,0.000000,top
"Q1499","2N7002W","SOT-323_SC-70",215.650000,-93.800000,0.000000,top
"Q1500","2N7002W","SOT-323_SC-70",211.950000,-200.200000,0.000000,top
"Q1501","2N7002W","SOT-323_SC-70",156.450000,-177.799999,0.000000,top
"Q1502","2N7002W","SOT-323_SC-70",152.750000,-177.799999,0.000000,top
"Q1503","2N7002W","SOT-323_SC-70",204.550000,-105.000000,0.000000,top
"Q1504","2N7002W","SOT-323_SC-70",112.050000,-239.399999,0.000000,top
"Q1505","2N7002W","SOT-323_SC-70",52.850000,-222.600000,0.000000,top
"Q1506","2N7002W","SOT-323_SC-70",49.150000,-219.799999,0.000000,top
"Q1507","2N7002W","SOT-323_SC-70",67.650000,-127.399999,0.000000,top
"Q1508","2N7002W","SOT-323_SC-70",174.950000,-26.600000,0.000000,top
"Q1509","2N7002W","SOT-323_SC-70",171.250000,-163.799999,0.000000,top
"Q1510","2N7002W","SOT-323_SC-70",211.950000,-91.000000,0.000000,top
"Q1511","2N7002W","SOT-323_SC-70",130.550000,-82.600000,0.000000,top
"Q1512","2N7002W","SOT-323_SC-70",86.150000,-135.800000,0.000000,top
"Q1514","2N7002W","SOT-323_SC-70",112.050000,-85.399999,0.000000,top
"Q1515","2N7002W","SOT-323_SC-70",115.750000,-259.000000,0.000000,top
"Q1516","2N7002W","SOT-323_SC-70",256.350000,-96.600000,0.000000,top
"Q1517","2N7002W","SOT-323_SC-70",256.350000,-102.199999,0.000000,top
"Q1518","2N7002W","SOT-323_SC-70",56.550000,-205.799999,0.000000,top
"Q1519","2N7002W","SOT-323_SC-70",23.250000,-63.000000,0.000000,top
"Q1520","2N7002W","SOT-323_SC-70",141.650000,-233.799999,0.000000,top
"Q1521","2N7002W","SOT-323_SC-70",167.550000,-152.600000,0.000000,top
"Q1522","2N7002W","SOT-323_SC-70",149.050000,-244.999999,0.000000,top
"Q1523","2N7002W","SOT-323_SC-70",145.350000,-242.200000,0.000000,top
"Q1524","2N7002W","SOT-323_SC-70",60.250000,-107.800000,0.000000,top
"Q1525","2N7002W","SOT-323_SC-70",63.950000,-102.199999,0.000000,top
"Q1526","2N7002W","SOT-323_SC-70",223.050000,-166.600000,0.000000,top
"Q1527","2N7002W","SOT-323_SC-70",219.350000,-163.799999,0.000000,top
"Q1528","2N7002W","SOT-323_SC-70",45.450000,-247.799999,0.000000,top
"Q1529","2N7002W","SOT-323_SC-70",49.150000,-250.600000,0.000000,top
"Q1530","2N7002W","SOT-323_SC-70",26.950000,-49.000000,0.000000,top
"Q1531","2N7002W","SOT-323_SC-70",208.250000,-169.399999,0.000000,top
"Q1532","2N7002W","SOT-323_SC-70",71.350000,-203.000000,0.000000,top
"Q1533","2N7002W","SOT-323_SC-70",67.650000,-205.799999,0.000000,top
"Q1534","2N7002W","SOT-323_SC-70",226.750000,-91.000000,0.000000,top
"Q1535","2N7002W","SOT-323_SC-70",134.250000,-256.200000,0.000000,top
"Q1536","2N7002W","SOT-323_SC-70",86.150000,-273.000000,0.000000,top
"Q1537","2N7002W","SOT-323_SC-70",189.750000,-23.799999,0.000000,top
"Q1538","2N7002W","SOT-323_SC-70",189.750000,-35.000000,0.000000,top
"Q1539","2N7002W","SOT-323_SC-70",178.650000,-82.600000,0.000000,top
"Q1540","2N7002W","SOT-323_SC-70",60.250000,-239.399999,0.000000,top
"Q1541","2N7002W","SOT-323_SC-70",186.050000,-197.399999,0.000000,top
"Q1542","2N7002W","SOT-323_SC-70",52.850000,-91.000000,0.000000,top
"Q1543","2N7002W","SOT-323_SC-70",78.750000,-161.000000,0.000000,top
"Q1544","2N7002W","SOT-323_SC-70",75.050000,-158.200000,0.000000,top
"Q1545","2N7002W","SOT-323_SC-70",49.150000,-186.200000,0.000000,top
"Q1546","2N7002W","SOT-323_SC-70",52.850000,-183.399999,0.000000,top
"Q1547","2N7002W","SOT-323_SC-70",263.750000,-141.399999,0.000000,top
"Q1548","2N7002W","SOT-323_SC-70",186.050000,-119.000000,0.000000,top
"Q1549","2N7002W","SOT-323_SC-70",97.250000,-135.800000,0.000000,top
"Q1550","2N7002W","SOT-323_SC-70",19.550000,-79.800000,0.000000,top
"Q1551","2N7002W","SOT-323_SC-70",34.350000,-93.800000,0.000000,top
"Q1552","2N7002W","SOT-323_SC-70",38.050000,-93.800000,0.000000,top
"Q1553","2N7002W","SOT-323_SC-70",149.050000,-177.799999,0.000000,top
"Q1554","2N7002W","SOT-323_SC-70",115.750000,-267.399999,0.000000,top
"Q1555","2N7002W","SOT-323_SC-70",112.050000,-264.600000,0.000000,top
"Q1556","2N7002W","SOT-323_SC-70",149.050000,-40.599999,0.000000,top
"Q1557","2N7002W","SOT-323_SC-70",86.150000,-253.399999,0.000000,top
"Q1558","2N7002W","SOT-323_SC-70",86.150000,-256.200000,0.000000,top
"Q1559","2N7002W","SOT-323_SC-70",89.850000,-261.799999,0.000000,top
"Q1560","2N7002W","SOT-323_SC-70",134.250000,-247.799999,0.000000,top
"Q1561","2N7002W","SOT-323_SC-70",134.250000,-250.600000,0.000000,top
"Q1562","2N7002W","SOT-323_SC-70",82.450000,-239.399999,0.000000,top
"Q1563","2N7002W","SOT-323_SC-70",108.350000,-203.000000,0.000000,top
"Q1564","2N7002W","SOT-323_SC-70",167.550000,-43.400000,0.000000,top
"Q1565","2N7002W","SOT-323_SC-70",178.650000,-43.400000,0.000000,top
"Q1566","2N7002W","SOT-323_SC-70",215.650000,-180.600000,0.000000,top
"Q1567","2N7002W","SOT-323_SC-70",145.350000,-163.799999,0.000000,top
"Q1568","2N7002W","SOT-323_SC-70",60.250000,-175.000000,0.000000,top
"Q1569","2N7002W","SOT-323_SC-70",104.650000,-96.600000,0.000000,top
"Q1570","2N7002W","SOT-323_SC-70",241.550000,-158.200000,0.000000,top
"Q1571","2N7002W","SOT-323_SC-70",56.550000,-32.200000,0.000000,top
"Q1572","2N7002W","SOT-323_SC-70",52.850000,-29.400000,0.000000,top
"Q1573","2N7002W","SOT-323_SC-70",89.850000,-166.600000,0.000000,top
"Q1574","2N7002W","SOT-323_SC-70",75.050000,-175.000000,0.000000,top
"Q1575","2N7002W","SOT-323_SC-70",171.250000,-250.600000,0.000000,top
"Q1576","2N7002W","SOT-323_SC-70",178.650000,-141.399999,0.000000,top
"Q1577","2N7002W","SOT-323_SC-70",104.650000,-194.600000,0.000000,top
"Q1578","2N7002W","SOT-323_SC-70",104.650000,-203.000000,0.000000,top
"Q1579","2N7002W","SOT-323_SC-70",134.250000,-222.600000,0.000000,top
"Q1580","2N7002W","SOT-323_SC-70",193.450000,-261.799999,0.000000,top
"Q1581","2N7002W","SOT-323_SC-70",189.750000,-259.000000,0.000000,top
"Q1582","2N7002W","SOT-323_SC-70",145.350000,-259.000000,0.000000,top
"Q1583","2N7002W","SOT-323_SC-70",93.550000,-278.599999,0.000000,top
"Q1584","2N7002W","SOT-323_SC-70",119.450000,-205.799999,0.000000,top
"Q1585","2N7002W","SOT-323_SC-70",126.850000,-189.000000,0.000000,top
"Q1586","2N7002W","SOT-323_SC-70",226.750000,-264.600000,0.000000,top
"Q1587","2N7002W","SOT-323_SC-70",219.350000,-264.600000,0.000000,top
"Q1588","2N7002W","SOT-323_SC-70",15.850000,-99.399999,0.000000,top
"Q1589","2N7002W","SOT-323_SC-70",15.850000,-96.600000,0.000000,top
"Q1590","2N7002W","SOT-323_SC-70",267.450000,-116.199999,0.000000,top
"Q1591","2N7002W","SOT-323_SC-70",263.750000,-113.399999,0.000000,top
"Q1592","2N7002W","SOT-323_SC-70",263.750000,-116.199999,0.000000,top
"Q1593","2N7002W","SOT-323_SC-70",260.050000,-113.399999,0.000000,top
"Q1594","2N7002W","SOT-323_SC-70",271.150000,-116.199999,0.000000,top
"Q1595","2N7002W","SOT-323_SC-70",267.450000,-113.399999,0.000000,top
"Q1596","2N7002W","SOT-323_SC-70",63.950000,-35.000000,0.000000,top
"Q1597","2N7002W","SOT-323_SC-70",126.850000,-200.200000,0.000000,top
"Q1598","2N7002W","SOT-323_SC-70",160.150000,-91.000000,0.000000,top
"Q1599","2N7002W","SOT-323_SC-70",230.450000,-105.000000,0.000000,top
"Q1600","2N7002W","SOT-323_SC-70",226.750000,-102.199999,0.000000,top
"Q1601","2N7002W","SOT-323_SC-70",256.350000,-124.600000,0.000000,top
"Q1602","2N7002W","SOT-323_SC-70",149.050000,-214.200000,0.000000,top
"Q1603","2N7002W","SOT-323_SC-70",256.350000,-54.599999,0.000000,top
"Q1604","2N7002W","SOT-323_SC-70",119.450000,-119.000000,0.000000,top
"Q1605","2N7002W","SOT-323_SC-70",71.350000,-219.799999,0.000000,top
"Q1606","2N7002W","SOT-323_SC-70",89.850000,-99.399999,0.000000,top
"Q1607","2N7002W","SOT-323_SC-70",89.850000,-102.199999,0.000000,top
"Q1608","2N7002W","SOT-323_SC-70",126.850000,-147.000000,0.000000,top
"Q1609","2N7002W","SOT-323_SC-70",123.150000,-144.200000,0.000000,top
"Q1610","2N7002W","SOT-323_SC-70",71.350000,-197.399999,0.000000,top
"Q1611","2N7002W","SOT-323_SC-70",163.850000,-169.399999,0.000000,top
"Q1612","2N7002W","SOT-323_SC-70",163.850000,-172.200000,0.000000,top
"Q1613","2N7002W","SOT-323_SC-70",130.550000,-102.199999,0.000000,top
"Q1614","2N7002W","SOT-323_SC-70",93.550000,-105.000000,0.000000,top
"Q1615","2N7002W","SOT-323_SC-70",248.950000,-144.200000,0.000000,top
"Q1616","2N7002W","SOT-323_SC-70",108.350000,-82.600000,0.000000,top
"Q1617","2N7002W","SOT-323_SC-70",226.750000,-211.399999,0.000000,top
"Q1618","2N7002W","SOT-323_SC-70",215.650000,-214.200000,0.000000,top
"Q1619","2N7002W","SOT-323_SC-70",30.650000,-51.800000,0.000000,top
"Q1620","2N7002W","SOT-323_SC-70",30.650000,-54.599999,0.000000,top
"Q1621","2N7002W","SOT-323_SC-70",41.750000,-51.800000,0.000000,top
"Q1622","2N7002W","SOT-323_SC-70",75.050000,-57.400000,0.000000,top
"Q1623","2N7002W","SOT-323_SC-70",82.450000,-51.800000,0.000000,top
"Q1624","2N7002W","SOT-323_SC-70",97.250000,-54.599999,0.000000,top
"Q1625","2N7002W","SOT-323_SC-70",93.550000,-51.800000,0.000000,top
"Q1626","2N7002W","SOT-323_SC-70",97.250000,-51.800000,0.000000,top
"Q1627","2N7002W","SOT-323_SC-70",100.950000,-51.800000,0.000000,top
"Q1628","2N7002W","SOT-323_SC-70",108.350000,-51.800000,0.000000,top
"Q1629","2N7002W","SOT-323_SC-70",112.050000,-51.800000,0.000000,top
"Q1630","2N7002W","SOT-323_SC-70",104.650000,-49.000000,0.000000,top
"Q1631","2N7002W","SOT-323_SC-70",119.450000,-51.800000,0.000000,top
"Q1632","2N7002W","SOT-323_SC-70",123.150000,-49.000000,0.000000,top
"Q1633","2N7002W","SOT-323_SC-70",130.550000,-49.000000,0.000000,top
"Q1634","2N7002W","SOT-323_SC-70",134.250000,-51.800000,0.000000,top
"Q1635","2N7002W","SOT-323_SC-70",134.250000,-49.000000,0.000000,top
"Q1636","2N7002W","SOT-323_SC-70",145.350000,-51.800000,0.000000,top
"Q1637","2N7002W","SOT-323_SC-70",149.050000,-51.800000,0.000000,top
"Q1638","2N7002W","SOT-323_SC-70",156.450000,-51.800000,0.000000,top
"Q1639","2N7002W","SOT-323_SC-70",163.850000,-54.599999,0.000000,top
"Q1640","2N7002W","SOT-323_SC-70",174.950000,-54.599999,0.000000,top
"Q1641","2N7002W","SOT-323_SC-70",178.650000,-51.800000,0.000000,top
"Q1642","2N7002W","SOT-323_SC-70",215.650000,-51.800000,0.000000,top
"Q1643","2N7002W","SOT-323_SC-70",219.350000,-51.800000,0.000000,top
"Q1644","2N7002W","SOT-323_SC-70",241.550000,-54.599999,0.000000,top
"Q1645","2N7002W","SOT-323_SC-70",186.050000,-105.000000,0.000000,top
"Q1646","2N7002W","SOT-323_SC-70",260.050000,-71.400000,0.000000,top
"Q1647","2N7002W","SOT-323_SC-70",267.450000,-65.800000,0.000000,top
"Q1648","2N7002W","SOT-323_SC-70",241.550000,-88.199999,0.000000,top
"Q1649","2N7002W","SOT-323_SC-70",56.550000,-35.000000,0.000000,top
"Q1650","2N7002W","SOT-323_SC-70",52.850000,-32.200000,0.000000,top
"Q1651","2N7002W","SOT-323_SC-70",226.750000,-250.600000,0.000000,top
"Q1652","2N7002W","SOT-323_SC-70",186.050000,-141.399999,0.000000,top
"Q1653","2N7002W","SOT-323_SC-70",186.050000,-144.200000,0.000000,top
"Q1654","2N7002W","SOT-323_SC-70",189.750000,-144.200000,0.000000,top
"Q1655","2N7002W","SOT-323_SC-70",186.050000,-147.000000,0.000000,top
"Q1656","2N7002W","SOT-323_SC-70",34.350000,-46.199999,0.000000,top
"Q1657","2N7002W","SOT-323_SC-70",75.050000,-46.199999,0.000000,top
"Q1658","2N7002W","SOT-323_SC-70",89.850000,-46.199999,0.000000,top
"Q1659","2N7002W","SOT-323_SC-70",97.250000,-46.199999,0.000000,top
"Q1660","2N7002W","SOT-323_SC-70",100.950000,-46.199999,0.000000,top
"Q1661","2N7002W","SOT-323_SC-70",104.650000,-46.199999,0.000000,top
"Q1662","2N7002W","SOT-323_SC-70",119.450000,-46.199999,0.000000,top
"Q1663","2N7002W","SOT-323_SC-70",156.450000,-46.199999,0.000000,top
"Q1664","2N7002W","SOT-323_SC-70",171.250000,-46.199999,0.000000,top
"Q1665","2N7002W","SOT-323_SC-70",178.650000,-46.199999,0.000000,top
"Q1666","2N7002W","SOT-323_SC-70",182.350000,-46.199999,0.000000,top
"Q1667","2N7002W","SOT-323_SC-70",178.650000,-49.000000,0.000000,top
"Q1668","2N7002W","SOT-323_SC-70",208.250000,-46.199999,0.000000,top
"Q1669","2N7002W","SOT-323_SC-70",219.350000,-46.199999,0.000000,top
"Q1670","2N7002W","SOT-323_SC-70",237.850000,-46.199999,0.000000,top
"Q1671","2N7002W","SOT-323_SC-70",141.650000,-186.200000,0.000000,top
"Q1672","2N7002W","SOT-323_SC-70",137.950000,-183.399999,0.000000,top
"Q1673","2N7002W","SOT-323_SC-70",100.950000,-169.399999,0.000000,top
"Q1674","2N7002W","SOT-323_SC-70",104.650000,-172.200000,0.000000,top
"Q1675","2N7002W","SOT-323_SC-70",71.350000,-161.000000,0.000000,top
"Q1676","2N7002W","SOT-323_SC-70",149.050000,-91.000000,0.000000,top
"Q1677","2N7002W","SOT-323_SC-70",145.350000,-91.000000,0.000000,top
"Q1678","2N7002W","SOT-323_SC-70",82.450000,-175.000000,0.000000,top
"Q1679","2N7002W","SOT-323_SC-70",82.450000,-289.799999,0.000000,top
"Q1680","2N7002W","SOT-323_SC-70",78.750000,-287.000000,0.000000,top
"Q1681","2N7002W","SOT-323_SC-70",230.450000,-96.600000,0.000000,top
"Q1682","2N7002W","SOT-323_SC-70",226.750000,-96.600000,0.000000,top
"Q1683","2N7002W","SOT-323_SC-70",219.350000,-91.000000,0.000000,top
"Q1684","2N7002W","SOT-323_SC-70",219.350000,-85.399999,0.000000,top
"Q1685","2N7002W","SOT-323_SC-70",208.250000,-219.799999,0.000000,top
"Q1686","2N7002W","SOT-323_SC-70",204.550000,-217.000000,0.000000,top
"Q1687","2N7002W","SOT-323_SC-70",208.250000,-233.799999,0.000000,top
"Q1688","2N7002W","SOT-323_SC-70",204.550000,-231.000000,0.000000,top
"Q1689","2N7002W","SOT-323_SC-70",208.250000,-197.399999,0.000000,top
"Q1690","2N7002W","SOT-323_SC-70",204.550000,-194.600000,0.000000,top
"Q1691","2N7002W","SOT-323_SC-70",204.550000,-205.799999,0.000000,top
"Q1692","2N7002W","SOT-323_SC-70",204.550000,-208.600000,0.000000,top
"Q1693","2N7002W","SOT-323_SC-70",208.250000,-186.200000,0.000000,top
"Q1694","2N7002W","SOT-323_SC-70",204.550000,-183.399999,0.000000,top
"Q1695","2N7002W","SOT-323_SC-70",141.650000,-197.399999,0.000000,top
"Q1696","2N7002W","SOT-323_SC-70",141.650000,-200.200000,0.000000,top
"Q1697","2N7002W","SOT-323_SC-70",226.750000,-261.799999,0.000000,top
"Q1698","2N7002W","SOT-323_SC-70",145.350000,-82.600000,0.000000,top
"Q1699","2N7002W","SOT-323_SC-70",226.750000,-228.200000,0.000000,top
"Q1700","2N7002W","SOT-323_SC-70",219.350000,-228.200000,0.000000,top
"Q1701","2N7002W","SOT-323_SC-70",19.550000,-74.199999,0.000000,top
"Q1702","2N7002W","SOT-323_SC-70",15.850000,-74.199999,0.000000,top
"Q1703","2N7002W","SOT-323_SC-70",174.950000,-82.600000,0.000000,top
"Q1704","2N7002W","SOT-323_SC-70",104.650000,-219.799999,0.000000,top
"Q1705","2N7002W","SOT-323_SC-70",186.050000,-26.600000,0.000000,top
"Q1706","2N7002W","SOT-323_SC-70",174.950000,-256.200000,0.000000,top
"Q1707","2N7002W","SOT-323_SC-70",174.950000,-261.799999,0.000000,top
"Q1708","2N7002W","SOT-323_SC-70",67.650000,-147.000000,0.000000,top
"Q1709","2N7002W","SOT-323_SC-70",119.450000,-247.799999,0.000000,top
"Q1710","2N7002W","SOT-323_SC-70",56.550000,-211.399999,0.000000,top
"Q1711","2N7002W","SOT-323_SC-70",56.550000,-214.200000,0.000000,top
"Q1712","2N7002W","SOT-323_SC-70",152.750000,-127.399999,0.000000,top
"Q1713","2N7002W","SOT-323_SC-70",149.050000,-186.200000,0.000000,top
"Q1714","2N7002W","SOT-323_SC-70",145.350000,-189.000000,0.000000,top
"Q1715","2N7002W","SOT-323_SC-70",60.250000,-225.399999,0.000000,top
"Q1716","2N7002W","SOT-323_SC-70",56.550000,-222.600000,0.000000,top
"Q1717","2N7002W","SOT-323_SC-70",215.650000,-119.000000,0.000000,top
"Q1718","2N7002W","SOT-323_SC-70",226.750000,-214.200000,0.000000,top
"Q1719","2N7002W","SOT-323_SC-70",86.150000,-217.000000,0.000000,top
"Q1720","2N7002W","SOT-323_SC-70",86.150000,-219.799999,0.000000,top
"Q1721","2N7002W","SOT-323_SC-70",89.850000,-225.399999,0.000000,top
"Q1722","2N7002W","SOT-323_SC-70",226.750000,-200.200000,0.000000,top
"Q1723","2N7002W","SOT-323_SC-70",223.050000,-203.000000,0.000000,top
"Q1724","2N7002W","SOT-323_SC-70",52.850000,-284.200000,0.000000,top
"Q1725","2N7002W","SOT-323_SC-70",67.650000,-166.600000,0.000000,top
"Q1726","2N7002W","SOT-323_SC-70",67.650000,-217.000000,0.000000,top
"Q1727","2N7002W","SOT-323_SC-70",171.250000,-259.000000,0.000000,top
"Q1728","2N7002W","SOT-323_SC-70",160.150000,-284.200000,0.000000,top
"Q1729","2N7002W","SOT-323_SC-70",149.050000,-289.799999,0.000000,top
"Q1730","2N7002W","SOT-323_SC-70",89.850000,-32.200000,0.000000,top
"Q1731","2N7002W","SOT-323_SC-70",86.150000,-29.400000,0.000000,top
"Q1732","2N7002W","SOT-323_SC-70",63.950000,-242.200000,0.000000,top
"Q1733","2N7002W","SOT-323_SC-70",71.350000,-242.200000,0.000000,top
"Q1734","2N7002W","SOT-323_SC-70",60.250000,-219.799999,0.000000,top
"Q1735","2N7002W","SOT-323_SC-70",60.250000,-228.200000,0.000000,top
"Q1736","2N7002W","SOT-323_SC-70",71.350000,-214.200000,0.000000,top
"Q1737","2N7002W","SOT-323_SC-70",71.350000,-217.000000,0.000000,top
"Q1738","2N7002W","SOT-323_SC-70",45.450000,-169.399999,0.000000,top
"Q1739","2N7002W","SOT-323_SC-70",45.450000,-172.200000,0.000000,top
"Q1740","2N7002W","SOT-323_SC-70",67.650000,-267.399999,0.000000,top
"Q1741","2N7002W","SOT-323_SC-70",56.550000,-253.399999,0.000000,top
"Q1742","2N7002W","SOT-323_SC-70",63.950000,-253.399999,0.000000,top
"Q1743","2N7002W","SOT-323_SC-70",67.650000,-253.399999,0.000000,top
"Q1744","2N7002W","SOT-323_SC-70",141.650000,-242.200000,0.000000,top
"Q1745","2N7002W","SOT-323_SC-70",52.850000,-211.399999,0.000000,top
"Q1746","2N7002W","SOT-323_SC-70",78.750000,-175.000000,0.000000,top
"Q1747","2N7002W","SOT-323_SC-70",71.350000,-270.200000,0.000000,top
"Q1748","2N7002W","SOT-323_SC-70",71.350000,-275.800000,0.000000,top
"Q1749","2N7002W","SOT-323_SC-70",149.050000,-250.600000,0.000000,top
"Q1750","2N7002W","SOT-323_SC-70",34.350000,-82.600000,0.000000,top
"Q1751","2N7002W","SOT-323_SC-70",245.250000,-219.799999,0.000000,top
"Q1752","2N7002W","SOT-323_SC-70",211.950000,-102.199999,0.000000,top
"Q1753","2N7002W","SOT-323_SC-70",112.050000,-177.799999,0.000000,top
"Q1754","2N7002W","SOT-323_SC-70",211.950000,-236.600000,0.000000,top
"Q1755","2N7002W","SOT-323_SC-70",23.250000,-49.000000,0.000000,top
"Q1756","2N7002W","SOT-323_SC-70",115.750000,-29.400000,0.000000,top
"Q1757","2N7002W","SOT-323_SC-70",104.650000,-256.200000,0.000000,top
"Q1758","2N7002W","SOT-323_SC-70",100.950000,-261.799999,0.000000,top
"Q1759","2N7002W","SOT-323_SC-70",141.650000,-267.399999,0.000000,top
"Q1760","2N7002W","SOT-323_SC-70",141.650000,-270.200000,0.000000,top
"Q1761","2N7002W","SOT-323_SC-70",141.650000,-273.000000,0.000000,top
"Q1762","2N7002W","SOT-323_SC-70",104.650000,-149.799999,0.000000,top
"Q1763","2N7002W","SOT-323_SC-70",100.950000,-149.799999,0.000000,top
"Q1764","2N7002W","SOT-323_SC-70",71.350000,-278.599999,0.000000,top
"Q1765","2N7002W","SOT-323_SC-70",108.350000,-149.799999,0.000000,top
"Q1766","2N7002W","SOT-323_SC-70",104.650000,-147.000000,0.000000,top
"Q1767","2N7002W","SOT-323_SC-70",189.750000,-273.000000,0.000000,top
"Q1768","2N7002W","SOT-323_SC-70",186.050000,-270.200000,0.000000,top
"Q1769","2N7002W","SOT-323_SC-70",252.650000,-149.799999,0.000000,top
"Q1770","2N7002W","SOT-323_SC-70",141.650000,-214.200000,0.000000,top
"Q1771","2N7002W","SOT-323_SC-70",19.550000,-244.999999,0.000000,top
"Q1772","2N7002W","SOT-323_SC-70",52.850000,-105.000000,0.000000,top
"Q1773","2N7002W","SOT-323_SC-70",52.850000,-107.800000,0.000000,top
"Q1774","2N7002W","SOT-323_SC-70",63.950000,-82.600000,0.000000,top
"Q1775","2N7002W","SOT-323_SC-70",97.250000,-259.000000,0.000000,top
"Q1776","2N7002W","SOT-323_SC-70",19.550000,-259.000000,0.000000,top
"Q1777","2N7002W","SOT-323_SC-70",182.350000,-141.399999,0.000000,top
"Q1778","2N7002W","SOT-323_SC-70",145.350000,-275.800000,0.000000,top
"Q1779","2N7002W","SOT-323_SC-70",226.750000,-222.600000,0.000000,top
"Q1780","2N7002W","SOT-323_SC-70",215.650000,-222.600000,0.000000,top
"Q1781","2N7002W","SOT-323_SC-70",108.350000,-152.600000,0.000000,top
"Q1782","2N7002W","SOT-323_SC-70",60.250000,-242.200000,0.000000,top
"Q1783","2N7002W","SOT-323_SC-70",56.550000,-236.600000,0.000000,top
"Q1784","2N7002W","SOT-323_SC-70",115.750000,-107.800000,0.000000,top
"Q1785","2N7002W","SOT-323_SC-70",189.750000,-236.600000,0.000000,top
"Q1786","2N7002W","SOT-323_SC-70",186.050000,-289.799999,0.000000,top
"Q1787","2N7002W","SOT-323_SC-70",182.350000,-287.000000,0.000000,top
"Q1788","2N7002W","SOT-323_SC-70",97.250000,-177.799999,0.000000,top
"Q1789","2N7002W","SOT-323_SC-70",56.550000,-219.799999,0.000000,top
"Q1790","2N7002W","SOT-323_SC-70",56.550000,-225.399999,0.000000,top
"Q1791","2N7002W","SOT-323_SC-70",78.750000,-127.399999,0.000000,top
"Q1792","2N7002W","SOT-323_SC-70",75.050000,-124.600000,0.000000,top
"Q1793","2N7002W","SOT-323_SC-70",19.550000,-43.400000,0.000000,top
"Q1794","2N7002W","SOT-323_SC-70",23.250000,-37.800000,0.000000,top
"Q1795","2N7002W","SOT-323_SC-70",248.950000,-155.399999,0.000000,top
"Q1796","2N7002W","SOT-323_SC-70",245.250000,-152.600000,0.000000,top
"Q1797","2N7002W","SOT-323_SC-70",130.550000,-144.200000,0.000000,top
"Q1798","2N7002W","SOT-323_SC-70",182.350000,-124.600000,0.000000,top
"Q1799","2N7002W","SOT-323_SC-70",211.950000,-79.800000,0.000000,top
"Q1800","2N7002W","SOT-323_SC-70",174.950000,-124.600000,0.000000,top
"Q1801","2N7002W","SOT-323_SC-70",171.250000,-121.800000,0.000000,top
"Q1802","2N7002W","SOT-323_SC-70",223.050000,-247.799999,0.000000,top
"Q1803","2N7002W","SOT-323_SC-70",219.350000,-250.600000,0.000000,top
"Q1804","2N7002W","SOT-323_SC-70",71.350000,-191.799999,0.000000,top
"Q1805","2N7002W","SOT-323_SC-70",126.850000,-256.200000,0.000000,top
"Q1806","2N7002W","SOT-323_SC-70",123.150000,-253.399999,0.000000,top
"Q1807","2N7002W","SOT-323_SC-70",252.650000,-96.600000,0.000000,top
"Q1808","2N7002W","SOT-323_SC-70",93.550000,-194.600000,0.000000,top
"Q1809","2N7002W","SOT-323_SC-70",93.550000,-197.399999,0.000000,top
"Q1810","2N7002W","SOT-323_SC-70",93.550000,-205.799999,0.000000,top
"Q1811","2N7002W","SOT-323_SC-70",93.550000,-211.399999,0.000000,top
"Q1812","2N7002W","SOT-323_SC-70",93.550000,-217.000000,0.000000,top
"Q1813","2N7002W","SOT-323_SC-70",93.550000,-219.799999,0.000000,top
"Q1814","2N7002W","SOT-323_SC-70",93.550000,-231.000000,0.000000,top
"Q1815","2N7002W","SOT-323_SC-70",93.550000,-233.799999,0.000000,top
"Q1816","2N7002W","SOT-323_SC-70",93.550000,-242.200000,0.000000,top
"Q1817","2N7002W","SOT-323_SC-70",93.550000,-244.999999,0.000000,top
"Q1818","2N7002W","SOT-323_SC-70",93.550000,-253.399999,0.000000,top
"Q1819","2N7002W","SOT-323_SC-70",93.550000,-256.200000,0.000000,top
"Q1820","2N7002W","SOT-323_SC-70",97.250000,-267.399999,0.000000,top
"Q1821","2N7002W","SOT-323_SC-70",93.550000,-264.600000,0.000000,top
"Q1822","2N7002W","SOT-323_SC-70",174.950000,-244.999999,0.000000,top
"Q1823","2N7002W","SOT-323_SC-70",171.250000,-242.200000,0.000000,top
"Q1824","2N7002W","SOT-323_SC-70",52.850000,-85.399999,0.000000,top
"Q1825","2N7002W","SOT-323_SC-70",56.550000,-208.600000,0.000000,top
"Q1826","2N7002W","SOT-323_SC-70",56.550000,-217.000000,0.000000,top
"Q1827","2N7002W","SOT-323_SC-70",141.650000,-208.600000,0.000000,top
"Q1828","2N7002W","SOT-323_SC-70",141.650000,-211.399999,0.000000,top
"Q1829","2N7002W","SOT-323_SC-70",145.350000,-211.399999,0.000000,top
"Q1830","2N7002W","SOT-323_SC-70",208.250000,-278.599999,0.000000,top
"Q1831","2N7002W","SOT-323_SC-70",19.550000,-88.199999,0.000000,top
"Q1832","2N7002W","SOT-323_SC-70",15.850000,-85.399999,0.000000,top
"Q1833","2N7002W","SOT-323_SC-70",115.750000,-275.800000,0.000000,top
"Q1834","2N7002W","SOT-323_SC-70",115.750000,-278.599999,0.000000,top
"Q1835","2N7002W","SOT-323_SC-70",171.250000,-138.600000,0.000000,top
"Q1836","2N7002W","SOT-323_SC-70",100.950000,-183.399999,0.000000,top
"Q1837","2N7002W","SOT-323_SC-70",100.950000,-189.000000,0.000000,top
"Q1838","2N7002W","SOT-323_SC-70",52.850000,-99.399999,0.000000,top
"Q1839","2N7002W","SOT-323_SC-70",200.850000,-158.200000,0.000000,top
"Q1840","2N7002W","SOT-323_SC-70",226.750000,-225.399999,0.000000,top
"Q1841","2N7002W","SOT-323_SC-70",145.350000,-99.399999,0.000000,top
"Q1842","2N7002W","SOT-323_SC-70",163.850000,-99.399999,0.000000,top
"Q1843","2N7002W","SOT-323_SC-70",119.450000,-273.000000,0.000000,top
"Q1844","2N7002W","SOT-323_SC-70",115.750000,-225.399999,0.000000,top
"Q1845","2N7002W","SOT-323_SC-70",60.250000,-244.999999,0.000000,top
"Q1846","2N7002W","SOT-323_SC-70",63.950000,-244.999999,0.000000,top
"Q1847","2N7002W","SOT-323_SC-70",223.050000,-219.799999,0.000000,top
"Q1848","2N7002W","SOT-323_SC-70",219.350000,-219.799999,0.000000,top
"Q1849","2N7002W","SOT-323_SC-70",171.250000,-107.800000,0.000000,top
"Q1850","2N7002W","SOT-323_SC-70",230.450000,-267.399999,0.000000,top
"Q1851","2N7002W","SOT-323_SC-70",197.150000,-155.399999,0.000000,top
"Q1852","2N7002W","SOT-323_SC-70",45.450000,-105.000000,0.000000,top
"Q1853","2N7002W","SOT-323_SC-70",41.750000,-102.199999,0.000000,top
"Q1854","2N7002W","SOT-323_SC-70",52.850000,-259.000000,0.000000,top
"Q1855","2N7002W","SOT-323_SC-70",49.150000,-256.200000,0.000000,top
"Q1856","2N7002W","SOT-323_SC-70",126.850000,-99.399999,0.000000,top
"Q1857","2N7002W","SOT-323_SC-70",189.750000,-99.399999,0.000000,top
"Q1858","2N7002W","SOT-323_SC-70",186.050000,-96.600000,0.000000,top
"Q1859","2N7002W","SOT-323_SC-70",126.850000,-197.399999,0.000000,top
"Q1860","2N7002W","SOT-323_SC-70",123.150000,-194.600000,0.000000,top
"Q1861","2N7002W","SOT-323_SC-70",49.150000,-222.600000,0.000000,top
"Q1862","2N7002W","SOT-323_SC-70",52.850000,-219.799999,0.000000,top
"Q1863","2N7002W","SOT-323_SC-70",252.650000,-121.800000,0.000000,top
"Q1864","2N7002W","SOT-323_SC-70",82.450000,-26.600000,0.000000,top
"Q1865","2N7002W","SOT-323_SC-70",271.150000,-77.000000,0.000000,top
"Q1866","2N7002W","SOT-323_SC-70",252.650000,-172.200000,0.000000,top
"Q1867","2N7002W","SOT-323_SC-70",223.050000,-197.399999,0.000000,top
"Q1868","2N7002W","SOT-323_SC-70",219.350000,-203.000000,0.000000,top
"Q1869","2N7002W","SOT-323_SC-70",152.750000,-166.600000,0.000000,top
"Q1870","2N7002W","SOT-323_SC-70",149.050000,-166.600000,0.000000,top
"Q1871","2N7002W","SOT-323_SC-70",241.550000,-147.000000,0.000000,top
"Q1872","2N7002W","SOT-323_SC-70",248.950000,-147.000000,0.000000,top
"Q1873","2N7002W","SOT-323_SC-70",86.150000,-222.600000,0.000000,top
"Q1874","2N7002W","SOT-323_SC-70",86.150000,-228.200000,0.000000,top
"Q1875","2N7002W","SOT-323_SC-70",93.550000,-177.799999,0.000000,top
"Q1876","2N7002W","SOT-323_SC-70",67.650000,-219.799999,0.000000,top
"Q1877","2N7002W","SOT-323_SC-70",60.250000,-205.799999,0.000000,top
"Q1878","2N7002W","SOT-323_SC-70",56.550000,-200.200000,0.000000,top
"Q1879","2N7002W","SOT-323_SC-70",204.550000,-96.600000,0.000000,top
"Q1880","2N7002W","SOT-323_SC-70",204.550000,-99.399999,0.000000,top
"Q1881","2N7002W","SOT-323_SC-70",108.350000,-91.000000,0.000000,top
"Q1882","2N7002W","SOT-323_SC-70",104.650000,-88.199999,0.000000,top
"Q1883","2N7002W","SOT-323_SC-70",256.350000,-158.200000,0.000000,top
"Q1884","2N7002W","SOT-323_SC-70",167.550000,-79.800000,0.000000,top
"Q1885","2N7002W","SOT-323_SC-70",86.150000,-231.000000,0.000000,top
"Q1886","2N7002W","SOT-323_SC-70",86.150000,-233.799999,0.000000,top
"Q1887","2N7002W","SOT-323_SC-70",89.850000,-239.399999,0.000000,top
"Q1888","2N7002W","SOT-323_SC-70",189.750000,-96.600000,0.000000,top
"Q1889","2N7002W","SOT-323_SC-70",67.650000,-186.200000,0.000000,top
"Q1890","2N7002W","SOT-323_SC-70",108.350000,-163.799999,0.000000,top
"Q1891","2N7002W","SOT-323_SC-70",219.350000,-155.399999,0.000000,top
"Q1892","2N7002W","SOT-323_SC-70",215.650000,-152.600000,0.000000,top
"Q1893","2N7002W","SOT-323_SC-70",30.650000,-74.199999,0.000000,top
"Q1894","2N7002W","SOT-323_SC-70",26.950000,-71.400000,0.000000,top
"Q1895","2N7002W","SOT-323_SC-70",226.750000,-253.399999,0.000000,top
"Q1896","2N7002W","SOT-323_SC-70",215.650000,-250.600000,0.000000,top
"Q1897","2N7002W","SOT-323_SC-70",174.950000,-200.200000,0.000000,top
"Q1898","2N7002W","SOT-323_SC-70",193.450000,-79.800000,0.000000,top
"Q1899","2N7002W","SOT-323_SC-70",115.750000,-203.000000,0.000000,top
"Q1900","2N7002W","SOT-323_SC-70",112.050000,-267.399999,0.000000,top
"Q1901","2N7002W","SOT-323_SC-70",93.550000,-166.600000,0.000000,top
"Q1902","2N7002W","SOT-323_SC-70",178.650000,-270.200000,0.000000,top
"Q1903","2N7002W","SOT-323_SC-70",267.450000,-163.799999,0.000000,top
"Q1904","2N7002W","SOT-323_SC-70",112.050000,-124.600000,0.000000,top
"Q1905","2N7002W","SOT-323_SC-70",197.150000,-121.800000,0.000000,top
"Q1906","2N7002W","SOT-323_SC-70",112.050000,-119.000000,0.000000,top
"Q1907","2N7002W","SOT-323_SC-70",97.250000,-163.799999,0.000000,top
"Q1908","2N7002W","SOT-323_SC-70",97.250000,-82.600000,0.000000,top
"Q1909","2N7002W","SOT-323_SC-70",93.550000,-85.399999,0.000000,top
"Q1910","2N7002W","SOT-323_SC-70",141.650000,-147.000000,0.000000,top
"Q1911","2N7002W","SOT-323_SC-70",256.350000,-169.399999,0.000000,top
"Q1912","2N7002W","SOT-323_SC-70",130.550000,-85.399999,0.000000,top
"Q1913","2N7002W","SOT-323_SC-70",149.050000,-175.000000,0.000000,top
"Q1914","2N7002W","SOT-323_SC-70",156.450000,-175.000000,0.000000,top
"Q1915","2N7002W","SOT-323_SC-70",208.250000,-256.200000,0.000000,top
"Q1916","2N7002W","SOT-323_SC-70",204.550000,-253.399999,0.000000,top
"Q1917","2N7002W","SOT-323_SC-70",208.250000,-244.999999,0.000000,top
"Q1918","2N7002W","SOT-323_SC-70",204.550000,-244.999999,0.000000,top
"Q1919","2N7002W","SOT-323_SC-70",152.750000,-161.000000,0.000000,top
"Q1920","2N7002W","SOT-323_SC-70",149.050000,-158.200000,0.000000,top
"Q1921","2N7002W","SOT-323_SC-70",245.250000,-233.799999,0.000000,top
"Q1922","2N7002W","SOT-323_SC-70",67.650000,-231.000000,0.000000,top
"Q1923","2N7002W","SOT-323_SC-70",215.650000,-161.000000,0.000000,top
"Q1924","2N7002W","SOT-323_SC-70",67.650000,-158.200000,0.000000,top
"Q1925","2N7002W","SOT-323_SC-70",71.350000,-158.200000,0.000000,top
"Q1926","2N7002W","SOT-323_SC-70",56.550000,-270.200000,0.000000,top
"Q1927","2N7002W","SOT-323_SC-70",52.850000,-267.399999,0.000000,top
"Q1928","2N7002W","SOT-323_SC-70",89.850000,-169.399999,0.000000,top
"Q1929","2N7002W","SOT-323_SC-70",86.150000,-172.200000,0.000000,top
"Q1930","2N7002W","SOT-323_SC-70",41.750000,-85.399999,0.000000,top
"Q1931","2N7002W","SOT-323_SC-70",41.750000,-88.199999,0.000000,top
"Q1932","2N7002W","SOT-323_SC-70",211.950000,-247.799999,0.000000,top
"Q1933","2N7002W","SOT-323_SC-70",112.050000,-158.200000,0.000000,top
"Q1934","2N7002W","SOT-323_SC-70",112.050000,-161.000000,0.000000,top
"Q1935","2N7002W","SOT-323_SC-70",67.650000,-88.199999,0.000000,top
"Q1936","2N7002W","SOT-323_SC-70",189.750000,-135.800000,0.000000,top
"Q1937","2N7002W","SOT-323_SC-70",208.250000,-116.199999,0.000000,top
"Q1938","2N7002W","SOT-323_SC-70",226.750000,-127.399999,0.000000,top
"Q1939","2N7002W","SOT-323_SC-70",223.050000,-133.000000,0.000000,top
"Q1940","2N7002W","SOT-323_SC-70",141.650000,-289.799999,0.000000,top
"Q1941","2N7002W","SOT-323_SC-70",141.650000,-292.599999,0.000000,top
"Q1942","2N7002W","SOT-323_SC-70",115.750000,-163.799999,0.000000,top
"Q1943","2N7002W","SOT-323_SC-70",75.050000,-169.399999,0.000000,top
"Q1944","2N7002W","SOT-323_SC-70",75.050000,-172.200000,0.000000,top
"Q1945","2N7002W","SOT-323_SC-70",178.650000,-105.000000,0.000000,top
"Q1946","2N7002W","SOT-323_SC-70",160.150000,-289.799999,0.000000,top
"Q1947","2N7002W","SOT-323_SC-70",86.150000,-152.600000,0.000000,top
"Q1948","2N7002W","SOT-323_SC-70",182.350000,-152.600000,0.000000,top
"Q1949","2N7002W","SOT-323_SC-70",178.650000,-149.799999,0.000000,top
"Q1950","2N7002W","SOT-323_SC-70",189.750000,-155.399999,0.000000,top
"Q1951","2N7002W","SOT-323_SC-70",186.050000,-155.399999,0.000000,top
"Q1952","2N7002W","SOT-323_SC-70",252.650000,-43.400000,0.000000,top
"Q1953","2N7002W","SOT-323_SC-70",260.050000,-43.400000,0.000000,top
"Q1954","2N7002W","SOT-323_SC-70",182.350000,-292.599999,0.000000,top
"Q1955","2N7002W","SOT-323_SC-70",186.050000,-292.599999,0.000000,top
"Q1956","2N7002W","SOT-323_SC-70",152.750000,-91.000000,0.000000,top
"Q1957","2N7002W","SOT-323_SC-70",189.750000,-26.600000,0.000000,top
"Q1958","2N7002W","SOT-323_SC-70",119.450000,-217.000000,0.000000,top
"Q1959","2N7002W","SOT-323_SC-70",97.250000,-200.200000,0.000000,top
"Q1960","2N7002W","SOT-323_SC-70",245.250000,-189.000000,0.000000,top
"Q1961","2N7002W","SOT-323_SC-70",160.150000,-166.600000,0.000000,top
"Q1962","2N7002W","SOT-323_SC-70",49.150000,-85.399999,0.000000,top
"Q1963","2N7002W","SOT-323_SC-70",78.750000,-135.800000,0.000000,top
"Q1964","2N7002W","SOT-323_SC-70",75.050000,-133.000000,0.000000,top
"Q1965","2N7002W","SOT-323_SC-70",149.050000,-183.399999,0.000000,top
"Q1966","2N7002W","SOT-323_SC-70",145.350000,-79.800000,0.000000,top
"Q1967","2N7002W","SOT-323_SC-70",52.850000,-205.799999,0.000000,top
"Q1968","2N7002W","SOT-323_SC-70",49.150000,-203.000000,0.000000,top
"Q1969","2N7002W","SOT-323_SC-70",245.250000,-119.000000,0.000000,top
"Q1970","2N7002W","SOT-323_SC-70",75.050000,-242.200000,0.000000,top
"Q1971","2N7002W","SOT-323_SC-70",78.750000,-242.200000,0.000000,top
"Q1972","2N7002W","SOT-323_SC-70",71.350000,-231.000000,0.000000,top
"Q1973","2N7002W","SOT-323_SC-70",75.050000,-231.000000,0.000000,top
"Q1974","2N7002W","SOT-323_SC-70",75.050000,-217.000000,0.000000,top
"Q1975","2N7002W","SOT-323_SC-70",63.950000,-219.799999,0.000000,top
"Q1976","2N7002W","SOT-323_SC-70",71.350000,-208.600000,0.000000,top
"Q1977","2N7002W","SOT-323_SC-70",71.350000,-205.799999,0.000000,top
"Q1978","2N7002W","SOT-323_SC-70",115.750000,-102.199999,0.000000,top
"Q1979","2N7002W","SOT-323_SC-70",208.250000,-124.600000,0.000000,top
"Q1980","2N7002W","SOT-323_SC-70",78.750000,-264.600000,0.000000,top
"Q1981","2N7002W","SOT-323_SC-70",78.750000,-267.399999,0.000000,top
"Q1982","2N7002W","SOT-323_SC-70",123.150000,-107.800000,0.000000,top
"Q1983","2N7002W","SOT-323_SC-70",52.850000,-200.200000,0.000000,top
"Q1984","2N7002W","SOT-323_SC-70",145.350000,-127.399999,0.000000,top
"Q1985","2N7002W","SOT-323_SC-70",145.350000,-133.000000,0.000000,top
"Q1986","2N7002W","SOT-323_SC-70",167.550000,-222.600000,0.000000,top
"Q1987","2N7002W","SOT-323_SC-70",223.050000,-105.000000,0.000000,top
"Q1988","2N7002W","SOT-323_SC-70",219.350000,-102.199999,0.000000,top
"Q1989","2N7002W","SOT-323_SC-70",223.050000,-102.199999,0.000000,top
"Q1990","2N7002W","SOT-323_SC-70",219.350000,-99.399999,0.000000,top
"Q1991","2N7002W","SOT-323_SC-70",226.750000,-133.000000,0.000000,top
"Q1992","2N7002W","SOT-323_SC-70",223.050000,-130.199999,0.000000,top
"Q1993","2N7002W","SOT-323_SC-70",219.350000,-267.399999,0.000000,top
"Q1994","2N7002W","SOT-323_SC-70",178.650000,-138.600000,0.000000,top
"Q1995","2N7002W","SOT-323_SC-70",75.050000,-205.799999,0.000000,top
"Q1996","2N7002W","SOT-323_SC-70",178.650000,-161.000000,0.000000,top
"Q1997","2N7002W","SOT-323_SC-70",174.950000,-158.200000,0.000000,top
"Q1998","2N7002W","SOT-323_SC-70",174.950000,-161.000000,0.000000,top
"Q1999","2N7002W","SOT-323_SC-70",174.950000,-163.799999,0.000000,top
"Q2000","2N7002W","SOT-323_SC-70",197.150000,-79.800000,0.000000,top
"Q2001","2N7002W","SOT-323_SC-70",119.450000,-186.200000,0.000000,top
"Q2002","2N7002W","SOT-323_SC-70",241.550000,-110.600000,0.000000,top
"Q2003","2N7002W","SOT-323_SC-70",145.350000,-169.399999,0.000000,top
"Q2004","2N7002W","SOT-323_SC-70",145.350000,-172.200000,0.000000,top
"Q2005","2N7002W","SOT-323_SC-70",174.950000,-127.399999,0.000000,top
"Q2006","2N7002W","SOT-323_SC-70",141.650000,-169.399999,0.000000,top
"Q2007","2N7002W","SOT-323_SC-70",141.650000,-172.200000,0.000000,top
"Q2008","2N7002W","SOT-323_SC-70",171.250000,-208.600000,0.000000,top
"Q2009","2N7002W","SOT-323_SC-70",167.550000,-205.799999,0.000000,top
"Q2010","2N7002W","SOT-323_SC-70",167.550000,-208.600000,0.000000,top
"Q2011","2N7002W","SOT-323_SC-70",211.950000,-259.000000,0.000000,top
"Q2012","2N7002W","SOT-323_SC-70",215.650000,-253.399999,0.000000,top
"Q2013","2N7002W","SOT-323_SC-70",234.150000,-149.799999,0.000000,top
"Q2014","2N7002W","SOT-323_SC-70",230.450000,-147.000000,0.000000,top
"Q2015","2N7002W","SOT-323_SC-70",200.850000,-116.199999,0.000000,top
"Q2016","2N7002W","SOT-323_SC-70",123.150000,-96.600000,0.000000,top
"Q2017","2N7002W","SOT-323_SC-70",230.450000,-88.199999,0.000000,top
"Q2018","2N7002W","SOT-323_SC-70",245.250000,-264.600000,0.000000,top
"Q2019","2N7002W","SOT-323_SC-70",63.950000,-99.399999,0.000000,top
"Q2020","2N7002W","SOT-323_SC-70",211.950000,-214.200000,0.000000,top
"Q2021","2N7002W","SOT-323_SC-70",23.250000,-74.199999,0.000000,top
"Q2022","2N7002W","SOT-323_SC-70",141.650000,-259.000000,0.000000,top
"Q2023","2N7002W","SOT-323_SC-70",130.550000,-217.000000,0.000000,top
"Q2024","2N7002W","SOT-323_SC-70",130.550000,-222.600000,0.000000,top
"Q2025","2N7002W","SOT-323_SC-70",130.550000,-225.399999,0.000000,top
"Q2026","2N7002W","SOT-323_SC-70",126.850000,-161.000000,0.000000,top
"Q2027","2N7002W","SOT-323_SC-70",123.150000,-158.200000,0.000000,top
"Q2028","2N7002W","SOT-323_SC-70",123.150000,-161.000000,0.000000,top
"Q2029","2N7002W","SOT-323_SC-70",126.850000,-158.200000,0.000000,top
"Q2030","2N7002W","SOT-323_SC-70",189.750000,-197.399999,0.000000,top
"Q2031","2N7002W","SOT-323_SC-70",186.050000,-194.600000,0.000000,top
"Q2032","2N7002W","SOT-323_SC-70",108.350000,-261.799999,0.000000,top
"Q2033","2N7002W","SOT-323_SC-70",226.750000,-270.200000,0.000000,top
"Q2034","2N7002W","SOT-323_SC-70",219.350000,-273.000000,0.000000,top
"Q2035","2N7002W","SOT-323_SC-70",137.950000,-219.799999,0.000000,top
"Q2036","2N7002W","SOT-323_SC-70",52.850000,-169.399999,0.000000,top
"Q2037","2N7002W","SOT-323_SC-70",52.850000,-172.200000,0.000000,top
"Q2038","2N7002W","SOT-323_SC-70",182.350000,-270.200000,0.000000,top
"Q2039","2N7002W","SOT-323_SC-70",182.350000,-273.000000,0.000000,top
"Q2040","2N7002W","SOT-323_SC-70",75.050000,-177.799999,0.000000,top
"Q2041","2N7002W","SOT-323_SC-70",93.550000,-79.800000,0.000000,top
"Q2042","2N7002W","SOT-323_SC-70",60.250000,-250.600000,0.000000,top
"Q2043","2N7002W","SOT-323_SC-70",60.250000,-253.399999,0.000000,top
"Q2044","2N7002W","SOT-323_SC-70",226.750000,-166.600000,0.000000,top
"Q2045","2N7002W","SOT-323_SC-70",182.350000,-177.799999,0.000000,top
"Q2046","2N7002W","SOT-323_SC-70",56.550000,-273.000000,0.000000,top
"Q2047","2N7002W","SOT-323_SC-70",56.550000,-275.800000,0.000000,top
"Q2048","2N7002W","SOT-323_SC-70",119.450000,-236.600000,0.000000,top
"Q2049","2N7002W","SOT-323_SC-70",256.350000,-110.600000,0.000000,top
"Q2050","2N7002W","SOT-323_SC-70",230.450000,-233.799999,0.000000,top
"Q2051","2N7002W","SOT-323_SC-70",189.750000,-250.600000,0.000000,top
"Q2052","2N7002W","SOT-323_SC-70",186.050000,-247.799999,0.000000,top
"Q2053","2N7002W","SOT-323_SC-70",186.050000,-256.200000,0.000000,top
"Q2054","2N7002W","SOT-323_SC-70",182.350000,-253.399999,0.000000,top
"Q2055","2N7002W","SOT-323_SC-70",186.050000,-261.799999,0.000000,top
"Q2056","2N7002W","SOT-323_SC-70",67.650000,-110.600000,0.000000,top
"Q2057","2N7002W","SOT-323_SC-70",63.950000,-110.600000,0.000000,top
"Q2058","2N7002W","SOT-323_SC-70",41.750000,-93.800000,0.000000,top
"Q2059","2N7002W","SOT-323_SC-70",256.350000,-295.400000,0.000000,top
"Q2060","2N7002W","SOT-323_SC-70",215.650000,-133.000000,0.000000,top
"Q2061","2N7002W","SOT-323_SC-70",211.950000,-130.199999,0.000000,top
"Q2062","2N7002W","SOT-323_SC-70",97.250000,-242.200000,0.000000,top
"Q2063","2N7002W","SOT-323_SC-70",26.950000,-77.000000,0.000000,top
"Q2064","2N7002W","SOT-323_SC-70",123.150000,-225.399999,0.000000,top
"Q2065","2N7002W","SOT-323_SC-70",163.850000,-130.199999,0.000000,top
"Q2066","2N7002W","SOT-323_SC-70",160.150000,-127.399999,0.000000,top
"Q2067","2N7002W","SOT-323_SC-70",167.550000,-88.199999,0.000000,top
"Q2068","2N7002W","SOT-323_SC-70",167.550000,-91.000000,0.000000,top
"Q2069","2N7002W","SOT-323_SC-70",34.350000,-49.000000,0.000000,top
"Q2070","2N7002W","SOT-323_SC-70",41.750000,-49.000000,0.000000,top
"Q2071","2N7002W","SOT-323_SC-70",45.450000,-46.199999,0.000000,top
"Q2072","2N7002W","SOT-323_SC-70",78.750000,-49.000000,0.000000,top
"Q2073","2N7002W","SOT-323_SC-70",82.450000,-49.000000,0.000000,top
"Q2074","2N7002W","SOT-323_SC-70",86.150000,-49.000000,0.000000,top
"Q2075","2N7002W","SOT-323_SC-70",89.850000,-49.000000,0.000000,top
"Q2076","2N7002W","SOT-323_SC-70",97.250000,-49.000000,0.000000,top
"Q2077","2N7002W","SOT-323_SC-70",108.350000,-49.000000,0.000000,top
"Q2078","2N7002W","SOT-323_SC-70",123.150000,-46.199999,0.000000,top
"Q2079","2N7002W","SOT-323_SC-70",152.750000,-49.000000,0.000000,top
"Q2080","2N7002W","SOT-323_SC-70",156.450000,-49.000000,0.000000,top
"Q2081","2N7002W","SOT-323_SC-70",160.150000,-49.000000,0.000000,top
"Q2082","2N7002W","SOT-323_SC-70",160.150000,-46.199999,0.000000,top
"Q2083","2N7002W","SOT-323_SC-70",163.850000,-49.000000,0.000000,top
"Q2084","2N7002W","SOT-323_SC-70",167.550000,-49.000000,0.000000,top
"Q2085","2N7002W","SOT-323_SC-70",193.450000,-49.000000,0.000000,top
"Q2086","2N7002W","SOT-323_SC-70",197.150000,-49.000000,0.000000,top
"Q2087","2N7002W","SOT-323_SC-70",204.550000,-49.000000,0.000000,top
"Q2088","2N7002W","SOT-323_SC-70",237.850000,-49.000000,0.000000,top
"Q2089","2N7002W","SOT-323_SC-70",23.250000,-57.400000,0.000000,top
"Q2090","2N7002W","SOT-323_SC-70",19.550000,-54.599999,0.000000,top
"Q2091","2N7002W","SOT-323_SC-70",41.750000,-77.000000,0.000000,top
"Q2092","2N7002W","SOT-323_SC-70",130.550000,-130.199999,0.000000,top
"Q2093","2N7002W","SOT-323_SC-70",211.950000,-96.600000,0.000000,top
"Q2094","2N7002W","SOT-323_SC-70",208.250000,-96.600000,0.000000,top
"Q2095","2N7002W","SOT-323_SC-70",97.250000,-147.000000,0.000000,top
"Q2096","2N7002W","SOT-323_SC-70",97.250000,-149.799999,0.000000,top
"Q2097","2N7002W","SOT-323_SC-70",56.550000,-264.600000,0.000000,top
"Q2098","2N7002W","SOT-323_SC-70",260.050000,-37.800000,0.000000,top
"Q2099","2N7002W","SOT-323_SC-70",260.050000,-40.599999,0.000000,top
"Q2100","2N7002W","SOT-323_SC-70",245.250000,-46.199999,0.000000,top
"Q2101","2N7002W","SOT-323_SC-70",263.750000,-46.199999,0.000000,top
"Q2102","2N7002W","SOT-323_SC-70",267.450000,-40.599999,0.000000,top
"Q2103","2N7002W","SOT-323_SC-70",267.450000,-49.000000,0.000000,top
"Q2104","2N7002W","SOT-323_SC-70",256.350000,-40.599999,0.000000,top
"Q2105","2N7002W","SOT-323_SC-70",171.250000,-119.000000,0.000000,top
"Q2106","2N7002W","SOT-323_SC-70",167.550000,-116.199999,0.000000,top
"Q2107","2N7002W","SOT-323_SC-70",241.550000,-124.600000,0.000000,top
"Q2108","2N7002W","SOT-323_SC-70",208.250000,-259.000000,0.000000,top
"Q2109","2N7002W","SOT-323_SC-70",171.250000,-85.399999,0.000000,top
"Q2110","2N7002W","SOT-323_SC-70",30.650000,-88.199999,0.000000,top
"Q2111","2N7002W","SOT-323_SC-70",30.650000,-91.000000,0.000000,top
"Q2112","2N7002W","SOT-323_SC-70",271.150000,-110.600000,0.000000,top
"Q2113","2N7002W","SOT-323_SC-70",89.850000,-208.600000,0.000000,top
"Q2114","2N7002W","SOT-323_SC-70",86.150000,-205.799999,0.000000,top
"Q2115","2N7002W","SOT-323_SC-70",89.850000,-214.200000,0.000000,top
"Q2116","2N7002W","SOT-323_SC-70",141.650000,-191.799999,0.000000,top
"Q2117","2N7002W","SOT-323_SC-70",145.350000,-191.799999,0.000000,top
"Q2118","2N7002W","SOT-323_SC-70",141.650000,-194.600000,0.000000,top
"Q2119","2N7002W","SOT-323_SC-70",145.350000,-200.200000,0.000000,top
"Q2120","2N7002W","SOT-323_SC-70",145.350000,-205.799999,0.000000,top
"Q2121","2N7002W","SOT-323_SC-70",149.050000,-205.799999,0.000000,top
"Q2122","2N7002W","SOT-323_SC-70",145.350000,-217.000000,0.000000,top
"Q2123","2N7002W","SOT-323_SC-70",149.050000,-217.000000,0.000000,top
"Q2124","2N7002W","SOT-323_SC-70",141.650000,-231.000000,0.000000,top
"Q2125","2N7002W","SOT-323_SC-70",141.650000,-236.600000,0.000000,top
"Q2126","2N7002W","SOT-323_SC-70",145.350000,-247.799999,0.000000,top
"Q2127","2N7002W","SOT-323_SC-70",149.050000,-242.200000,0.000000,top
"Q2128","2N7002W","SOT-323_SC-70",141.650000,-253.399999,0.000000,top
"Q2129","2N7002W","SOT-323_SC-70",141.650000,-256.200000,0.000000,top
"Q2130","2N7002W","SOT-323_SC-70",145.350000,-264.600000,0.000000,top
"Q2131","2N7002W","SOT-323_SC-70",149.050000,-264.600000,0.000000,top
"Q2132","2N7002W","SOT-323_SC-70",230.450000,-169.399999,0.000000,top
"Q2133","2N7002W","SOT-323_SC-70",234.150000,-175.000000,0.000000,top
"Q2134","2N7002W","SOT-323_SC-70",178.650000,-135.800000,0.000000,top
"Q2135","2N7002W","SOT-323_SC-70",152.750000,-189.000000,0.000000,top
"Q2136","2N7002W","SOT-323_SC-70",149.050000,-191.799999,0.000000,top
"Q2137","2N7002W","SOT-323_SC-70",152.750000,-203.000000,0.000000,top
"Q2138","2N7002W","SOT-323_SC-70",149.050000,-203.000000,0.000000,top
"Q2139","2N7002W","SOT-323_SC-70",152.750000,-214.200000,0.000000,top
"Q2140","2N7002W","SOT-323_SC-70",152.750000,-211.399999,0.000000,top
"Q2141","2N7002W","SOT-323_SC-70",152.750000,-225.399999,0.000000,top
"Q2142","2N7002W","SOT-323_SC-70",149.050000,-225.399999,0.000000,top
"Q2143","2N7002W","SOT-323_SC-70",152.750000,-239.399999,0.000000,top
"Q2144","2N7002W","SOT-323_SC-70",149.050000,-236.600000,0.000000,top
"Q2145","2N7002W","SOT-323_SC-70",152.750000,-250.600000,0.000000,top
"Q2146","2N7002W","SOT-323_SC-70",149.050000,-253.399999,0.000000,top
"Q2147","2N7002W","SOT-323_SC-70",152.750000,-261.799999,0.000000,top
"Q2148","2N7002W","SOT-323_SC-70",152.750000,-259.000000,0.000000,top
"Q2149","2N7002W","SOT-323_SC-70",152.750000,-273.000000,0.000000,top
"Q2150","2N7002W","SOT-323_SC-70",149.050000,-275.800000,0.000000,top
"Q2151","2N7002W","SOT-323_SC-70",211.950000,-99.399999,0.000000,top
"Q2152","2N7002W","SOT-323_SC-70",208.250000,-102.199999,0.000000,top
"Q2153","2N7002W","SOT-323_SC-70",115.750000,-236.600000,0.000000,top
"Q2154","2N7002W","SOT-323_SC-70",208.250000,-158.200000,0.000000,top
"Q2155","2N7002W","SOT-323_SC-70",89.850000,-113.399999,0.000000,top
"Q2156","2N7002W","SOT-323_SC-70",163.850000,-161.000000,0.000000,top
"Q2157","2N7002W","SOT-323_SC-70",160.150000,-158.200000,0.000000,top
"Q2158","2N7002W","SOT-323_SC-70",34.350000,-138.600000,0.000000,top
"Q2159","2N7002W","SOT-323_SC-70",119.450000,-219.799999,0.000000,top
"Q2160","2N7002W","SOT-323_SC-70",115.750000,-217.000000,0.000000,top
"Q2161","2N7002W","SOT-323_SC-70",52.850000,-225.399999,0.000000,top
"Q2162","2N7002W","SOT-323_SC-70",119.450000,-29.400000,0.000000,top
"Q2163","2N7002W","SOT-323_SC-70",60.250000,-91.000000,0.000000,top
"Q2164","2N7002W","SOT-323_SC-70",234.150000,-82.600000,0.000000,top
"Q2165","2N7002W","SOT-323_SC-70",208.250000,-91.000000,0.000000,top
"Q2166","2N7002W","SOT-323_SC-70",215.650000,-259.000000,0.000000,top
"Q2167","2N7002W","SOT-323_SC-70",208.250000,-267.399999,0.000000,top
"Q2168","2N7002W","SOT-323_SC-70",204.550000,-264.600000,0.000000,top
"Q2169","2N7002W","SOT-323_SC-70",267.450000,-155.399999,0.000000,top
"Q2170","2N7002W","SOT-323_SC-70",263.750000,-158.200000,0.000000,top
"Q2171","2N7002W","SOT-323_SC-70",134.250000,-169.399999,0.000000,top
"Q2172","2N7002W","SOT-323_SC-70",134.250000,-172.200000,0.000000,top
"Q2173","2N7002W","SOT-323_SC-70",174.950000,-267.399999,0.000000,top
"Q2174","2N7002W","SOT-323_SC-70",171.250000,-264.600000,0.000000,top
"Q2175","2N7002W","SOT-323_SC-70",271.150000,-147.000000,0.000000,top
"Q2176","2N7002W","SOT-323_SC-70",267.450000,-144.200000,0.000000,top
"Q2177","2N7002W","SOT-323_SC-70",52.850000,-270.200000,0.000000,top
"Q2178","2N7002W","SOT-323_SC-70",49.150000,-267.399999,0.000000,top
"Q2179","2N7002W","SOT-323_SC-70",93.550000,-175.000000,0.000000,top
"Q2180","2N7002W","SOT-323_SC-70",230.450000,-82.600000,0.000000,top
"Q2181","2N7002W","SOT-323_SC-70",23.250000,-77.000000,0.000000,top
"Q2182","2N7002W","SOT-323_SC-70",248.950000,-231.000000,0.000000,top
"Q2183","2N7002W","SOT-323_SC-70",234.150000,-32.200000,0.000000,top
"Q2184","2N7002W","SOT-323_SC-70",104.650000,-264.600000,0.000000,top
"Q2185","2N7002W","SOT-323_SC-70",100.950000,-267.399999,0.000000,top
"Q2186","2N7002W","SOT-323_SC-70",104.650000,-273.000000,0.000000,top
"Q2187","2N7002W","SOT-323_SC-70",263.750000,-93.800000,0.000000,top
"Q2188","2N7002W","SOT-323_SC-70",263.750000,-96.600000,0.000000,top
"Q2189","2N7002W","SOT-323_SC-70",267.450000,-138.600000,0.000000,top
"Q2190","2N7002W","SOT-323_SC-70",78.750000,-273.000000,0.000000,top
"Q2191","2N7002W","SOT-323_SC-70",189.750000,-163.799999,0.000000,top
"Q2192","2N7002W","SOT-323_SC-70",241.550000,-144.200000,0.000000,top
"Q2193","2N7002W","SOT-323_SC-70",245.250000,-144.200000,0.000000,top
"Q2194","2N7002W","SOT-323_SC-70",189.750000,-225.399999,0.000000,top
"Q2195","2N7002W","SOT-323_SC-70",186.050000,-222.600000,0.000000,top
"Q2196","2N7002W","SOT-323_SC-70",160.150000,-214.200000,0.000000,top
"Q2197","2N7002W","SOT-323_SC-70",93.550000,-138.600000,0.000000,top
"Q2198","2N7002W","SOT-323_SC-70",89.850000,-138.600000,0.000000,top
"Q2199","2N7002W","SOT-323_SC-70",15.850000,-91.000000,0.000000,top
"Q2200","2N7002W","SOT-323_SC-70",15.850000,-93.800000,0.000000,top
"Q2201","2N7002W","SOT-323_SC-70",167.550000,-119.000000,0.000000,top
"Q2202","2N7002W","SOT-323_SC-70",223.050000,-93.800000,0.000000,top
"Q2203","2N7002W","SOT-323_SC-70",226.750000,-93.800000,0.000000,top
"Q2204","2N7002W","SOT-323_SC-70",174.950000,-273.000000,0.000000,top
"Q2205","2N7002W","SOT-323_SC-70",156.450000,-144.200000,0.000000,top
"Q2206","2N7002W","SOT-323_SC-70",149.050000,-23.799999,0.000000,top
"Q2207","2N7002W","SOT-323_SC-70",134.250000,-197.399999,0.000000,top
"Q2208","2N7002W","SOT-323_SC-70",237.850000,-141.399999,0.000000,top
"Q2209","2N7002W","SOT-323_SC-70",237.850000,-144.200000,0.000000,top
"Q2210","2N7002W","SOT-323_SC-70",38.050000,-214.200000,0.000000,top
"Q2211","2N7002W","SOT-323_SC-70",112.050000,-91.000000,0.000000,top
"Q2212","2N7002W","SOT-323_SC-70",252.650000,-77.000000,0.000000,top
"Q2213","2N7002W","SOT-323_SC-70",119.450000,-163.799999,0.000000,top
"Q2214","2N7002W","SOT-323_SC-70",63.950000,-124.600000,0.000000,top
"Q2215","2N7002W","SOT-323_SC-70",230.450000,-166.600000,0.000000,top
"Q2216","2N7002W","SOT-323_SC-70",234.150000,-163.799999,0.000000,top
"Q2217","2N7002W","SOT-323_SC-70",189.750000,-244.999999,0.000000,top
"Q2218","2N7002W","SOT-323_SC-70",186.050000,-242.200000,0.000000,top
"Q2219","2N7002W","SOT-323_SC-70",223.050000,-259.000000,0.000000,top
"Q2220","2N7002W","SOT-323_SC-70",223.050000,-261.799999,0.000000,top
"Q2221","2N7002W","SOT-323_SC-70",130.550000,-99.399999,0.000000,top
"Q2222","2N7002W","SOT-323_SC-70",112.050000,-211.399999,0.000000,top
"Q2223","2N7002W","SOT-323_SC-70",189.750000,-284.200000,0.000000,top
"Q2224","2N7002W","SOT-323_SC-70",75.050000,-161.000000,0.000000,top
"Q2225","2N7002W","SOT-323_SC-70",67.650000,-155.399999,0.000000,top
"Q2226","2N7002W","SOT-323_SC-70",223.050000,-161.000000,0.000000,top
"Q2227","2N7002W","SOT-323_SC-70",23.250000,-51.800000,0.000000,top
"Q2228","2N7002W","SOT-323_SC-70",19.550000,-51.800000,0.000000,top
"Q2229","2N7002W","SOT-323_SC-70",156.450000,-23.799999,0.000000,top
"Q2230","2N7002W","SOT-323_SC-70",100.950000,-155.399999,0.000000,top
"Q2231","2N7002W","SOT-323_SC-70",119.450000,-105.000000,0.000000,top
"Q2232","2N7002W","SOT-323_SC-70",56.550000,-228.200000,0.000000,top
"Q2233","2N7002W","SOT-323_SC-70",186.050000,-208.600000,0.000000,top
"Q2234","2N7002W","SOT-323_SC-70",163.850000,-175.000000,0.000000,top
"Q2235","2N7002W","SOT-323_SC-70",156.450000,-116.199999,0.000000,top
"Q2236","2N7002W","SOT-323_SC-70",171.250000,-29.400000,0.000000,top
"Q2237","2N7002W","SOT-323_SC-70",134.250000,-141.399999,0.000000,top
"Q2238","2N7002W","SOT-323_SC-70",171.250000,-239.399999,0.000000,top
"Q2239","2N7002W","SOT-323_SC-70",167.550000,-239.399999,0.000000,top
"Q2240","2N7002W","SOT-323_SC-70",178.650000,-244.999999,0.000000,top
"Q2241","2N7002W","SOT-323_SC-70",174.950000,-242.200000,0.000000,top
"Q2242","2N7002W","SOT-323_SC-70",178.650000,-247.799999,0.000000,top
"Q2243","2N7002W","SOT-323_SC-70",215.650000,-116.199999,0.000000,top
"Q2244","2N7002W","SOT-323_SC-70",93.550000,-169.399999,0.000000,top
"Q2245","2N7002W","SOT-323_SC-70",93.550000,-172.200000,0.000000,top
"Q2246","2N7002W","SOT-323_SC-70",89.850000,-267.399999,0.000000,top
"Q2247","2N7002W","SOT-323_SC-70",89.850000,-270.200000,0.000000,top
"Q2248","2N7002W","SOT-323_SC-70",93.550000,-186.200000,0.000000,top
"Q2249","2N7002W","SOT-323_SC-70",89.850000,-183.399999,0.000000,top
"Q2250","2N7002W","SOT-323_SC-70",145.350000,-228.200000,0.000000,top
"Q2251","2N7002W","SOT-323_SC-70",189.750000,-261.799999,0.000000,top
"Q2252","2N7002W","SOT-323_SC-70",71.350000,-186.200000,0.000000,top
"Q2253","2N7002W","SOT-323_SC-70",67.650000,-183.399999,0.000000,top
"Q2254","2N7002W","SOT-323_SC-70",256.350000,-113.399999,0.000000,top
"Q2255","2N7002W","SOT-323_SC-70",78.750000,-217.000000,0.000000,top
"Q2256","2N7002W","SOT-323_SC-70",256.350000,-68.600000,0.000000,top
"Q2257","2N7002W","SOT-323_SC-70",252.650000,-65.800000,0.000000,top
"Q2258","2N7002W","SOT-323_SC-70",263.750000,-152.600000,0.000000,top
"Q2259","2N7002W","SOT-323_SC-70",263.750000,-155.399999,0.000000,top
"Q2260","2N7002W","SOT-323_SC-70",271.150000,-158.200000,0.000000,top
"Q2261","2N7002W","SOT-323_SC-70",100.950000,-205.799999,0.000000,top
"Q2262","2N7002W","SOT-323_SC-70",104.650000,-208.600000,0.000000,top
"Q2263","2N7002W","SOT-323_SC-70",193.450000,-222.600000,0.000000,top
"Q2264","2N7002W","SOT-323_SC-70",223.050000,-200.200000,0.000000,top
"Q2265","2N7002W","SOT-323_SC-70",219.350000,-205.799999,0.000000,top
"Q2266","2N7002W","SOT-323_SC-70",123.150000,-93.800000,0.000000,top
"Q2267","2N7002W","SOT-323_SC-70",174.950000,-166.600000,0.000000,top
"Q2268","2N7002W","SOT-323_SC-70",171.250000,-177.799999,0.000000,top
"Q2269","2N7002W","SOT-323_SC-70",256.350000,-43.400000,0.000000,top
"Q2270","2N7002W","SOT-323_SC-70",104.650000,-253.399999,0.000000,top
"Q2271","2N7002W","SOT-323_SC-70",112.050000,-253.399999,0.000000,top
"Q2272","2N7002W","SOT-323_SC-70",104.650000,-261.799999,0.000000,top
"Q2273","2N7002W","SOT-323_SC-70",26.950000,-40.599999,0.000000,top
"Q2274","2N7002W","SOT-323_SC-70",93.550000,-93.800000,0.000000,top
"Q2275","2N7002W","SOT-323_SC-70",93.550000,-96.600000,0.000000,top
"Q2276","2N7002W","SOT-323_SC-70",137.950000,-284.200000,0.000000,top
"Q2277","2N7002W","SOT-323_SC-70",115.750000,-133.000000,0.000000,top
"Q2278","2N7002W","SOT-323_SC-70",211.950000,-222.600000,0.000000,top
"Q2279","2N7002W","SOT-323_SC-70",130.550000,-177.799999,0.000000,top
"Q2280","2N7002W","SOT-323_SC-70",197.150000,-267.399999,0.000000,top
"Q2281","2N7002W","SOT-323_SC-70",193.450000,-264.600000,0.000000,top
"Q2282","2N7002W","SOT-323_SC-70",56.550000,-231.000000,0.000000,top
"Q2283","2N7002W","SOT-323_SC-70",60.250000,-231.000000,0.000000,top
"Q2284","2N7002W","SOT-323_SC-70",149.050000,-161.000000,0.000000,top
"Q2285","2N7002W","SOT-323_SC-70",145.350000,-158.200000,0.000000,top
"Q2286","2N7002W","SOT-323_SC-70",167.550000,-32.200000,0.000000,top
"Q2287","2N7002W","SOT-323_SC-70",167.550000,-35.000000,0.000000,top
"Q2288","2N7002W","SOT-323_SC-70",163.850000,-32.200000,0.000000,top
"Q2289","2N7002W","SOT-323_SC-70",93.550000,-82.600000,0.000000,top
"Q2290","2N7002W","SOT-323_SC-70",226.750000,-273.000000,0.000000,top
"Q2291","2N7002W","SOT-323_SC-70",223.050000,-273.000000,0.000000,top
"Q2292","2N7002W","SOT-323_SC-70",112.050000,-149.799999,0.000000,top
"Q2293","2N7002W","SOT-323_SC-70",189.750000,-161.000000,0.000000,top
"Q2294","2N7002W","SOT-323_SC-70",186.050000,-158.200000,0.000000,top
"Q2295","2N7002W","SOT-323_SC-70",223.050000,-124.600000,0.000000,top
"Q2296","2N7002W","SOT-323_SC-70",219.350000,-124.600000,0.000000,top
"Q2297","2N7002W","SOT-323_SC-70",115.750000,-116.199999,0.000000,top
"Q2298","2N7002W","SOT-323_SC-70",134.250000,-217.000000,0.000000,top
"Q2299","2N7002W","SOT-323_SC-70",119.450000,-91.000000,0.000000,top
"Q2300","2N7002W","SOT-323_SC-70",208.250000,-26.600000,0.000000,top
"Q2301","2N7002W","SOT-323_SC-70",38.050000,-261.799999,0.000000,top
"Q2302","2N7002W","SOT-323_SC-70",130.550000,-189.000000,0.000000,top
"Q2303","2N7002W","SOT-323_SC-70",134.250000,-189.000000,0.000000,top
"Q2304","2N7002W","SOT-323_SC-70",97.250000,-247.799999,0.000000,top
"Q2305","2N7002W","SOT-323_SC-70",49.150000,-177.799999,0.000000,top
"Q2306","2N7002W","SOT-323_SC-70",263.750000,-51.800000,0.000000,top
"Q2307","2N7002W","SOT-323_SC-70",267.450000,-51.800000,0.000000,top
"Q2308","2N7002W","SOT-323_SC-70",171.250000,-133.000000,0.000000,top
"Q2309","2N7002W","SOT-323_SC-70",167.550000,-130.199999,0.000000,top
"Q2310","2N7002W","SOT-323_SC-70",186.050000,-116.199999,0.000000,top
"Q2311","2N7002W","SOT-323_SC-70",167.550000,-175.000000,0.000000,top
"Q2312","2N7002W","SOT-323_SC-70",167.550000,-270.200000,0.000000,top
"Q2313","2N7002W","SOT-323_SC-70",167.550000,-102.199999,0.000000,top
"Q2314","2N7002W","SOT-323_SC-70",252.650000,-158.200000,0.000000,top
"Q2315","2N7002W","SOT-323_SC-70",200.850000,-169.399999,0.000000,top
"Q2316","2N7002W","SOT-323_SC-70",200.850000,-175.000000,0.000000,top
"Q2317","2N7002W","SOT-323_SC-70",160.150000,-102.199999,0.000000,top
"Q2318","2N7002W","SOT-323_SC-70",38.050000,-186.200000,0.000000,top
"Q2319","2N7002W","SOT-323_SC-70",86.150000,-141.399999,0.000000,top
"Q2320","2N7002W","SOT-323_SC-70",78.750000,-130.199999,0.000000,top
"Q2321","2N7002W","SOT-323_SC-70",56.550000,-29.400000,0.000000,top
"Q2322","2N7002W","SOT-323_SC-70",137.950000,-261.799999,0.000000,top
"Q2323","2N7002W","SOT-323_SC-70",134.250000,-259.000000,0.000000,top
"Q2324","2N7002W","SOT-323_SC-70",200.850000,-270.200000,0.000000,top
"Q2325","2N7002W","SOT-323_SC-70",163.850000,-163.799999,0.000000,top
"Q2326","2N7002W","SOT-323_SC-70",167.550000,-105.000000,0.000000,top
"Q2327","2N7002W","SOT-323_SC-70",141.650000,-116.199999,0.000000,top
"Q2328","2N7002W","SOT-323_SC-70",119.450000,-161.000000,0.000000,top
"Q2329","2N7002W","SOT-323_SC-70",115.750000,-161.000000,0.000000,top
"Q2330","2N7002W","SOT-323_SC-70",267.450000,-91.000000,0.000000,top
"Q2331","2N7002W","SOT-323_SC-70",267.450000,-93.800000,0.000000,top
"Q2332","2N7002W","SOT-323_SC-70",267.450000,-96.600000,0.000000,top
"Q2333","2N7002W","SOT-323_SC-70",263.750000,-99.399999,0.000000,top
"Q2334","2N7002W","SOT-323_SC-70",215.650000,-228.200000,0.000000,top
"Q2335","2N7002W","SOT-323_SC-70",71.350000,-172.200000,0.000000,top
"Q2336","2N7002W","SOT-323_SC-70",63.950000,-88.199999,0.000000,top
"Q2337","2N7002W","SOT-323_SC-70",204.550000,-110.600000,0.000000,top
"Q2338","2N7002W","SOT-323_SC-70",200.850000,-107.800000,0.000000,top
"Q2339","2N7002W","SOT-323_SC-70",89.850000,-91.000000,0.000000,top
"Q2340","2N7002W","SOT-323_SC-70",89.850000,-96.600000,0.000000,top
"Q2341","2N7002W","SOT-323_SC-70",45.450000,-158.200000,0.000000,top
"Q2342","2N7002W","SOT-323_SC-70",45.450000,-161.000000,0.000000,top
"Q2343","2N7002W","SOT-323_SC-70",115.750000,-270.200000,0.000000,top
"Q2344","2N7002W","SOT-323_SC-70",189.750000,-256.200000,0.000000,top
"Q2345","2N7002W","SOT-323_SC-70",186.050000,-253.399999,0.000000,top
"Q2346","2N7002W","SOT-323_SC-70",174.950000,-91.000000,0.000000,top
"Q2347","2N7002W","SOT-323_SC-70",130.550000,-91.000000,0.000000,top
"Q2348","2N7002W","SOT-323_SC-70",115.750000,-284.200000,0.000000,top
"Q2349","2N7002W","SOT-323_SC-70",119.450000,-289.799999,0.000000,top
"Q2350","2N7002W","SOT-323_SC-70",126.850000,-85.399999,0.000000,top
"Q2351","2N7002W","SOT-323_SC-70",126.850000,-275.800000,0.000000,top
"Q2352","2N7002W","SOT-323_SC-70",123.150000,-273.000000,0.000000,top
"Q2353","2N7002W","SOT-323_SC-70",100.950000,-127.399999,0.000000,top
"Q2354","2N7002W","SOT-323_SC-70",126.850000,-88.199999,0.000000,top
"Q2355","2N7002W","SOT-323_SC-70",82.450000,-292.599999,0.000000,top
"Q2356","2N7002W","SOT-323_SC-70",97.250000,-275.800000,0.000000,top
"Q2357","2N7002W","SOT-323_SC-70",63.950000,-105.000000,0.000000,top
"Q2358","2N7002W","SOT-323_SC-70",230.450000,-175.000000,0.000000,top
"Q2359","2N7002W","SOT-323_SC-70",149.050000,-208.600000,0.000000,top
"Q2360","2N7002W","SOT-323_SC-70",15.850000,-77.000000,0.000000,top
"Q2361","2N7002W","SOT-323_SC-70",171.250000,-102.199999,0.000000,top
"Q2362","2N7002W","SOT-323_SC-70",52.850000,-177.799999,0.000000,top
"Q2363","2N7002W","SOT-323_SC-70",182.350000,-256.200000,0.000000,top
"Q2364","2N7002W","SOT-323_SC-70",178.650000,-253.399999,0.000000,top
"Q2365","2N7002W","SOT-323_SC-70",182.350000,-259.000000,0.000000,top
"Q2366","2N7002W","SOT-323_SC-70",248.950000,-141.399999,0.000000,top
"Q2367","2N7002W","SOT-323_SC-70",245.250000,-138.600000,0.000000,top
"Q2368","2N7002W","SOT-323_SC-70",52.850000,-289.799999,0.000000,top
"Q2369","2N7002W","SOT-323_SC-70",49.150000,-292.599999,0.000000,top
"Q2370","2N7002W","SOT-323_SC-70",263.750000,-147.000000,0.000000,top
"Q2371","2N7002W","SOT-323_SC-70",260.050000,-144.200000,0.000000,top
"Q2372","2N7002W","SOT-323_SC-70",15.850000,-105.000000,0.000000,top
"Q2373","2N7002W","SOT-323_SC-70",49.150000,-141.399999,0.000000,top
"Q2374","2N7002W","SOT-323_SC-70",49.150000,-144.200000,0.000000,top
"Q2375","2N7002W","SOT-323_SC-70",211.950000,-133.000000,0.000000,top
"Q2376","2N7002W","SOT-323_SC-70",19.550000,-91.000000,0.000000,top
"Q2377","2N7002W","SOT-323_SC-70",89.850000,-105.000000,0.000000,top
"Q2378","2N7002W","SOT-323_SC-70",89.850000,-107.800000,0.000000,top
"Q2379","2N7002W","SOT-323_SC-70",156.450000,-147.000000,0.000000,top
"Q2380","2N7002W","SOT-323_SC-70",226.750000,-144.200000,0.000000,top
"Q2381","2N7002W","SOT-323_SC-70",226.750000,-147.000000,0.000000,top
"Q2382","2N7002W","SOT-323_SC-70",149.050000,-239.399999,0.000000,top
"Q2383","2N7002W","SOT-323_SC-70",193.450000,-85.399999,0.000000,top
"Q2384","2N7002W","SOT-323_SC-70",193.450000,-88.199999,0.000000,top
"Q2385","2N7002W","SOT-323_SC-70",186.050000,-163.799999,0.000000,top
"Q2386","2N7002W","SOT-323_SC-70",56.550000,-242.200000,0.000000,top
"Q2387","2N7002W","SOT-323_SC-70",49.150000,-197.399999,0.000000,top
"Q2388","2N7002W","SOT-323_SC-70",45.450000,-194.600000,0.000000,top
"Q2389","2N7002W","SOT-323_SC-70",152.750000,-284.200000,0.000000,top
"Q2390","2N7002W","SOT-323_SC-70",152.750000,-287.000000,0.000000,top
"Q2391","2N7002W","SOT-323_SC-70",145.350000,-287.000000,0.000000,top
"Q2392","2N7002W","SOT-323_SC-70",126.850000,-186.200000,0.000000,top
"Q2393","2N7002W","SOT-323_SC-70",123.150000,-183.399999,0.000000,top
"Q2394","2N7002W","SOT-323_SC-70",112.050000,-191.799999,0.000000,top
"Q2395","2N7002W","SOT-323_SC-70",100.950000,-194.600000,0.000000,top
"Q2396","2N7002W","SOT-323_SC-70",100.950000,-197.399999,0.000000,top
"Q2397","2N7002W","SOT-323_SC-70",63.950000,-93.800000,0.000000,top
"Q2398","2N7002W","SOT-323_SC-70",112.050000,-275.800000,0.000000,top
"Q2399","2N7002W","SOT-323_SC-70",182.350000,-135.800000,0.000000,top
"Q2400","2N7002W","SOT-323_SC-70",23.250000,-289.799999,0.000000,top
"Q2401","2N7002W","SOT-323_SC-70",149.050000,-219.799999,0.000000,top
"Q2402","2N7002W","SOT-323_SC-70",137.950000,-214.200000,0.000000,top
"Q2403","2N7002W","SOT-323_SC-70",141.650000,-225.399999,0.000000,top
"Q2404","2N7002W","SOT-323_SC-70",60.250000,-194.600000,0.000000,top
"Q2405","2N7002W","SOT-323_SC-70",215.650000,-244.999999,0.000000,top
"Q2406","2N7002W","SOT-323_SC-70",211.950000,-244.999999,0.000000,top
"Q2407","2N7002W","SOT-323_SC-70",63.950000,-152.600000,0.000000,top
"Q2408","2N7002W","SOT-323_SC-70",208.250000,-79.800000,0.000000,top
"Q2409","2N7002W","SOT-323_SC-70",252.650000,-107.800000,0.000000,top
"Q2410","2N7002W","SOT-323_SC-70",63.950000,-194.600000,0.000000,top
"Q2411","2N7002W","SOT-323_SC-70",137.950000,-163.799999,0.000000,top
"Q2412","2N7002W","SOT-323_SC-70",115.750000,-261.799999,0.000000,top
"Q2413","2N7002W","SOT-323_SC-70",189.750000,-133.000000,0.000000,top
"Q2414","2N7002W","SOT-323_SC-70",186.050000,-130.199999,0.000000,top
"Q2415","2N7002W","SOT-323_SC-70",108.350000,-105.000000,0.000000,top
"Q2416","2N7002W","SOT-323_SC-70",163.850000,-29.400000,0.000000,top
"Q2417","2N7002W","SOT-323_SC-70",174.950000,-144.200000,0.000000,top
"Q2418","2N7002W","SOT-323_SC-70",171.250000,-141.399999,0.000000,top
"Q2419","2N7002W","SOT-323_SC-70",49.150000,-281.400000,0.000000,top
"Q2420","2N7002W","SOT-323_SC-70",215.650000,-23.799999,0.000000,top
"Q2421","2N7002W","SOT-323_SC-70",126.850000,-91.000000,0.000000,top
"Q2422","2N7002W","SOT-323_SC-70",38.050000,-82.600000,0.000000,top
"Q2423","2N7002W","SOT-323_SC-70",67.650000,-194.600000,0.000000,top
"Q2424","2N7002W","SOT-323_SC-70",71.350000,-194.600000,0.000000,top
"Q2425","2N7002W","SOT-323_SC-70",97.250000,-261.799999,0.000000,top
"Q2426","2N7002W","SOT-323_SC-70",93.550000,-261.799999,0.000000,top
"Q2427","2N7002W","SOT-323_SC-70",248.950000,-172.200000,0.000000,top
"Q2428","2N7002W","SOT-323_SC-70",211.950000,-163.799999,0.000000,top
"Q2429","2N7002W","SOT-323_SC-70",211.950000,-166.600000,0.000000,top
"Q2430","2N7002W","SOT-323_SC-70",271.150000,-124.600000,0.000000,top
"Q2431","2N7002W","SOT-323_SC-70",208.250000,-163.799999,0.000000,top
"Q2432","2N7002W","SOT-323_SC-70",204.550000,-161.000000,0.000000,top
"Q2433","2N7002W","SOT-323_SC-70",204.550000,-163.799999,0.000000,top
"Q2434","2N7002W","SOT-323_SC-70",200.850000,-161.000000,0.000000,top
"Q2435","2N7002W","SOT-323_SC-70",215.650000,-138.600000,0.000000,top
"Q2436","2N7002W","SOT-323_SC-70",211.950000,-144.200000,0.000000,top
"Q2437","2N7002W","SOT-323_SC-70",215.650000,-141.399999,0.000000,top
"Q2438","2N7002W","SOT-323_SC-70",215.650000,-242.200000,0.000000,top
"Q2439","2N7002W","SOT-323_SC-70",215.650000,-247.799999,0.000000,top
"Q2440","2N7002W","SOT-323_SC-70",174.950000,-197.399999,0.000000,top
"Q2441","2N7002W","SOT-323_SC-70",171.250000,-205.799999,0.000000,top
"Q2442","2N7002W","SOT-323_SC-70",174.950000,-205.799999,0.000000,top
"Q2443","2N7002W","SOT-323_SC-70",174.950000,-211.399999,0.000000,top
"Q2444","2N7002W","SOT-323_SC-70",223.050000,-270.200000,0.000000,top
"Q2445","2N7002W","SOT-323_SC-70",160.150000,-161.000000,0.000000,top
"Q2446","2N7002W","SOT-323_SC-70",156.450000,-158.200000,0.000000,top
"Q2447","2N7002W","SOT-323_SC-70",215.650000,-189.000000,0.000000,top
"Q2448","2N7002W","SOT-323_SC-70",134.250000,-152.600000,0.000000,top
"Q2449","2N7002W","SOT-323_SC-70",230.450000,-149.799999,0.000000,top
"Q2450","2N7002W","SOT-323_SC-70",104.650000,-177.799999,0.000000,top
"Q2451","2N7002W","SOT-323_SC-70",174.950000,-147.000000,0.000000,top
"Q2452","2N7002W","SOT-323_SC-70",178.650000,-152.600000,0.000000,top
"Q2453","2N7002W","SOT-323_SC-70",60.250000,-189.000000,0.000000,top
"Q2454","2N7002W","SOT-323_SC-70",75.050000,-194.600000,0.000000,top
"Q2455","2N7002W","SOT-323_SC-70",223.050000,-267.399999,0.000000,top
"Q2456","2N7002W","SOT-323_SC-70",219.350000,-270.200000,0.000000,top
"Q2457","2N7002W","SOT-323_SC-70",200.850000,-250.600000,0.000000,top
"Q2458","2N7002W","SOT-323_SC-70",200.850000,-256.200000,0.000000,top
"Q2459","2N7002W","SOT-323_SC-70",178.650000,-119.000000,0.000000,top
"Q2460","2N7002W","SOT-323_SC-70",41.750000,-32.200000,0.000000,top
"Q2461","2N7002W","SOT-323_SC-70",82.450000,-169.399999,0.000000,top
"Q2462","2N7002W","SOT-323_SC-70",86.150000,-175.000000,0.000000,top
"Q2463","2N7002W","SOT-323_SC-70",267.450000,-149.799999,0.000000,top
"Q2464","2N7002W","SOT-323_SC-70",149.050000,-194.600000,0.000000,top
"Q2465","2N7002W","SOT-323_SC-70",137.950000,-191.799999,0.000000,top
"Q2466","2N7002W","SOT-323_SC-70",141.650000,-203.000000,0.000000,top
"Q2467","2N7002W","SOT-323_SC-70",26.950000,-113.399999,0.000000,top
"Q2468","2N7002W","SOT-323_SC-70",152.750000,-116.199999,0.000000,top
"Q2469","2N7002W","SOT-323_SC-70",149.050000,-121.800000,0.000000,top
"Q2470","2N7002W","SOT-323_SC-70",71.350000,-46.199999,0.000000,top
"Q2471","2N7002W","SOT-323_SC-70",93.550000,-46.199999,0.000000,top
"Q2472","2N7002W","SOT-323_SC-70",89.850000,-43.400000,0.000000,top
"Q2473","2N7002W","SOT-323_SC-70",93.550000,-43.400000,0.000000,top
"Q2474","2N7002W","SOT-323_SC-70",100.950000,-43.400000,0.000000,top
"Q2475","2N7002W","SOT-323_SC-70",145.350000,-46.199999,0.000000,top
"Q2476","2N7002W","SOT-323_SC-70",167.550000,-46.199999,0.000000,top
"Q2477","2N7002W","SOT-323_SC-70",182.350000,-43.400000,0.000000,top
"Q2478","2N7002W","SOT-323_SC-70",193.450000,-46.199999,0.000000,top
"Q2479","2N7002W","SOT-323_SC-70",197.150000,-46.199999,0.000000,top
"Q2480","2N7002W","SOT-323_SC-70",223.050000,-46.199999,0.000000,top
"Q2481","2N7002W","SOT-323_SC-70",241.550000,-46.199999,0.000000,top
"Q2482","2N7002W","SOT-323_SC-70",186.050000,-29.400000,0.000000,top
"Q2483","2N7002W","SOT-323_SC-70",160.150000,-163.799999,0.000000,top
"Q2484","2N7002W","SOT-323_SC-70",63.950000,-166.600000,0.000000,top
"Q2485","2N7002W","SOT-323_SC-70",271.150000,-166.600000,0.000000,top
"Q2486","2N7002W","SOT-323_SC-70",112.050000,-194.600000,0.000000,top
"Q2487","2N7002W","SOT-323_SC-70",223.050000,-144.200000,0.000000,top
"Q2488","2N7002W","SOT-323_SC-70",97.250000,-225.399999,0.000000,top
"Q2489","2N7002W","SOT-323_SC-70",174.950000,-247.799999,0.000000,top
"Q2490","2N7002W","SOT-323_SC-70",171.250000,-253.399999,0.000000,top
"Q2491","2N7002W","SOT-323_SC-70",171.250000,-256.200000,0.000000,top
"Q2492","2N7002W","SOT-323_SC-70",171.250000,-261.799999,0.000000,top
"Q2493","2N7002W","SOT-323_SC-70",63.950000,-208.600000,0.000000,top
"Q2494","2N7002W","SOT-323_SC-70",156.450000,-275.800000,0.000000,top
"Q2495","2N7002W","SOT-323_SC-70",152.750000,-275.800000,0.000000,top
"Q2496","2N7002W","SOT-323_SC-70",156.450000,-264.600000,0.000000,top
"Q2497","2N7002W","SOT-323_SC-70",152.750000,-264.600000,0.000000,top
"Q2498","2N7002W","SOT-323_SC-70",56.550000,-186.200000,0.000000,top
"Q2499","2N7002W","SOT-323_SC-70",56.550000,-191.799999,0.000000,top
"Q2500","2N7002W","SOT-323_SC-70",156.450000,-191.799999,0.000000,top
"Q2501","2N7002W","SOT-323_SC-70",152.750000,-191.799999,0.000000,top
"Q2502","2N7002W","SOT-323_SC-70",34.350000,-175.000000,0.000000,top
"Q2503","2N7002W","SOT-323_SC-70",30.650000,-172.200000,0.000000,top
"Q2504","2N7002W","SOT-323_SC-70",26.950000,-68.600000,0.000000,top
"Q2505","2N7002W","SOT-323_SC-70",156.450000,-239.399999,0.000000,top
"Q2506","2N7002W","SOT-323_SC-70",152.750000,-236.600000,0.000000,top
"Q2507","2N7002W","SOT-323_SC-70",156.450000,-228.200000,0.000000,top
"Q2508","2N7002W","SOT-323_SC-70",152.750000,-228.200000,0.000000,top
"Q2509","2N7002W","SOT-323_SC-70",156.450000,-217.000000,0.000000,top
"Q2510","2N7002W","SOT-323_SC-70",152.750000,-217.000000,0.000000,top
"Q2511","2N7002W","SOT-323_SC-70",134.250000,-244.999999,0.000000,top
"Q2512","2N7002W","SOT-323_SC-70",130.550000,-242.200000,0.000000,top
"Q2513","2N7002W","SOT-323_SC-70",130.550000,-247.799999,0.000000,top
"Q2514","2N7002W","SOT-323_SC-70",119.450000,-225.399999,0.000000,top
"Q2515","2N7002W","SOT-323_SC-70",252.650000,-166.600000,0.000000,top
"Q2516","2N7002W","SOT-323_SC-70",56.550000,-261.799999,0.000000,top
"Q2517","2N7002W","SOT-323_SC-70",226.750000,-191.799999,0.000000,top
"Q2518","2N7002W","SOT-323_SC-70",215.650000,-191.799999,0.000000,top
"Q2519","2N7002W","SOT-323_SC-70",230.450000,-158.200000,0.000000,top
"Q2520","2N7002W","SOT-323_SC-70",256.350000,-29.400000,0.000000,top
"Q2521","2N7002W","SOT-323_SC-70",126.850000,-177.799999,0.000000,top
"Q2522","2N7002W","SOT-323_SC-70",108.350000,-242.200000,0.000000,top
"Q2523","2N7002W","SOT-323_SC-70",100.950000,-250.600000,0.000000,top
"Q2524","2N7002W","SOT-323_SC-70",104.650000,-250.600000,0.000000,top
"Q2525","2N7002W","SOT-323_SC-70",93.550000,-183.399999,0.000000,top
"Q2526","2N7002W","SOT-323_SC-70",93.550000,-189.000000,0.000000,top
"Q2527","2N7002W","SOT-323_SC-70",93.550000,-200.200000,0.000000,top
"Q2528","2N7002W","SOT-323_SC-70",97.250000,-194.600000,0.000000,top
"Q2529","2N7002W","SOT-323_SC-70",93.550000,-214.200000,0.000000,top
"Q2530","2N7002W","SOT-323_SC-70",100.950000,-214.200000,0.000000,top
"Q2531","2N7002W","SOT-323_SC-70",93.550000,-225.399999,0.000000,top
"Q2532","2N7002W","SOT-323_SC-70",89.850000,-217.000000,0.000000,top
"Q2533","2N7002W","SOT-323_SC-70",93.550000,-236.600000,0.000000,top
"Q2534","2N7002W","SOT-323_SC-70",100.950000,-231.000000,0.000000,top
"Q2535","2N7002W","SOT-323_SC-70",93.550000,-247.799999,0.000000,top
"Q2536","2N7002W","SOT-323_SC-70",93.550000,-250.600000,0.000000,top
"Q2537","2N7002W","SOT-323_SC-70",89.850000,-253.399999,0.000000,top
"Q2538","2N7002W","SOT-323_SC-70",89.850000,-259.000000,0.000000,top
"Q2539","2N7002W","SOT-323_SC-70",93.550000,-267.399999,0.000000,top
"Q2540","2N7002W","SOT-323_SC-70",93.550000,-273.000000,0.000000,top
"Q2541","2N7002W","SOT-323_SC-70",137.950000,-275.800000,0.000000,top
"Q2542","2N7002W","SOT-323_SC-70",134.250000,-275.800000,0.000000,top
"Q2543","2N7002W","SOT-323_SC-70",163.850000,-197.399999,0.000000,top
"Q2544","2N7002W","SOT-323_SC-70",38.050000,-275.800000,0.000000,top
"Q2545","2N7002W","SOT-323_SC-70",119.450000,-169.399999,0.000000,top
"Q2546","2N7002W","SOT-323_SC-70",119.450000,-172.200000,0.000000,top
"Q2547","2N7002W","SOT-323_SC-70",145.350000,-203.000000,0.000000,top
"Q2548","2N7002W","SOT-323_SC-70",197.150000,-281.400000,0.000000,top
"Q2549","2N7002W","SOT-323_SC-70",193.450000,-278.599999,0.000000,top
"Q2550","2N7002W","SOT-323_SC-70",204.550000,-152.600000,0.000000,top
"Q2551","2N7002W","SOT-323_SC-70",104.650000,-233.799999,0.000000,top
"Q2552","2N7002W","SOT-323_SC-70",97.250000,-253.399999,0.000000,top
"Q2553","2N7002W","SOT-323_SC-70",223.050000,-141.399999,0.000000,top
"Q2554","2N7002W","SOT-323_SC-70",152.750000,-186.200000,0.000000,top
"Q2555","2N7002W","SOT-323_SC-70",156.450000,-186.200000,0.000000,top
"Q2556","2N7002W","SOT-323_SC-70",152.750000,-200.200000,0.000000,top
"Q2557","2N7002W","SOT-323_SC-70",152.750000,-197.399999,0.000000,top
"Q2558","2N7002W","SOT-323_SC-70",152.750000,-208.600000,0.000000,top
"Q2559","2N7002W","SOT-323_SC-70",156.450000,-208.600000,0.000000,top
"Q2560","2N7002W","SOT-323_SC-70",152.750000,-222.600000,0.000000,top
"Q2561","2N7002W","SOT-323_SC-70",152.750000,-219.799999,0.000000,top
"Q2562","2N7002W","SOT-323_SC-70",152.750000,-233.799999,0.000000,top
"Q2563","2N7002W","SOT-323_SC-70",156.450000,-233.799999,0.000000,top
"Q2564","2N7002W","SOT-323_SC-70",152.750000,-247.799999,0.000000,top
"Q2565","2N7002W","SOT-323_SC-70",152.750000,-244.999999,0.000000,top
"Q2566","2N7002W","SOT-323_SC-70",152.750000,-256.200000,0.000000,top
"Q2567","2N7002W","SOT-323_SC-70",156.450000,-256.200000,0.000000,top
"Q2568","2N7002W","SOT-323_SC-70",152.750000,-270.200000,0.000000,top
"Q2569","2N7002W","SOT-323_SC-70",156.450000,-270.200000,0.000000,top
"Q2570","2N7002W","SOT-323_SC-70",245.250000,-110.600000,0.000000,top
"Q2571","2N7002W","SOT-323_SC-70",186.050000,-200.200000,0.000000,top
"Q2572","2N7002W","SOT-323_SC-70",189.750000,-200.200000,0.000000,top
"Q2573","2N7002W","SOT-323_SC-70",186.050000,-203.000000,0.000000,top
"Q2574","2N7002W","SOT-323_SC-70",93.550000,-155.399999,0.000000,top
"Q2575","2N7002W","SOT-323_SC-70",234.150000,-91.000000,0.000000,top
"Q2576","2N7002W","SOT-323_SC-70",234.150000,-88.199999,0.000000,top
"Q2577","2N7002W","SOT-323_SC-70",75.050000,-183.399999,0.000000,top
"Q2578","2N7002W","SOT-323_SC-70",226.750000,-163.799999,0.000000,top
"Q2579","2N7002W","SOT-323_SC-70",97.250000,-284.200000,0.000000,top
"Q2580","2N7002W","SOT-323_SC-70",97.250000,-287.000000,0.000000,top
"Q2581","2N7002W","SOT-323_SC-70",93.550000,-289.799999,0.000000,top
"Q2582","2N7002W","SOT-323_SC-70",237.850000,-82.600000,0.000000,top
"Q2583","2N7002W","SOT-323_SC-70",152.750000,-205.799999,0.000000,top
"Q2584","2N7002W","SOT-323_SC-70",160.150000,-203.000000,0.000000,top
"Q2585","2N7002W","SOT-323_SC-70",82.450000,-217.000000,0.000000,top
"Q2586","2N7002W","SOT-323_SC-70",49.150000,-163.799999,0.000000,top
"Q2587","2N7002W","SOT-323_SC-70",52.850000,-275.800000,0.000000,top
"Q2588","2N7002W","SOT-323_SC-70",52.850000,-278.599999,0.000000,top
"Q2589","2N7002W","SOT-323_SC-70",189.750000,-186.200000,0.000000,top
"Q2590","2N7002W","SOT-323_SC-70",186.050000,-183.399999,0.000000,top
"Q2591","2N7002W","SOT-323_SC-70",189.750000,-183.399999,0.000000,top
"Q2592","2N7002W","SOT-323_SC-70",56.550000,-239.399999,0.000000,top
"Q2593","2N7002W","SOT-323_SC-70",52.850000,-233.799999,0.000000,top
"Q2594","2N7002W","SOT-323_SC-70",97.250000,-29.400000,0.000000,top
"Q2595","2N7002W","SOT-323_SC-70",52.850000,-264.600000,0.000000,top
"Q2596","2N7002W","SOT-323_SC-70",49.150000,-253.399999,0.000000,top
"Q2597","2N7002W","SOT-323_SC-70",56.550000,-247.799999,0.000000,top
"Q2598","2N7002W","SOT-323_SC-70",56.550000,-250.600000,0.000000,top
"Q2599","2N7002W","SOT-323_SC-70",171.250000,-247.799999,0.000000,top
"Q2600","2N7002W","SOT-323_SC-70",156.450000,-82.600000,0.000000,top
"Q2601","2N7002W","SOT-323_SC-70",34.350000,-105.000000,0.000000,top
"Q2602","2N7002W","SOT-323_SC-70",167.550000,-99.399999,0.000000,top
"Q2603","2N7002W","SOT-323_SC-70",52.850000,-231.000000,0.000000,top
"Q2604","2N7002W","SOT-323_SC-70",52.850000,-236.600000,0.000000,top
"Q2605","2N7002W","SOT-323_SC-70",49.150000,-93.800000,0.000000,top
"Q2606","2N7002W","SOT-323_SC-70",211.950000,-250.600000,0.000000,top
"Q2607","2N7002W","SOT-323_SC-70",78.750000,-133.000000,0.000000,top
"Q2608","2N7002W","SOT-323_SC-70",204.550000,-102.199999,0.000000,top
"Q2609","2N7002W","SOT-323_SC-70",211.950000,-105.000000,0.000000,top
"Q2610","2N7002W","SOT-323_SC-70",178.650000,-88.199999,0.000000,top
"Q2611","2N7002W","SOT-323_SC-70",178.650000,-91.000000,0.000000,top
"Q2612","2N7002W","SOT-323_SC-70",171.250000,-79.800000,0.000000,top
"Q2613","2N7002W","SOT-323_SC-70",193.450000,-239.399999,0.000000,top
"Q2614","2N7002W","SOT-323_SC-70",256.350000,-57.400000,0.000000,top
"Q2615","2N7002W","SOT-323_SC-70",252.650000,-54.599999,0.000000,top
"Q2616","2N7002W","SOT-323_SC-70",149.050000,-169.399999,0.000000,top
"Q2617","2N7002W","SOT-323_SC-70",149.050000,-172.200000,0.000000,top
"Q2618","2N7002W","SOT-323_SC-70",63.950000,-161.000000,0.000000,top
"Q2619","2N7002W","SOT-323_SC-70",60.250000,-158.200000,0.000000,top
"Q2620","2N7002W","SOT-323_SC-70",38.050000,-71.400000,0.000000,top
"Q2621","2N7002W","SOT-323_SC-70",49.150000,-71.400000,0.000000,top
"Q2622","2N7002W","SOT-323_SC-70",45.450000,-71.400000,0.000000,top
"Q2623","2N7002W","SOT-323_SC-70",56.550000,-71.400000,0.000000,top
"Q2624","2N7002W","SOT-323_SC-70",52.850000,-71.400000,0.000000,top
"Q2625","2N7002W","SOT-323_SC-70",71.350000,-71.400000,0.000000,top
"Q2626","2N7002W","SOT-323_SC-70",75.050000,-71.400000,0.000000,top
"Q2627","2N7002W","SOT-323_SC-70",71.350000,-68.600000,0.000000,top
"Q2628","2N7002W","SOT-323_SC-70",78.750000,-71.400000,0.000000,top
"Q2629","2N7002W","SOT-323_SC-70",82.450000,-71.400000,0.000000,top
"Q2630","2N7002W","SOT-323_SC-70",89.850000,-68.600000,0.000000,top
"Q2631","2N7002W","SOT-323_SC-70",104.650000,-71.400000,0.000000,top
"Q2632","2N7002W","SOT-323_SC-70",104.650000,-68.600000,0.000000,top
"Q2633","2N7002W","SOT-323_SC-70",112.050000,-71.400000,0.000000,top
"Q2634","2N7002W","SOT-323_SC-70",108.350000,-68.600000,0.000000,top
"Q2635","2N7002W","SOT-323_SC-70",112.050000,-68.600000,0.000000,top
"Q2636","2N7002W","SOT-323_SC-70",112.050000,-74.199999,0.000000,top
"Q2637","2N7002W","SOT-323_SC-70",119.450000,-71.400000,0.000000,top
"Q2638","2N7002W","SOT-323_SC-70",123.150000,-68.600000,0.000000,top
"Q2639","2N7002W","SOT-323_SC-70",130.550000,-68.600000,0.000000,top
"Q2640","2N7002W","SOT-323_SC-70",149.050000,-68.600000,0.000000,top
"Q2641","2N7002W","SOT-323_SC-70",149.050000,-71.400000,0.000000,top
"Q2642","2N7002W","SOT-323_SC-70",149.050000,-74.199999,0.000000,top
"Q2643","2N7002W","SOT-323_SC-70",167.550000,-71.400000,0.000000,top
"Q2644","2N7002W","SOT-323_SC-70",174.950000,-71.400000,0.000000,top
"Q2645","2N7002W","SOT-323_SC-70",186.050000,-68.600000,0.000000,top
"Q2646","2N7002W","SOT-323_SC-70",197.150000,-71.400000,0.000000,top
"Q2647","2N7002W","SOT-323_SC-70",197.150000,-74.199999,0.000000,top
"Q2648","2N7002W","SOT-323_SC-70",204.550000,-71.400000,0.000000,top
"Q2649","2N7002W","SOT-323_SC-70",208.250000,-71.400000,0.000000,top
"Q2650","2N7002W","SOT-323_SC-70",208.250000,-68.600000,0.000000,top
"Q2651","2N7002W","SOT-323_SC-70",215.650000,-74.199999,0.000000,top
"Q2652","2N7002W","SOT-323_SC-70",219.350000,-74.199999,0.000000,top
"Q2653","2N7002W","SOT-323_SC-70",223.050000,-68.600000,0.000000,top
"Q2654","2N7002W","SOT-323_SC-70",223.050000,-74.199999,0.000000,top
"Q2655","2N7002W","SOT-323_SC-70",230.450000,-71.400000,0.000000,top
"Q2656","2N7002W","SOT-323_SC-70",230.450000,-68.600000,0.000000,top
"Q2657","2N7002W","SOT-323_SC-70",104.650000,-214.200000,0.000000,top
"Q2658","2N7002W","SOT-323_SC-70",193.450000,-250.600000,0.000000,top
"Q2659","2N7002W","SOT-323_SC-70",189.750000,-247.799999,0.000000,top
"Q2660","2N7002W","SOT-323_SC-70",97.250000,-180.600000,0.000000,top
"Q2661","2N7002W","SOT-323_SC-70",97.250000,-191.799999,0.000000,top
"Q2662","2N7002W","SOT-323_SC-70",89.850000,-79.800000,0.000000,top
"Q2663","2N7002W","SOT-323_SC-70",134.250000,-161.000000,0.000000,top
"Q2664","2N7002W","SOT-323_SC-70",134.250000,-163.799999,0.000000,top
"Q2665","2N7002W","SOT-323_SC-70",197.150000,-169.399999,0.000000,top
"Q2666","2N7002W","SOT-323_SC-70",197.150000,-172.200000,0.000000,top
"Q2667","2N7002W","SOT-323_SC-70",49.150000,-217.000000,0.000000,top
"Q2668","2N7002W","SOT-323_SC-70",52.850000,-217.000000,0.000000,top
"Q2669","2N7002W","SOT-323_SC-70",248.950000,-43.400000,0.000000,top
"Q2670","2N7002W","SOT-323_SC-70",171.250000,-183.399999,0.000000,top
"Q2671","2N7002W","SOT-323_SC-70",171.250000,-186.200000,0.000000,top
"Q2672","2N7002W","SOT-323_SC-70",171.250000,-189.000000,0.000000,top
"Q2673","2N7002W","SOT-323_SC-70",137.950000,-236.600000,0.000000,top
"Q2674","2N7002W","SOT-323_SC-70",137.950000,-85.399999,0.000000,top
"Q2675","2N7002W","SOT-323_SC-70",141.650000,-79.800000,0.000000,top
"Q2676","2N7002W","SOT-323_SC-70",182.350000,-79.800000,0.000000,top
"Q2677","2N7002W","SOT-323_SC-70",189.750000,-239.399999,0.000000,top
"Q2678","2N7002W","SOT-323_SC-70",193.450000,-236.600000,0.000000,top
"Q2679","2N7002W","SOT-323_SC-70",104.650000,-102.199999,0.000000,top
"Q2680","2N7002W","SOT-323_SC-70",204.550000,-228.200000,0.000000,top
"Q2681","2N7002W","SOT-323_SC-70",56.550000,-166.600000,0.000000,top
"Q2682","2N7002W","SOT-323_SC-70",52.850000,-166.600000,0.000000,top
"Q2683","2N7002W","SOT-323_SC-70",78.750000,-194.600000,0.000000,top
"Q2684","2N7002W","SOT-323_SC-70",126.850000,-208.600000,0.000000,top
"Q2685","2N7002W","SOT-323_SC-70",123.150000,-205.799999,0.000000,top
"Q2686","2N7002W","SOT-323_SC-70",115.750000,-79.800000,0.000000,top
"Q2687","2N7002W","SOT-323_SC-70",145.350000,-236.600000,0.000000,top
"Q2688","2N7002W","SOT-323_SC-70",134.250000,-264.600000,0.000000,top
"Q2689","2N7002W","SOT-323_SC-70",134.250000,-278.599999,0.000000,top
"Q2690","2N7002W","SOT-323_SC-70",208.250000,-113.399999,0.000000,top
"Q2691","2N7002W","SOT-323_SC-70",56.550000,-183.399999,0.000000,top
"Q2692","2N7002W","SOT-323_SC-70",97.250000,-79.800000,0.000000,top
"Q2693","2N7002W","SOT-323_SC-70",93.550000,-161.000000,0.000000,top
"Q2694","2N7002W","SOT-323_SC-70",89.850000,-158.200000,0.000000,top
"Q2695","2N7002W","SOT-323_SC-70",137.950000,-250.600000,0.000000,top
"Q2696","2N7002W","SOT-323_SC-70",137.950000,-253.399999,0.000000,top
"Q2697","2N7002W","SOT-323_SC-70",145.350000,-261.799999,0.000000,top
"Q2698","2N7002W","SOT-323_SC-70",189.750000,-219.799999,0.000000,top
"Q2699","2N7002W","SOT-323_SC-70",186.050000,-217.000000,0.000000,top
"Q2700","2N7002W","SOT-323_SC-70",163.850000,-79.800000,0.000000,top
"Q2701","2N7002W","SOT-323_SC-70",248.950000,-301.000000,0.000000,top
"Q2702","2N7002W","SOT-323_SC-70",219.350000,-292.599999,0.000000,top
"Q2703","2N7002W","SOT-323_SC-70",152.750000,-194.600000,0.000000,top
"Q2704","2N7002W","SOT-323_SC-70",156.450000,-189.000000,0.000000,top
"Q2705","2N7002W","SOT-323_SC-70",156.450000,-200.200000,0.000000,top
"Q2706","2N7002W","SOT-323_SC-70",156.450000,-211.399999,0.000000,top
"Q2707","2N7002W","SOT-323_SC-70",156.450000,-214.200000,0.000000,top
"Q2708","2N7002W","SOT-323_SC-70",156.450000,-219.799999,0.000000,top
"Q2709","2N7002W","SOT-323_SC-70",149.050000,-228.200000,0.000000,top
"Q2710","2N7002W","SOT-323_SC-70",149.050000,-231.000000,0.000000,top
"Q2711","2N7002W","SOT-323_SC-70",152.750000,-242.200000,0.000000,top
"Q2712","2N7002W","SOT-323_SC-70",156.450000,-236.600000,0.000000,top
"Q2713","2N7002W","SOT-323_SC-70",152.750000,-253.399999,0.000000,top
"Q2714","2N7002W","SOT-323_SC-70",156.450000,-250.600000,0.000000,top
"Q2715","2N7002W","SOT-323_SC-70",149.050000,-267.399999,0.000000,top
"Q2716","2N7002W","SOT-323_SC-70",152.750000,-267.399999,0.000000,top
"Q2717","2N7002W","SOT-323_SC-70",149.050000,-278.599999,0.000000,top
"Q2718","2N7002W","SOT-323_SC-70",152.750000,-278.599999,0.000000,top
"Q2719","2N7002W","SOT-323_SC-70",82.450000,-194.600000,0.000000,top
"Q2720","2N7002W","SOT-323_SC-70",82.450000,-197.399999,0.000000,top
"Q2721","2N7002W","SOT-323_SC-70",49.150000,-208.600000,0.000000,top
"Q2722","2N7002W","SOT-323_SC-70",45.450000,-203.000000,0.000000,top
"Q2723","2N7002W","SOT-323_SC-70",167.550000,-186.200000,0.000000,top
"Q2724","2N7002W","SOT-323_SC-70",186.050000,-175.000000,0.000000,top
"Q2725","2N7002W","SOT-323_SC-70",30.650000,-65.800000,0.000000,top
"Q2726","2N7002W","SOT-323_SC-70",34.350000,-65.800000,0.000000,top
"Q2727","2N7002W","SOT-323_SC-70",38.050000,-65.800000,0.000000,top
"Q2728","2N7002W","SOT-323_SC-70",45.450000,-65.800000,0.000000,top
"Q2729","2N7002W","SOT-323_SC-70",45.450000,-63.000000,0.000000,top
"Q2730","2N7002W","SOT-323_SC-70",52.850000,-65.800000,0.000000,top
"Q2731","2N7002W","SOT-323_SC-70",52.850000,-63.000000,0.000000,top
"Q2732","2N7002W","SOT-323_SC-70",60.250000,-63.000000,0.000000,top
"Q2733","2N7002W","SOT-323_SC-70",60.250000,-65.800000,0.000000,top
"Q2734","2N7002W","SOT-323_SC-70",63.950000,-63.000000,0.000000,top
"Q2735","2N7002W","SOT-323_SC-70",71.350000,-65.800000,0.000000,top
"Q2736","2N7002W","SOT-323_SC-70",75.050000,-65.800000,0.000000,top
"Q2737","2N7002W","SOT-323_SC-70",82.450000,-65.800000,0.000000,top
"Q2738","2N7002W","SOT-323_SC-70",78.750000,-63.000000,0.000000,top
"Q2739","2N7002W","SOT-323_SC-70",100.950000,-65.800000,0.000000,top
"Q2740","2N7002W","SOT-323_SC-70",97.250000,-63.000000,0.000000,top
"Q2741","2N7002W","SOT-323_SC-70",119.450000,-65.800000,0.000000,top
"Q2742","2N7002W","SOT-323_SC-70",126.850000,-65.800000,0.000000,top
"Q2743","2N7002W","SOT-323_SC-70",130.550000,-65.800000,0.000000,top
"Q2744","2N7002W","SOT-323_SC-70",126.850000,-63.000000,0.000000,top
"Q2745","2N7002W","SOT-323_SC-70",134.250000,-65.800000,0.000000,top
"Q2746","2N7002W","SOT-323_SC-70",134.250000,-63.000000,0.000000,top
"Q2747","2N7002W","SOT-323_SC-70",134.250000,-68.600000,0.000000,top
"Q2748","2N7002W","SOT-323_SC-70",141.650000,-65.800000,0.000000,top
"Q2749","2N7002W","SOT-323_SC-70",145.350000,-65.800000,0.000000,top
"Q2750","2N7002W","SOT-323_SC-70",152.750000,-65.800000,0.000000,top
"Q2751","2N7002W","SOT-323_SC-70",149.050000,-63.000000,0.000000,top
"Q2752","2N7002W","SOT-323_SC-70",167.550000,-65.800000,0.000000,top
"Q2753","2N7002W","SOT-323_SC-70",174.950000,-65.800000,0.000000,top
"Q2754","2N7002W","SOT-323_SC-70",178.650000,-65.800000,0.000000,top
"Q2755","2N7002W","SOT-323_SC-70",182.350000,-65.800000,0.000000,top
"Q2756","2N7002W","SOT-323_SC-70",189.750000,-65.800000,0.000000,top
"Q2757","2N7002W","SOT-323_SC-70",186.050000,-63.000000,0.000000,top
"Q2758","2N7002W","SOT-323_SC-70",193.450000,-65.800000,0.000000,top
"Q2759","2N7002W","SOT-323_SC-70",197.150000,-65.800000,0.000000,top
"Q2760","2N7002W","SOT-323_SC-70",193.450000,-63.000000,0.000000,top
"Q2761","2N7002W","SOT-323_SC-70",204.550000,-65.800000,0.000000,top
"Q2762","2N7002W","SOT-323_SC-70",208.250000,-65.800000,0.000000,top
"Q2763","2N7002W","SOT-323_SC-70",211.950000,-65.800000,0.000000,top
"Q2764","2N7002W","SOT-323_SC-70",219.350000,-63.000000,0.000000,top
"Q2765","2N7002W","SOT-323_SC-70",223.050000,-65.800000,0.000000,top
"Q2766","2N7002W","SOT-323_SC-70",245.250000,-65.800000,0.000000,top
"Q2767","2N7002W","SOT-323_SC-70",241.550000,-63.000000,0.000000,top
"Q2768","2N7002W","SOT-323_SC-70",226.750000,-65.800000,0.000000,top
"Q2769","2N7002W","SOT-323_SC-70",241.550000,-65.800000,0.000000,top
"Q2770","2N7002W","SOT-323_SC-70",223.050000,-63.000000,0.000000,top
"Q2771","2N7002W","SOT-323_SC-70",237.850000,-65.800000,0.000000,top
"Q2772","2N7002W","SOT-323_SC-70",230.450000,-65.800000,0.000000,top
"Q2773","2N7002W","SOT-323_SC-70",234.150000,-63.000000,0.000000,top
"Q2774","2N7002W","SOT-323_SC-70",108.350000,-177.799999,0.000000,top
"Q2775","2N7002W","SOT-323_SC-70",234.150000,-152.600000,0.000000,top
"Q2776","2N7002W","SOT-323_SC-70",230.450000,-155.399999,0.000000,top
"Q2777","2N7002W","SOT-323_SC-70",178.650000,-166.600000,0.000000,top
"Q2778","2N7002W","SOT-323_SC-70",145.350000,-105.000000,0.000000,top
"Q2779","2N7002W","SOT-323_SC-70",86.150000,-244.999999,0.000000,top
"Q2780","2N7002W","SOT-323_SC-70",86.150000,-247.799999,0.000000,top
"Q2781","2N7002W","SOT-323_SC-70",186.050000,-85.399999,0.000000,top
"Q2782","2N7002W","SOT-323_SC-70",178.650000,-177.799999,0.000000,top
"Q2783","2N7002W","SOT-323_SC-70",86.150000,-130.199999,0.000000,top
"Q2784","2N7002W","SOT-323_SC-70",108.350000,-211.399999,0.000000,top
"Q2785","2N7002W","SOT-323_SC-70",112.050000,-214.200000,0.000000,top
"Q2786","2N7002W","SOT-323_SC-70",193.450000,-96.600000,0.000000,top
"Q2787","2N7002W","SOT-323_SC-70",256.350000,-21.000000,0.000000,top
"Q2788","2N7002W","SOT-323_SC-70",156.450000,-194.600000,0.000000,top
"Q2789","2N7002W","SOT-323_SC-70",134.250000,-102.199999,0.000000,top
"Q2790","2N7002W","SOT-323_SC-70",189.750000,-79.800000,0.000000,top
"Q2791","2N7002W","SOT-323_SC-70",67.650000,-113.399999,0.000000,top
"Q2792","2N7002W","SOT-323_SC-70",82.450000,-203.000000,0.000000,top
"Q2793","2N7002W","SOT-323_SC-70",86.150000,-194.600000,0.000000,top
"Q2794","2N7002W","SOT-323_SC-70",263.750000,-135.800000,0.000000,top
"Q2795","2N7002W","SOT-323_SC-70",267.450000,-135.800000,0.000000,top
"Q2796","2N7002W","SOT-323_SC-70",260.050000,-141.399999,0.000000,top
"Q2797","2N7002W","SOT-323_SC-70",163.850000,-203.000000,0.000000,top
"Q2798","2N7002W","SOT-323_SC-70",160.150000,-200.200000,0.000000,top
"Q2799","2N7002W","SOT-323_SC-70",112.050000,-141.399999,0.000000,top
"Q2800","2N7002W","SOT-323_SC-70",108.350000,-138.600000,0.000000,top
"Q2801","2N7002W","SOT-323_SC-70",178.650000,-284.200000,0.000000,top
"Q2802","2N7002W","SOT-323_SC-70",163.850000,-191.799999,0.000000,top
"Q2803","2N7002W","SOT-323_SC-70",160.150000,-189.000000,0.000000,top
"Q2804","2N7002W","SOT-323_SC-70",75.050000,-287.000000,0.000000,top
"Q2805","2N7002W","SOT-323_SC-70",78.750000,-289.799999,0.000000,top
"Q2806","2N7002W","SOT-323_SC-70",167.550000,-253.399999,0.000000,top
"Q2807","2N7002W","SOT-323_SC-70",167.550000,-256.200000,0.000000,top
"Q2808","2N7002W","SOT-323_SC-70",219.350000,-284.200000,0.000000,top
"Q2809","2N7002W","SOT-323_SC-70",219.350000,-287.000000,0.000000,top
"Q2810","2N7002W","SOT-323_SC-70",215.650000,-289.799999,0.000000,top
"Q2811","2N7002W","SOT-323_SC-70",137.950000,-273.000000,0.000000,top
"Q2812","2N7002W","SOT-323_SC-70",97.250000,-250.600000,0.000000,top
"Q2813","2N7002W","SOT-323_SC-70",234.150000,-107.800000,0.000000,top
"Q2814","2N7002W","SOT-323_SC-70",204.550000,-79.800000,0.000000,top
"Q2815","2N7002W","SOT-323_SC-70",82.450000,-138.600000,0.000000,top
"Q2816","2N7002W","SOT-323_SC-70",100.950000,-119.000000,0.000000,top
"Q2817","2N7002W","SOT-323_SC-70",56.550000,-169.399999,0.000000,top
"Q2818","2N7002W","SOT-323_SC-70",56.550000,-172.200000,0.000000,top
"Q2819","2N7002W","SOT-323_SC-70",119.450000,-177.799999,0.000000,top
"Q2820","2N7002W","SOT-323_SC-70",63.950000,-183.399999,0.000000,top
"Q2821","2N7002W","SOT-323_SC-70",256.350000,-166.600000,0.000000,top
"Q2822","2N7002W","SOT-323_SC-70",248.950000,-121.800000,0.000000,top
"Q2823","2N7002W","SOT-323_SC-70",182.350000,-163.799999,0.000000,top
"Q2824","2N7002W","SOT-323_SC-70",149.050000,-138.600000,0.000000,top
"Q2825","2N7002W","SOT-323_SC-70",160.150000,-261.799999,0.000000,top
"Q2826","2N7002W","SOT-323_SC-70",160.150000,-264.600000,0.000000,top
"Q2827","2N7002W","SOT-323_SC-70",163.850000,-273.000000,0.000000,top
"Q2828","2N7002W","SOT-323_SC-70",160.150000,-270.200000,0.000000,top
"Q2829","2N7002W","SOT-323_SC-70",160.150000,-239.399999,0.000000,top
"Q2830","2N7002W","SOT-323_SC-70",160.150000,-242.200000,0.000000,top
"Q2831","2N7002W","SOT-323_SC-70",160.150000,-250.600000,0.000000,top
"Q2832","2N7002W","SOT-323_SC-70",160.150000,-253.399999,0.000000,top
"Q2833","2N7002W","SOT-323_SC-70",160.150000,-217.000000,0.000000,top
"Q2834","2N7002W","SOT-323_SC-70",163.850000,-211.399999,0.000000,top
"Q2835","2N7002W","SOT-323_SC-70",160.150000,-225.399999,0.000000,top
"Q2836","2N7002W","SOT-323_SC-70",160.150000,-228.200000,0.000000,top
"Q2837","2N7002W","SOT-323_SC-70",163.850000,-189.000000,0.000000,top
"Q2838","2N7002W","SOT-323_SC-70",160.150000,-186.200000,0.000000,top
"Q2839","2N7002W","SOT-323_SC-70",160.150000,-205.799999,0.000000,top
"Q2840","2N7002W","SOT-323_SC-70",163.850000,-205.799999,0.000000,top
"Q2841","2N7002W","SOT-323_SC-70",189.750000,-208.600000,0.000000,top
"Q2842","2N7002W","SOT-323_SC-70",186.050000,-205.799999,0.000000,top
"Q2843","2N7002W","SOT-323_SC-70",60.250000,-85.399999,0.000000,top
"Q2844","2N7002W","SOT-323_SC-70",152.750000,-231.000000,0.000000,top
"Q2845","2N7002W","SOT-323_SC-70",160.150000,-219.799999,0.000000,top
"Q2846","2N7002W","SOT-323_SC-70",156.450000,-253.399999,0.000000,top
"Q2847","2N7002W","SOT-323_SC-70",156.450000,-242.200000,0.000000,top
"Q2848","2N7002W","SOT-323_SC-70",126.850000,-105.000000,0.000000,top
"Q2849","2N7002W","SOT-323_SC-70",156.450000,-273.000000,0.000000,top
"Q2850","2N7002W","SOT-323_SC-70",156.450000,-261.799999,0.000000,top
"Q2851","2N7002W","SOT-323_SC-70",93.550000,-163.799999,0.000000,top
"Q2852","2N7002W","SOT-323_SC-70",86.150000,-88.199999,0.000000,top
"Q2853","2N7002W","SOT-323_SC-70",63.950000,-91.000000,0.000000,top
"Q2854","2N7002W","SOT-323_SC-70",67.650000,-93.800000,0.000000,top
"Q2855","2N7002W","SOT-323_SC-70",178.650000,-102.199999,0.000000,top
"Q2856","2N7002W","SOT-323_SC-70",75.050000,-113.399999,0.000000,top
"Q2857","2N7002W","SOT-323_SC-70",263.750000,-74.199999,0.000000,top
"Q2858","2N7002W","SOT-323_SC-70",267.450000,-68.600000,0.000000,top
"Q2859","2N7002W","SOT-323_SC-70",260.050000,-77.000000,0.000000,top
"Q2860","2N7002W","SOT-323_SC-70",263.750000,-79.800000,0.000000,top
"Q2861","2N7002W","SOT-323_SC-70",204.550000,-144.200000,0.000000,top
"Q2862","2N7002W","SOT-323_SC-70",204.550000,-147.000000,0.000000,top
"Q2863","2N7002W","SOT-323_SC-70",45.450000,-278.599999,0.000000,top
"Q2864","2N7002W","SOT-323_SC-70",152.750000,-79.800000,0.000000,top
"Q2865","2N7002W","SOT-323_SC-70",86.150000,-197.399999,0.000000,top
"Q2866","2N7002W","SOT-323_SC-70",89.850000,-191.799999,0.000000,top
"Q2867","2N7002W","SOT-323_SC-70",82.450000,-219.799999,0.000000,top
"Q2868","2N7002W","SOT-323_SC-70",89.850000,-222.600000,0.000000,top
"Q2869","2N7002W","SOT-323_SC-70",163.850000,-149.799999,0.000000,top
"Q2870","2N7002W","SOT-323_SC-70",171.250000,-194.600000,0.000000,top
"Q2871","2N7002W","SOT-323_SC-70",171.250000,-197.399999,0.000000,top
"Q2872","2N7002W","SOT-323_SC-70",86.150000,-127.399999,0.000000,top
"Q2873","2N7002W","SOT-323_SC-70",241.550000,-130.199999,0.000000,top
"Q2874","2N7002W","SOT-323_SC-70",26.950000,-37.800000,0.000000,top
"Q2875","2N7002W","SOT-323_SC-70",230.450000,-102.199999,0.000000,top
"Q2876","2N7002W","SOT-323_SC-70",78.750000,-228.200000,0.000000,top
"Q2877","2N7002W","SOT-323_SC-70",152.750000,-144.200000,0.000000,top
"Q2878","2N7002W","SOT-323_SC-70",234.150000,-79.800000,0.000000,top
"Q2879","2N7002W","SOT-323_SC-70",86.150000,-289.799999,0.000000,top
"Q2880","2N7002W","SOT-323_SC-70",82.450000,-287.000000,0.000000,top
"Q2881","2N7002W","SOT-323_SC-70",223.050000,-222.600000,0.000000,top
"Q2882","2N7002W","SOT-323_SC-70",223.050000,-225.399999,0.000000,top
"Q2883","2N7002W","SOT-323_SC-70",134.250000,-183.399999,0.000000,top
"Q2884","2N7002W","SOT-323_SC-70",134.250000,-191.799999,0.000000,top
"Q2885","2N7002W","SOT-323_SC-70",26.950000,-32.200000,0.000000,top
"Q2886","2N7002W","SOT-323_SC-70",23.250000,-35.000000,0.000000,top
"Q2887","2N7002W","SOT-323_SC-70",189.750000,-110.600000,0.000000,top
"Q2888","2N7002W","SOT-323_SC-70",189.750000,-119.000000,0.000000,top
"Q2889","2N7002W","SOT-323_SC-70",82.450000,-102.199999,0.000000,top
"Q2890","2N7002W","SOT-323_SC-70",75.050000,-35.000000,0.000000,top
"Q2891","2N7002W","SOT-323_SC-70",197.150000,-23.799999,0.000000,top
"Q2892","2N7002W","SOT-323_SC-70",193.450000,-233.799999,0.000000,top
"Q2893","2N7002W","SOT-323_SC-70",197.150000,-231.000000,0.000000,top
"Q2894","2N7002W","SOT-323_SC-70",197.150000,-244.999999,0.000000,top
"Q2895","2N7002W","SOT-323_SC-70",193.450000,-242.200000,0.000000,top
"Q2896","2N7002W","SOT-323_SC-70",197.150000,-256.200000,0.000000,top
"Q2897","2N7002W","SOT-323_SC-70",193.450000,-253.399999,0.000000,top
"Q2898","2N7002W","SOT-323_SC-70",197.150000,-264.600000,0.000000,top
"Q2899","2N7002W","SOT-323_SC-70",197.150000,-270.200000,0.000000,top
"Q2900","2N7002W","SOT-323_SC-70",193.450000,-186.200000,0.000000,top
"Q2901","2N7002W","SOT-323_SC-70",197.150000,-183.399999,0.000000,top
"Q2902","2N7002W","SOT-323_SC-70",197.150000,-197.399999,0.000000,top
"Q2903","2N7002W","SOT-323_SC-70",193.450000,-194.600000,0.000000,top
"Q2904","2N7002W","SOT-323_SC-70",197.150000,-208.600000,0.000000,top
"Q2905","2N7002W","SOT-323_SC-70",193.450000,-205.799999,0.000000,top
"Q2906","2N7002W","SOT-323_SC-70",197.150000,-219.799999,0.000000,top
"Q2907","2N7002W","SOT-323_SC-70",193.450000,-217.000000,0.000000,top
"Q2908","2N7002W","SOT-323_SC-70",112.050000,-26.600000,0.000000,top
"Q2909","2N7002W","SOT-323_SC-70",182.350000,-186.200000,0.000000,top
"Q2910","2N7002W","SOT-323_SC-70",189.750000,-292.599999,0.000000,top
"Q2911","2N7002W","SOT-323_SC-70",193.450000,-287.000000,0.000000,top
"Q2912","2N7002W","SOT-323_SC-70",56.550000,-163.799999,0.000000,top
"Q2913","2N7002W","SOT-323_SC-70",52.850000,-203.000000,0.000000,top
"Q2914","2N7002W","SOT-323_SC-70",204.550000,-166.600000,0.000000,top
"Q2915","2N7002W","SOT-323_SC-70",160.150000,-130.199999,0.000000,top
"Q2916","2N7002W","SOT-323_SC-70",178.650000,-236.600000,0.000000,top
"Q2917","2N7002W","SOT-323_SC-70",152.750000,-163.799999,0.000000,top
"Q2918","2N7002W","SOT-323_SC-70",52.850000,-228.200000,0.000000,top
"Q2919","2N7002W","SOT-323_SC-70",38.050000,-166.600000,0.000000,top
"Q2920","2N7002W","SOT-323_SC-70",189.750000,-267.399999,0.000000,top
"Q2921","2N7002W","SOT-323_SC-70",186.050000,-264.600000,0.000000,top
"Q2922","2N7002W","SOT-323_SC-70",78.750000,-166.600000,0.000000,top
"Q2923","2N7002W","SOT-323_SC-70",167.550000,-275.800000,0.000000,top
"Q2924","2N7002W","SOT-323_SC-70",171.250000,-275.800000,0.000000,top
"Q2925","2N7002W","SOT-323_SC-70",167.550000,-264.600000,0.000000,top
"Q2926","2N7002W","SOT-323_SC-70",163.850000,-264.600000,0.000000,top
"Q2927","2N7002W","SOT-323_SC-70",163.850000,-253.399999,0.000000,top
"Q2928","2N7002W","SOT-323_SC-70",160.150000,-256.200000,0.000000,top
"Q2929","2N7002W","SOT-323_SC-70",163.850000,-236.600000,0.000000,top
"Q2930","2N7002W","SOT-323_SC-70",163.850000,-242.200000,0.000000,top
"Q2931","2N7002W","SOT-323_SC-70",163.850000,-228.200000,0.000000,top
"Q2932","2N7002W","SOT-323_SC-70",163.850000,-231.000000,0.000000,top
"Q2933","2N7002W","SOT-323_SC-70",167.550000,-217.000000,0.000000,top
"Q2934","2N7002W","SOT-323_SC-70",163.850000,-217.000000,0.000000,top
"Q2935","2N7002W","SOT-323_SC-70",167.550000,-200.200000,0.000000,top
"Q2936","2N7002W","SOT-323_SC-70",171.250000,-203.000000,0.000000,top
"Q2937","2N7002W","SOT-323_SC-70",167.550000,-191.799999,0.000000,top
"Q2938","2N7002W","SOT-323_SC-70",163.850000,-194.600000,0.000000,top
"Q2939","2N7002W","SOT-323_SC-70",108.350000,-116.199999,0.000000,top
"Q2940","2N7002W","SOT-323_SC-70",108.350000,-119.000000,0.000000,top
"Q2941","2N7002W","SOT-323_SC-70",123.150000,-211.399999,0.000000,top
"Q2942","2N7002W","SOT-323_SC-70",45.450000,-289.799999,0.000000,top
"Q2943","2N7002W","SOT-323_SC-70",41.750000,-287.000000,0.000000,top
"Q2944","2N7002W","SOT-323_SC-70",211.950000,-26.600000,0.000000,top
"Q2945","2N7002W","SOT-323_SC-70",193.450000,-102.199999,0.000000,top
"Q2946","2N7002W","SOT-323_SC-70",38.050000,-231.000000,0.000000,top
"Q2947","2N7002W","SOT-323_SC-70",49.150000,-259.000000,0.000000,top
"Q2948","2N7002W","SOT-323_SC-70",45.450000,-256.200000,0.000000,top
"Q2949","2N7002W","SOT-323_SC-70",45.450000,-264.600000,0.000000,top
"Q2950","2N7002W","SOT-323_SC-70",97.250000,-110.600000,0.000000,top
"Q2951","2N7002W","SOT-323_SC-70",97.250000,-169.399999,0.000000,top
"Q2952","2N7002W","SOT-323_SC-70",97.250000,-172.200000,0.000000,top
"Q2953","2N7002W","SOT-323_SC-70",63.950000,-29.400000,0.000000,top
"Q2954","2N7002W","SOT-323_SC-70",223.050000,-289.799999,0.000000,top
"Q2955","2N7002W","SOT-323_SC-70",223.050000,-189.000000,0.000000,top
"Q2956","2N7002W","SOT-323_SC-70",52.850000,-102.199999,0.000000,top
"Q2957","2N7002W","SOT-323_SC-70",60.250000,-110.600000,0.000000,top
"Q2958","2N7002W","SOT-323_SC-70",182.350000,-239.399999,0.000000,top
"Q2959","2N7002W","SOT-323_SC-70",182.350000,-242.200000,0.000000,top
"Q2960","2N7002W","SOT-323_SC-70",186.050000,-250.600000,0.000000,top
"Q2961","2N7002W","SOT-323_SC-70",112.050000,-231.000000,0.000000,top
"Q2962","2N7002W","SOT-323_SC-70",104.650000,-239.399999,0.000000,top
"Q2963","2N7002W","SOT-323_SC-70",23.250000,-46.199999,0.000000,top
"Q2964","2N7002W","SOT-323_SC-70",15.850000,-51.800000,0.000000,top
"Q2965","2N7002W","SOT-323_SC-70",115.750000,-130.199999,0.000000,top
"Q2966","2N7002W","SOT-323_SC-70",186.050000,-233.799999,0.000000,top
"Q2967","2N7002W","SOT-323_SC-70",167.550000,-284.200000,0.000000,top
"Q2968","2N7002W","SOT-323_SC-70",174.950000,-289.799999,0.000000,top
"Q2969","2N7002W","SOT-323_SC-70",89.850000,-289.799999,0.000000,top
"Q2970","2N7002W","SOT-323_SC-70",86.150000,-292.599999,0.000000,top
"Q2971","2N7002W","SOT-323_SC-70",30.650000,-23.799999,0.000000,top
"Q2972","2N7002W","SOT-323_SC-70",167.550000,-26.600000,0.000000,top
"Q2973","2N7002W","SOT-323_SC-70",167.550000,-29.400000,0.000000,top
"Q2974","2N7002W","SOT-323_SC-70",49.150000,-233.799999,0.000000,top
"Q2975","2N7002W","SOT-323_SC-70",26.950000,-35.000000,0.000000,top
"Q2976","2N7002W","SOT-323_SC-70",15.850000,-29.400000,0.000000,top
"Q2977","2N7002W","SOT-323_SC-70",89.850000,-231.000000,0.000000,top
"Q2978","2N7002W","SOT-323_SC-70",89.850000,-228.200000,0.000000,top
"Q2979","2N7002W","SOT-323_SC-70",100.950000,-91.000000,0.000000,top
"Q2980","2N7002W","SOT-323_SC-70",71.350000,-82.600000,0.000000,top
"Q2981","2N7002W","SOT-323_SC-70",89.850000,-242.200000,0.000000,top
"Q2982","2N7002W","SOT-323_SC-70",89.850000,-247.799999,0.000000,top
"Q2983","2N7002W","SOT-323_SC-70",26.950000,-29.400000,0.000000,top
"Q2984","2N7002W","SOT-323_SC-70",189.750000,-158.200000,0.000000,top
"Q2985","2N7002W","SOT-323_SC-70",178.650000,-155.399999,0.000000,top
"Q2986","2N7002W","SOT-323_SC-70",211.950000,-261.799999,0.000000,top
"Q2987","2N7002W","SOT-323_SC-70",119.450000,-93.800000,0.000000,top
"Q2988","2N7002W","SOT-323_SC-70",119.450000,-96.600000,0.000000,top
"Q2989","2N7002W","SOT-323_SC-70",219.350000,-194.600000,0.000000,top
"Q2990","2N7002W","SOT-323_SC-70",219.350000,-197.399999,0.000000,top
"Q2991","2N7002W","SOT-323_SC-70",15.850000,-60.199999,0.000000,top
"Q2992","2N7002W","SOT-323_SC-70",15.850000,-63.000000,0.000000,top
"Q2993","2N7002W","SOT-323_SC-70",215.650000,-267.399999,0.000000,top
"Q2994","2N7002W","SOT-323_SC-70",211.950000,-267.399999,0.000000,top
"Q2995","2N7002W","SOT-323_SC-70",182.350000,-194.600000,0.000000,top
"Q2996","2N7002W","SOT-323_SC-70",182.350000,-200.200000,0.000000,top
"Q2997","2N7002W","SOT-323_SC-70",41.750000,-186.200000,0.000000,top
"Q2998","2N7002W","SOT-323_SC-70",49.150000,-191.799999,0.000000,top
"Q2999","2N7002W","SOT-323_SC-70",63.950000,-119.000000,0.000000,top
"Q3000","2N7002W","SOT-323_SC-70",245.250000,-43.400000,0.000000,top
"Q3001","2N7002W","SOT-323_SC-70",89.850000,-149.799999,0.000000,top
"Q3002","2N7002W","SOT-323_SC-70",89.850000,-152.600000,0.000000,top
"Q3003","2N7002W","SOT-323_SC-70",38.050000,-32.200000,0.000000,top
"Q3004","2N7002W","SOT-323_SC-70",145.350000,-239.399999,0.000000,top
"Q3005","2N7002W","SOT-323_SC-70",100.950000,-144.200000,0.000000,top
"Q3006","2N7002W","SOT-323_SC-70",60.250000,-284.200000,0.000000,top
"Q3007","2N7002W","SOT-323_SC-70",178.650000,-211.399999,0.000000,top
"Q3008","2N7002W","SOT-323_SC-70",178.650000,-214.200000,0.000000,top
"Q3009","2N7002W","SOT-323_SC-70",52.850000,-250.600000,0.000000,top
"Q3010","2N7002W","SOT-323_SC-70",52.850000,-253.399999,0.000000,top
"Q3011","2N7002W","SOT-323_SC-70",215.650000,-273.000000,0.000000,top
"Q3012","2N7002W","SOT-323_SC-70",15.850000,-26.600000,0.000000,top
"Q3013","2N7002W","SOT-323_SC-70",23.250000,-40.599999,0.000000,top
"Q3014","2N7002W","SOT-323_SC-70",223.050000,-281.400000,0.000000,top
"Q3015","2N7002W","SOT-323_SC-70",211.950000,-287.000000,0.000000,top
"Q3016","2N7002W","SOT-323_SC-70",134.250000,-242.200000,0.000000,top
"Q3017","2N7002W","SOT-323_SC-70",193.450000,-127.399999,0.000000,top
"Q3018","2N7002W","SOT-323_SC-70",226.750000,-124.600000,0.000000,top
"Q3019","2N7002W","SOT-323_SC-70",223.050000,-121.800000,0.000000,top
"Q3020","2N7002W","SOT-323_SC-70",112.050000,-256.200000,0.000000,top
"Q3021","2N7002W","SOT-323_SC-70",112.050000,-261.799999,0.000000,top
"Q3022","2N7002W","SOT-323_SC-70",141.650000,-85.399999,0.000000,top
"Q3023","2N7002W","SOT-323_SC-70",226.750000,-116.199999,0.000000,top
"Q3024","2N7002W","SOT-323_SC-70",223.050000,-113.399999,0.000000,top
"Q3025","2N7002W","SOT-323_SC-70",219.350000,-113.399999,0.000000,top
"Q3026","2N7002W","SOT-323_SC-70",215.650000,-110.600000,0.000000,top
"Q3027","2N7002W","SOT-323_SC-70",248.950000,-166.600000,0.000000,top
"Q3028","2N7002W","SOT-323_SC-70",245.250000,-166.600000,0.000000,top
"Q3029","2N7002W","SOT-323_SC-70",241.550000,-163.799999,0.000000,top
"Q3030","2N7002W","SOT-323_SC-70",241.550000,-166.600000,0.000000,top
"Q3031","2N7002W","SOT-323_SC-70",67.650000,-177.799999,0.000000,top
"Q3032","2N7002W","SOT-323_SC-70",137.950000,-233.799999,0.000000,top
"Q3033","2N7002W","SOT-323_SC-70",134.250000,-231.000000,0.000000,top
"Q3034","2N7002W","SOT-323_SC-70",189.750000,-175.000000,0.000000,top
"Q3035","2N7002W","SOT-323_SC-70",23.250000,-60.199999,0.000000,top
"Q3036","2N7002W","SOT-323_SC-70",208.250000,-247.799999,0.000000,top
"Q3037","2N7002W","SOT-323_SC-70",197.150000,-175.000000,0.000000,top
"Q3038","2N7002W","SOT-323_SC-70",126.850000,-247.799999,0.000000,top
"Q3039","2N7002W","SOT-323_SC-70",200.850000,-166.600000,0.000000,top
"Q3040","2N7002W","SOT-323_SC-70",67.650000,-169.399999,0.000000,top
"Q3041","2N7002W","SOT-323_SC-70",67.650000,-172.200000,0.000000,top
"Q3042","2N7002W","SOT-323_SC-70",93.550000,-141.399999,0.000000,top
"Q3043","2N7002W","SOT-323_SC-70",215.650000,-217.000000,0.000000,top
"Q3044","2N7002W","SOT-323_SC-70",112.050000,-203.000000,0.000000,top
"Q3045","2N7002W","SOT-323_SC-70",100.950000,-217.000000,0.000000,top
"Q3046","2N7002W","SOT-323_SC-70",178.650000,-273.000000,0.000000,top
"Q3047","2N7002W","SOT-323_SC-70",219.350000,-189.000000,0.000000,top
"Q3048","2N7002W","SOT-323_SC-70",93.550000,-102.199999,0.000000,top
"Q3049","2N7002W","SOT-323_SC-70",86.150000,-102.199999,0.000000,top
"Q3050","2N7002W","SOT-323_SC-70",156.450000,-197.399999,0.000000,top
"Q3051","2N7002W","SOT-323_SC-70",30.650000,-77.000000,0.000000,top
"Q3052","2N7002W","SOT-323_SC-70",223.050000,-96.600000,0.000000,top
"Q3053","2N7002W","SOT-323_SC-70",223.050000,-99.399999,0.000000,top
"Q3054","2N7002W","SOT-323_SC-70",23.250000,-26.600000,0.000000,top
"Q3055","2N7002W","SOT-323_SC-70",123.150000,-295.400000,0.000000,top
"Q3056","2N7002W","SOT-323_SC-70",204.550000,-88.199999,0.000000,top
"Q3057","2N7002W","SOT-323_SC-70",97.250000,-85.399999,0.000000,top
"Q3058","2N7002W","SOT-323_SC-70",230.450000,-256.200000,0.000000,top
"Q3059","2N7002W","SOT-323_SC-70",89.850000,-287.000000,0.000000,top
"Q3060","2N7002W","SOT-323_SC-70",89.850000,-292.599999,0.000000,top
"Q3061","2N7002W","SOT-323_SC-70",167.550000,-149.799999,0.000000,top
"Q3062","2N7002W","SOT-323_SC-70",200.850000,-79.800000,0.000000,top
"Q3063","2N7002W","SOT-323_SC-70",86.150000,-180.600000,0.000000,top
"Q3064","2N7002W","SOT-323_SC-70",93.550000,-191.799999,0.000000,top
"Q3065","2N7002W","SOT-323_SC-70",45.450000,-155.399999,0.000000,top
"Q3066","2N7002W","SOT-323_SC-70",49.150000,-244.999999,0.000000,top
"Q3067","2N7002W","SOT-323_SC-70",49.150000,-247.799999,0.000000,top
"Q3068","2N7002W","SOT-323_SC-70",45.450000,-253.399999,0.000000,top
"Q3069","2N7002W","SOT-323_SC-70",145.350000,-214.200000,0.000000,top
"Q3070","2N7002W","SOT-323_SC-70",30.650000,-169.399999,0.000000,top
"Q3071","2N7002W","SOT-323_SC-70",141.650000,-228.200000,0.000000,top
"Q3072","2N7002W","SOT-323_SC-70",223.050000,-172.200000,0.000000,top
"Q3073","2N7002W","SOT-323_SC-70",82.450000,-267.399999,0.000000,top
"Q3074","2N7002W","SOT-323_SC-70",82.450000,-270.200000,0.000000,top
"Q3075","2N7002W","SOT-323_SC-70",82.450000,-256.200000,0.000000,top
"Q3076","2N7002W","SOT-323_SC-70",78.750000,-253.399999,0.000000,top
"Q3077","2N7002W","SOT-323_SC-70",26.950000,-60.199999,0.000000,top
"Q3078","2N7002W","SOT-323_SC-70",41.750000,-63.000000,0.000000,top
"Q3079","2N7002W","SOT-323_SC-70",67.650000,-63.000000,0.000000,top
"Q3080","2N7002W","SOT-323_SC-70",67.650000,-65.800000,0.000000,top
"Q3081","2N7002W","SOT-323_SC-70",71.350000,-63.000000,0.000000,top
"Q3082","2N7002W","SOT-323_SC-70",75.050000,-63.000000,0.000000,top
"Q3083","2N7002W","SOT-323_SC-70",86.150000,-63.000000,0.000000,top
"Q3084","2N7002W","SOT-323_SC-70",89.850000,-63.000000,0.000000,top
"Q3085","2N7002W","SOT-323_SC-70",89.850000,-65.800000,0.000000,top
"Q3086","2N7002W","SOT-323_SC-70",93.550000,-65.800000,0.000000,top
"Q3087","2N7002W","SOT-323_SC-70",97.250000,-65.800000,0.000000,top
"Q3088","2N7002W","SOT-323_SC-70",93.550000,-68.600000,0.000000,top
"Q3089","2N7002W","SOT-323_SC-70",104.650000,-63.000000,0.000000,top
"Q3090","2N7002W","SOT-323_SC-70",104.650000,-65.800000,0.000000,top
"Q3091","2N7002W","SOT-323_SC-70",108.350000,-63.000000,0.000000,top
"Q3092","2N7002W","SOT-323_SC-70",108.350000,-65.800000,0.000000,top
"Q3093","2N7002W","SOT-323_SC-70",119.450000,-63.000000,0.000000,top
"Q3094","2N7002W","SOT-323_SC-70",145.350000,-63.000000,0.000000,top
"Q3095","2N7002W","SOT-323_SC-70",149.050000,-65.800000,0.000000,top
"Q3096","2N7002W","SOT-323_SC-70",156.450000,-63.000000,0.000000,top
"Q3097","2N7002W","SOT-323_SC-70",152.750000,-63.000000,0.000000,top
"Q3098","2N7002W","SOT-323_SC-70",160.150000,-63.000000,0.000000,top
"Q3099","2N7002W","SOT-323_SC-70",156.450000,-65.800000,0.000000,top
"Q3100","2N7002W","SOT-323_SC-70",163.850000,-63.000000,0.000000,top
"Q3101","2N7002W","SOT-323_SC-70",167.550000,-63.000000,0.000000,top
"Q3102","2N7002W","SOT-323_SC-70",171.250000,-63.000000,0.000000,top
"Q3103","2N7002W","SOT-323_SC-70",174.950000,-63.000000,0.000000,top
"Q3104","2N7002W","SOT-323_SC-70",182.350000,-63.000000,0.000000,top
"Q3105","2N7002W","SOT-323_SC-70",178.650000,-68.600000,0.000000,top
"Q3106","2N7002W","SOT-323_SC-70",189.750000,-63.000000,0.000000,top
"Q3107","2N7002W","SOT-323_SC-70",182.350000,-68.600000,0.000000,top
"Q3108","2N7002W","SOT-323_SC-70",197.150000,-63.000000,0.000000,top
"Q3109","2N7002W","SOT-323_SC-70",200.850000,-63.000000,0.000000,top
"Q3110","2N7002W","SOT-323_SC-70",200.850000,-65.800000,0.000000,top
"Q3111","2N7002W","SOT-323_SC-70",219.350000,-65.800000,0.000000,top
"Q3112","2N7002W","SOT-323_SC-70",226.750000,-63.000000,0.000000,top
"Q3113","2N7002W","SOT-323_SC-70",234.150000,-68.600000,0.000000,top
"Q3114","2N7002W","SOT-323_SC-70",237.850000,-63.000000,0.000000,top
"Q3115","2N7002W","SOT-323_SC-70",245.250000,-63.000000,0.000000,top
"Q3116","2N7002W","SOT-323_SC-70",215.650000,-264.600000,0.000000,top
"Q3117","2N7002W","SOT-323_SC-70",215.650000,-270.200000,0.000000,top
"Q3118","2N7002W","SOT-323_SC-70",89.850000,-194.600000,0.000000,top
"Q3119","2N7002W","SOT-323_SC-70",89.850000,-203.000000,0.000000,top
"Q3120","2N7002W","SOT-323_SC-70",82.450000,-228.200000,0.000000,top
"Q3121","2N7002W","SOT-323_SC-70",86.150000,-211.399999,0.000000,top
"Q3122","2N7002W","SOT-323_SC-70",89.850000,-211.399999,0.000000,top
"Q3123","2N7002W","SOT-323_SC-70",93.550000,-203.000000,0.000000,top
"Q3124","2N7002W","SOT-323_SC-70",82.450000,-244.999999,0.000000,top
"Q3125","2N7002W","SOT-323_SC-70",82.450000,-242.200000,0.000000,top
"Q3126","2N7002W","SOT-323_SC-70",93.550000,-228.200000,0.000000,top
"Q3127","2N7002W","SOT-323_SC-70",93.550000,-239.399999,0.000000,top
"Q3128","2N7002W","SOT-323_SC-70",75.050000,-253.399999,0.000000,top
"Q3129","2N7002W","SOT-323_SC-70",52.850000,-239.399999,0.000000,top
"Q3130","2N7002W","SOT-323_SC-70",60.250000,-88.199999,0.000000,top
"Q3131","2N7002W","SOT-323_SC-70",93.550000,-287.000000,0.000000,top
"Q3132","2N7002W","SOT-323_SC-70",93.550000,-292.599999,0.000000,top
"Q3133","2N7002W","SOT-323_SC-70",189.750000,-270.200000,0.000000,top
"Q3134","2N7002W","SOT-323_SC-70",193.450000,-273.000000,0.000000,top
"Q3135","2N7002W","SOT-323_SC-70",182.350000,-275.800000,0.000000,top
"Q3136","2N7002W","SOT-323_SC-70",167.550000,-180.600000,0.000000,top
"Q3137","2N7002W","SOT-323_SC-70",167.550000,-183.399999,0.000000,top
"Q3138","2N7002W","SOT-323_SC-70",174.950000,-183.399999,0.000000,top
"Q3139","2N7002W","SOT-323_SC-70",186.050000,-177.799999,0.000000,top
"Q3140","2N7002W","SOT-323_SC-70",86.150000,-264.600000,0.000000,top
"Q3141","2N7002W","SOT-323_SC-70",86.150000,-267.399999,0.000000,top
"Q3142","2N7002W","SOT-323_SC-70",89.850000,-273.000000,0.000000,top
"Q3143","2N7002W","SOT-323_SC-70",186.050000,-259.000000,0.000000,top
"Q3144","2N7002W","SOT-323_SC-70",174.950000,-133.000000,0.000000,top
"Q3145","2N7002W","SOT-323_SC-70",130.550000,-29.400000,0.000000,top
"Q3146","2N7002W","SOT-323_SC-70",193.450000,-225.399999,0.000000,top
"Q3147","2N7002W","SOT-323_SC-70",189.750000,-222.600000,0.000000,top
"Q3148","2N7002W","SOT-323_SC-70",193.450000,-203.000000,0.000000,top
"Q3149","2N7002W","SOT-323_SC-70",189.750000,-203.000000,0.000000,top
"Q3150","2N7002W","SOT-323_SC-70",189.750000,-275.800000,0.000000,top
"Q3151","2N7002W","SOT-323_SC-70",193.450000,-275.800000,0.000000,top
"Q3152","2N7002W","SOT-323_SC-70",19.550000,-102.199999,0.000000,top
"Q3153","2N7002W","SOT-323_SC-70",252.650000,-161.000000,0.000000,top
"Q3154","2N7002W","SOT-323_SC-70",119.450000,-270.200000,0.000000,top
"Q3155","2N7002W","SOT-323_SC-70",156.450000,-169.399999,0.000000,top
"Q3156","2N7002W","SOT-323_SC-70",156.450000,-172.200000,0.000000,top
"Q3157","2N7002W","SOT-323_SC-70",230.450000,-135.800000,0.000000,top
"Q3158","2N7002W","SOT-323_SC-70",226.750000,-135.800000,0.000000,top
"Q3159","2N7002W","SOT-323_SC-70",126.850000,-273.000000,0.000000,top
"Q3160","2N7002W","SOT-323_SC-70",230.450000,-172.200000,0.000000,top
"Q3161","2N7002W","SOT-323_SC-70",89.850000,-110.600000,0.000000,top
"Q3162","2N7002W","SOT-323_SC-70",193.450000,-158.200000,0.000000,top
"Q3163","2N7002W","SOT-323_SC-70",193.450000,-161.000000,0.000000,top
"Q3164","2N7002W","SOT-323_SC-70",89.850000,-175.000000,0.000000,top
"Q3165","2N7002W","SOT-323_SC-70",186.050000,-211.399999,0.000000,top
"Q3166","2N7002W","SOT-323_SC-70",256.350000,-88.199999,0.000000,top
"Q3167","2N7002W","SOT-323_SC-70",56.550000,-177.799999,0.000000,top
"Q3168","2N7002W","SOT-323_SC-70",219.350000,-222.600000,0.000000,top
"Q3169","2N7002W","SOT-323_SC-70",208.250000,-222.600000,0.000000,top
"Q3170","2N7002W","SOT-323_SC-70",160.150000,-169.399999,0.000000,top
"Q3171","2N7002W","SOT-323_SC-70",160.150000,-172.200000,0.000000,top
"Q3172","2N7002W","SOT-323_SC-70",71.350000,-93.800000,0.000000,top
"Q3173","2N7002W","SOT-323_SC-70",211.950000,-116.199999,0.000000,top
"Q3174","2N7002W","SOT-323_SC-70",45.450000,-270.200000,0.000000,top
"Q3175","2N7002W","SOT-323_SC-70",49.150000,-275.800000,0.000000,top
"Q3176","2N7002W","SOT-323_SC-70",219.350000,-144.200000,0.000000,top
"Q3177","2N7002W","SOT-323_SC-70",211.950000,-138.600000,0.000000,top
"Q3178","2N7002W","SOT-323_SC-70",226.750000,-130.199999,0.000000,top
"Q3179","2N7002W","SOT-323_SC-70",230.450000,-133.000000,0.000000,top
"Q3180","2N7002W","SOT-323_SC-70",200.850000,-99.399999,0.000000,top
"Q3181","2N7002W","SOT-323_SC-70",197.150000,-93.800000,0.000000,top
"Q3182","2N7002W","SOT-323_SC-70",130.550000,-88.199999,0.000000,top
"Q3183","2N7002W","SOT-323_SC-70",100.950000,-228.200000,0.000000,top
"Q3184","2N7002W","SOT-323_SC-70",97.250000,-228.200000,0.000000,top
"Q3185","2N7002W","SOT-323_SC-70",149.050000,-281.400000,0.000000,top
"Q3186","2N7002W","SOT-323_SC-70",145.350000,-281.400000,0.000000,top
"Q3187","2N7002W","SOT-323_SC-70",41.750000,-197.399999,0.000000,top
"Q3188","2N7002W","SOT-323_SC-70",41.750000,-200.200000,0.000000,top
"Q3189","2N7002W","SOT-323_SC-70",75.050000,-284.200000,0.000000,top
"Q3190","2N7002W","SOT-323_SC-70",174.950000,-141.399999,0.000000,top
"Q3191","2N7002W","SOT-323_SC-70",137.950000,-91.000000,0.000000,top
"Q3192","2N7002W","SOT-323_SC-70",141.650000,-250.600000,0.000000,top
"Q3193","2N7002W","SOT-323_SC-70",86.150000,-270.200000,0.000000,top
"Q3194","2N7002W","SOT-323_SC-70",86.150000,-275.800000,0.000000,top
"Q3195","2N7002W","SOT-323_SC-70",49.150000,-231.000000,0.000000,top
"Q3196","2N7002W","SOT-323_SC-70",49.150000,-236.600000,0.000000,top
"Q3197","2N7002W","SOT-323_SC-70",52.850000,-149.799999,0.000000,top
"Q3198","2N7002W","SOT-323_SC-70",152.750000,-119.000000,0.000000,top
"Q3199","2N7002W","SOT-323_SC-70",108.350000,-281.400000,0.000000,top
"Q3200","2N7002W","SOT-323_SC-70",60.250000,-35.000000,0.000000,top
"Q3201","2N7002W","SOT-323_SC-70",63.950000,-32.200000,0.000000,top
"Q3202","2N7002W","SOT-323_SC-70",145.350000,-177.799999,0.000000,top
"Q3203","2N7002W","SOT-323_SC-70",226.750000,-82.600000,0.000000,top
"Q3204","2N7002W","SOT-323_SC-70",52.850000,-175.000000,0.000000,top
"Q3205","2N7002W","SOT-323_SC-70",100.950000,-275.800000,0.000000,top
"Q3206","2N7002W","SOT-323_SC-70",100.950000,-278.599999,0.000000,top
"Q3207","2N7002W","SOT-323_SC-70",97.250000,-278.599999,0.000000,top
"Q3208","2N7002W","SOT-323_SC-70",112.050000,-130.199999,0.000000,top
"Q3209","2N7002W","SOT-323_SC-70",45.450000,-225.399999,0.000000,top
"Q3210","2N7002W","SOT-323_SC-70",97.250000,-239.399999,0.000000,top
"Q3211","2N7002W","SOT-323_SC-70",86.150000,-259.000000,0.000000,top
"Q3212","2N7002W","SOT-323_SC-70",89.850000,-264.600000,0.000000,top
"Q3213","2N7002W","SOT-323_SC-70",97.250000,-264.600000,0.000000,top
"Q3214","2N7002W","SOT-323_SC-70",82.450000,-273.000000,0.000000,top
"Q3215","2N7002W","SOT-323_SC-70",78.750000,-275.800000,0.000000,top
"Q3216","2N7002W","SOT-323_SC-70",260.050000,-102.199999,0.000000,top
"Q3217","2N7002W","SOT-323_SC-70",252.650000,-57.400000,0.000000,top
"Q3218","2N7002W","SOT-323_SC-70",97.250000,-32.200000,0.000000,top
"Q3219","2N7002W","SOT-323_SC-70",60.250000,-278.599999,0.000000,top
"Q3220","2N7002W","SOT-323_SC-70",63.950000,-278.599999,0.000000,top
"Q3221","2N7002W","SOT-323_SC-70",171.250000,-191.799999,0.000000,top
"Q3222","2N7002W","SOT-323_SC-70",174.950000,-189.000000,0.000000,top
"Q3223","2N7002W","SOT-323_SC-70",178.650000,-194.600000,0.000000,top
"Q3224","2N7002W","SOT-323_SC-70",182.350000,-197.399999,0.000000,top
"Q3225","2N7002W","SOT-323_SC-70",174.950000,-203.000000,0.000000,top
"Q3226","2N7002W","SOT-323_SC-70",152.750000,-138.600000,0.000000,top
"Q3227","2N7002W","SOT-323_SC-70",263.750000,-107.800000,0.000000,top
"Q3228","2N7002W","SOT-323_SC-70",260.050000,-105.000000,0.000000,top
"Q3229","2N7002W","SOT-323_SC-70",41.750000,-289.799999,0.000000,top
"Q3230","2N7002W","SOT-323_SC-70",45.450000,-284.200000,0.000000,top
"Q3231","2N7002W","SOT-323_SC-70",156.450000,-113.399999,0.000000,top
"Q3232","2N7002W","SOT-323_SC-70",241.550000,-152.600000,0.000000,top
"Q3233","2N7002W","SOT-323_SC-70",234.150000,-155.399999,0.000000,top
"Q3234","2N7002W","SOT-323_SC-70",145.350000,-166.600000,0.000000,top
"Q3235","2N7002W","SOT-323_SC-70",26.950000,-43.400000,0.000000,top
"Q3236","2N7002W","SOT-323_SC-70",49.150000,-180.600000,0.000000,top
"Q3237","2N7002W","SOT-323_SC-70",52.850000,-180.600000,0.000000,top
"Q3238","2N7002W","SOT-323_SC-70",215.650000,-261.799999,0.000000,top
"Q3239","2N7002W","SOT-323_SC-70",56.550000,-180.600000,0.000000,top
"Q3240","2N7002W","SOT-323_SC-70",137.950000,-93.800000,0.000000,top
"Q3241","2N7002W","SOT-323_SC-70",152.750000,-96.600000,0.000000,top
"Q3242","2N7002W","SOT-323_SC-70",137.950000,-194.600000,0.000000,top
"Q3243","2N7002W","SOT-323_SC-70",245.250000,-93.800000,0.000000,top
"Q3244","2N7002W","SOT-323_SC-70",174.950000,-23.799999,0.000000,top
"Q3245","2N7002W","SOT-323_SC-70",171.250000,-21.000000,0.000000,top
"Q3246","2N7002W","SOT-323_SC-70",141.650000,-161.000000,0.000000,top
"Q3247","2N7002W","SOT-323_SC-70",137.950000,-158.200000,0.000000,top
"Q3248","2N7002W","SOT-323_SC-70",171.250000,-135.800000,0.000000,top
"Q3249","2N7002W","SOT-323_SC-70",182.350000,-222.600000,0.000000,top
"Q3250","2N7002W","SOT-323_SC-70",182.350000,-225.399999,0.000000,top
"Q3251","2N7002W","SOT-323_SC-70",56.550000,-203.000000,0.000000,top
"Q3252","2N7002W","SOT-323_SC-70",30.650000,-71.400000,0.000000,top
"Q3253","2N7002W","SOT-323_SC-70",34.350000,-71.400000,0.000000,top
"Q3254","2N7002W","SOT-323_SC-70",38.050000,-74.199999,0.000000,top
"Q3255","2N7002W","SOT-323_SC-70",41.750000,-71.400000,0.000000,top
"Q3256","2N7002W","SOT-323_SC-70",41.750000,-74.199999,0.000000,top
"Q3257","2N7002W","SOT-323_SC-70",52.850000,-74.199999,0.000000,top
"Q3258","2N7002W","SOT-323_SC-70",56.550000,-77.000000,0.000000,top
"Q3259","2N7002W","SOT-323_SC-70",60.250000,-71.400000,0.000000,top
"Q3260","2N7002W","SOT-323_SC-70",60.250000,-74.199999,0.000000,top
"Q3261","2N7002W","SOT-323_SC-70",63.950000,-71.400000,0.000000,top
"Q3262","2N7002W","SOT-323_SC-70",67.650000,-74.199999,0.000000,top
"Q3263","2N7002W","SOT-323_SC-70",71.350000,-74.199999,0.000000,top
"Q3264","2N7002W","SOT-323_SC-70",75.050000,-74.199999,0.000000,top
"Q3265","2N7002W","SOT-323_SC-70",78.750000,-74.199999,0.000000,top
"Q3266","2N7002W","SOT-323_SC-70",82.450000,-74.199999,0.000000,top
"Q3267","2N7002W","SOT-323_SC-70",93.550000,-74.199999,0.000000,top
"Q3268","2N7002W","SOT-323_SC-70",115.750000,-74.199999,0.000000,top
"Q3269","2N7002W","SOT-323_SC-70",126.850000,-74.199999,0.000000,top
"Q3270","2N7002W","SOT-323_SC-70",123.150000,-74.199999,0.000000,top
"Q3271","2N7002W","SOT-323_SC-70",152.750000,-74.199999,0.000000,top
"Q3272","2N7002W","SOT-323_SC-70",156.450000,-74.199999,0.000000,top
"Q3273","2N7002W","SOT-323_SC-70",156.450000,-77.000000,0.000000,top
"Q3274","2N7002W","SOT-323_SC-70",171.250000,-74.199999,0.000000,top
"Q3275","2N7002W","SOT-323_SC-70",186.050000,-74.199999,0.000000,top
"Q3276","2N7002W","SOT-323_SC-70",193.450000,-74.199999,0.000000,top
"Q3277","2N7002W","SOT-323_SC-70",189.750000,-74.199999,0.000000,top
"Q3278","2N7002W","SOT-323_SC-70",189.750000,-77.000000,0.000000,top
"Q3279","2N7002W","SOT-323_SC-70",193.450000,-77.000000,0.000000,top
"Q3280","2N7002W","SOT-323_SC-70",204.550000,-74.199999,0.000000,top
"Q3281","2N7002W","SOT-323_SC-70",226.750000,-74.199999,0.000000,top
"Q3282","2N7002W","SOT-323_SC-70",226.750000,-77.000000,0.000000,top
"Q3283","2N7002W","SOT-323_SC-70",223.050000,-116.199999,0.000000,top
"Q3284","2N7002W","SOT-323_SC-70",108.350000,-130.199999,0.000000,top
"Q3287","2N7002W","SOT-323_SC-70",26.950000,-54.599999,0.000000,top
"Q3288","2N7002W","SOT-323_SC-70",19.550000,-63.000000,0.000000,top
"Q3289","2N7002W","SOT-323_SC-70",137.950000,-256.200000,0.000000,top
"Q3290","2N7002W","SOT-323_SC-70",141.650000,-261.799999,0.000000,top
"Q3291","2N7002W","SOT-323_SC-70",45.450000,-219.799999,0.000000,top
"Q3292","2N7002W","SOT-323_SC-70",137.950000,-259.000000,0.000000,top
"Q3293","2N7002W","SOT-323_SC-70",215.650000,-236.600000,0.000000,top
"Q3294","2N7002W","SOT-323_SC-70",182.350000,-85.399999,0.000000,top
"Q3295","2N7002W","SOT-323_SC-70",215.650000,-225.399999,0.000000,top
"Q3296","2N7002W","SOT-323_SC-70",252.650000,-155.399999,0.000000,top
"Q3297","2N7002W","SOT-323_SC-70",49.150000,-287.000000,0.000000,top
"Q3298","2N7002W","SOT-323_SC-70",171.250000,-233.799999,0.000000,top
"Q3299","2N7002W","SOT-323_SC-70",174.950000,-231.000000,0.000000,top
"Q3300","2N7002W","SOT-323_SC-70",174.950000,-236.600000,0.000000,top
"Q3301","2N7002W","SOT-323_SC-70",115.750000,-247.799999,0.000000,top
"Q3302","2N7002W","SOT-323_SC-70",19.550000,-77.000000,0.000000,top
"Q3303","2N7002W","SOT-323_SC-70",15.850000,-79.800000,0.000000,top
"Q3304","2N7002W","SOT-323_SC-70",23.250000,-79.800000,0.000000,top
"Q3305","2N7002W","SOT-323_SC-70",15.850000,-82.600000,0.000000,top
"Q3306","2N7002W","SOT-323_SC-70",145.350000,-96.600000,0.000000,top
"Q3307","2N7002W","SOT-323_SC-70",223.050000,-85.399999,0.000000,top
"Q3308","2N7002W","SOT-323_SC-70",123.150000,-166.600000,0.000000,top
"Q3309","2N7002W","SOT-323_SC-70",174.950000,-152.600000,0.000000,top
"Q3310","2N7002W","SOT-323_SC-70",171.250000,-155.399999,0.000000,top
"Q3311","2N7002W","SOT-323_SC-70",178.650000,-158.200000,0.000000,top
"Q3312","2N7002W","SOT-323_SC-70",182.350000,-231.000000,0.000000,top
"Q3313","2N7002W","SOT-323_SC-70",182.350000,-233.799999,0.000000,top
"Q3314","2N7002W","SOT-323_SC-70",186.050000,-236.600000,0.000000,top
"Q3315","2N7002W","SOT-323_SC-70",267.450000,-107.800000,0.000000,top
"Q3316","2N7002W","SOT-323_SC-70",271.150000,-107.800000,0.000000,top
"Q3317","2N7002W","SOT-323_SC-70",137.950000,-239.399999,0.000000,top
"Q3318","2N7002W","SOT-323_SC-70",252.650000,-60.199999,0.000000,top
"Q3319","2N7002W","SOT-323_SC-70",167.550000,-197.399999,0.000000,top
"Q3320","2N7002W","SOT-323_SC-70",186.050000,-107.800000,0.000000,top
"Q3321","2N7002W","SOT-323_SC-70",182.350000,-105.000000,0.000000,top
"Q3322","2N7002W","SOT-323_SC-70",211.950000,-186.200000,0.000000,top
"Q3323","2N7002W","SOT-323_SC-70",237.850000,-172.200000,0.000000,top
"Q3324","2N7002W","SOT-323_SC-70",256.350000,-51.800000,0.000000,top
"Q3325","2N7002W","SOT-323_SC-70",126.850000,-203.000000,0.000000,top
"Q3326","2N7002W","SOT-323_SC-70",123.150000,-200.200000,0.000000,top
"Q3327","2N7002W","SOT-323_SC-70",237.850000,-119.000000,0.000000,top
"Q3328","2N7002W","SOT-323_SC-70",123.150000,-189.000000,0.000000,top
"Q3329","2N7002W","SOT-323_SC-70",123.150000,-191.799999,0.000000,top
"Q3330","2N7002W","SOT-323_SC-70",71.350000,-102.199999,0.000000,top
"Q3331","2N7002W","SOT-323_SC-70",75.050000,-105.000000,0.000000,top
"Q3332","2N7002W","SOT-323_SC-70",137.950000,-169.399999,0.000000,top
"Q3333","2N7002W","SOT-323_SC-70",137.950000,-172.200000,0.000000,top
"Q3334","2N7002W","SOT-323_SC-70",178.650000,-231.000000,0.000000,top
"Q3335","2N7002W","SOT-323_SC-70",182.350000,-236.600000,0.000000,top
"Q3336","2N7002W","SOT-323_SC-70",178.650000,-239.399999,0.000000,top
"Q3337","2N7002W","SOT-323_SC-70",248.950000,-105.000000,0.000000,top
"Q3338","2N7002W","SOT-323_SC-70",248.950000,-107.800000,0.000000,top
"Q3339","2N7002W","SOT-323_SC-70",115.750000,-88.199999,0.000000,top
"Q3340","2N7002W","SOT-323_SC-70",112.050000,-88.199999,0.000000,top
"Q3341","2N7002W","SOT-323_SC-70",230.450000,-113.399999,0.000000,top
"Q3342","2N7002W","SOT-323_SC-70",226.750000,-110.600000,0.000000,top
"Q3343","2N7002W","SOT-323_SC-70",137.950000,-225.399999,0.000000,top
"Q3344","2N7002W","SOT-323_SC-70",134.250000,-225.399999,0.000000,top
"Q3345","2N7002W","SOT-323_SC-70",167.550000,-194.600000,0.000000,top
"Q3346","2N7002W","SOT-323_SC-70",160.150000,-194.600000,0.000000,top
"Q3347","2N7002W","SOT-323_SC-70",160.150000,-197.399999,0.000000,top
"Q3348","2N7002W","SOT-323_SC-70",160.150000,-208.600000,0.000000,top
"Q3349","2N7002W","SOT-323_SC-70",167.550000,-219.799999,0.000000,top
"Q3350","2N7002W","SOT-323_SC-70",171.250000,-219.799999,0.000000,top
"Q3351","2N7002W","SOT-323_SC-70",171.250000,-222.600000,0.000000,top
"Q3352","2N7002W","SOT-323_SC-70",171.250000,-228.200000,0.000000,top
"Q3353","2N7002W","SOT-323_SC-70",167.550000,-242.200000,0.000000,top
"Q3354","2N7002W","SOT-323_SC-70",160.150000,-233.799999,0.000000,top
"Q3355","2N7002W","SOT-323_SC-70",167.550000,-247.799999,0.000000,top
"Q3356","2N7002W","SOT-323_SC-70",160.150000,-244.999999,0.000000,top
"Q3357","2N7002W","SOT-323_SC-70",167.550000,-261.799999,0.000000,top
"Q3358","2N7002W","SOT-323_SC-70",163.850000,-259.000000,0.000000,top
"Q3359","2N7002W","SOT-323_SC-70",171.250000,-270.200000,0.000000,top
"Q3360","2N7002W","SOT-323_SC-70",160.150000,-267.399999,0.000000,top
"Q3361","2N7002W","SOT-323_SC-70",174.950000,-292.599999,0.000000,top
"Q3362","2N7002W","SOT-323_SC-70",174.950000,-295.400000,0.000000,top
"Q3363","2N7002W","SOT-323_SC-70",112.050000,-163.799999,0.000000,top
"Q3364","2N7002W","SOT-323_SC-70",200.850000,-43.400000,0.000000,top
"Q3365","2N7002W","SOT-323_SC-70",197.150000,-40.599999,0.000000,top
"Q3366","2N7002W","SOT-323_SC-70",163.850000,-40.599999,0.000000,top
"Q3367","2N7002W","SOT-323_SC-70",174.950000,-43.400000,0.000000,top
"Q3368","2N7002W","SOT-323_SC-70",241.550000,-43.400000,0.000000,top
"Q3369","2N7002W","SOT-323_SC-70",67.650000,-43.400000,0.000000,top
"Q3370","2N7002W","SOT-323_SC-70",75.050000,-43.400000,0.000000,top
"Q3371","2N7002W","SOT-323_SC-70",123.150000,-43.400000,0.000000,top
"Q3372","2N7002W","SOT-323_SC-70",145.350000,-43.400000,0.000000,top
"Q3373","2N7002W","SOT-323_SC-70",197.150000,-158.200000,0.000000,top
"Q3374","2N7002W","SOT-323_SC-70",186.050000,-166.600000,0.000000,top
"Q3375","2N7002W","SOT-323_SC-70",67.650000,-278.599999,0.000000,top
"Q3376","2N7002W","SOT-323_SC-70",63.950000,-281.400000,0.000000,top
"Q3377","2N7002W","SOT-323_SC-70",60.250000,-281.400000,0.000000,top
"Q3378","2N7002W","SOT-323_SC-70",56.550000,-278.599999,0.000000,top
"Q3379","2N7002W","SOT-323_SC-70",93.550000,-26.600000,0.000000,top
"Q3380","2N7002W","SOT-323_SC-70",89.850000,-23.799999,0.000000,top
"Q3381","2N7002W","SOT-323_SC-70",182.350000,-189.000000,0.000000,top
"Q3382","2N7002W","SOT-323_SC-70",178.650000,-183.399999,0.000000,top
"Q3383","2N7002W","SOT-323_SC-70",182.350000,-191.799999,0.000000,top
"Q3384","2N7002W","SOT-323_SC-70",67.650000,-130.199999,0.000000,top
"Q3385","2N7002W","SOT-323_SC-70",178.650000,-121.800000,0.000000,top
"Q3386","2N7002W","SOT-323_SC-70",178.650000,-124.600000,0.000000,top
"Q3387","2N7002W","SOT-323_SC-70",119.450000,-127.399999,0.000000,top
"Q3388","2N7002W","SOT-323_SC-70",75.050000,-289.799999,0.000000,top
"Q3389","2N7002W","SOT-323_SC-70",211.950000,-197.399999,0.000000,top
"Q3390","2N7002W","SOT-323_SC-70",215.650000,-194.600000,0.000000,top
"Q3391","2N7002W","SOT-323_SC-70",156.450000,-133.000000,0.000000,top
"Q3392","2N7002W","SOT-323_SC-70",174.950000,-177.799999,0.000000,top
"Q3393","2N7002W","SOT-323_SC-70",230.450000,-51.800000,0.000000,top
"Q3394","2N7002W","SOT-323_SC-70",30.650000,-49.000000,0.000000,top
"Q3395","2N7002W","SOT-323_SC-70",34.350000,-51.800000,0.000000,top
"Q3396","2N7002W","SOT-323_SC-70",38.050000,-51.800000,0.000000,top
"Q3397","2N7002W","SOT-323_SC-70",38.050000,-49.000000,0.000000,top
"Q3398","2N7002W","SOT-323_SC-70",45.450000,-51.800000,0.000000,top
"Q3399","2N7002W","SOT-323_SC-70",52.850000,-51.800000,0.000000,top
"Q3400","2N7002W","SOT-323_SC-70",60.250000,-51.800000,0.000000,top
"Q3401","2N7002W","SOT-323_SC-70",63.950000,-49.000000,0.000000,top
"Q3402","2N7002W","SOT-323_SC-70",67.650000,-49.000000,0.000000,top
"Q3403","2N7002W","SOT-323_SC-70",71.350000,-49.000000,0.000000,top
"Q3404","2N7002W","SOT-323_SC-70",60.250000,-46.199999,0.000000,top
"Q3405","2N7002W","SOT-323_SC-70",63.950000,-46.199999,0.000000,top
"Q3406","2N7002W","SOT-323_SC-70",67.650000,-46.199999,0.000000,top
"Q3407","2N7002W","SOT-323_SC-70",78.750000,-46.199999,0.000000,top
"Q3408","2N7002W","SOT-323_SC-70",82.450000,-46.199999,0.000000,top
"Q3409","2N7002W","SOT-323_SC-70",86.150000,-54.599999,0.000000,top
"Q3410","2N7002W","SOT-323_SC-70",93.550000,-49.000000,0.000000,top
"Q3411","2N7002W","SOT-323_SC-70",82.450000,-57.400000,0.000000,top
"Q3412","2N7002W","SOT-323_SC-70",86.150000,-46.199999,0.000000,top
"Q3413","2N7002W","SOT-323_SC-70",100.950000,-49.000000,0.000000,top
"Q3414","2N7002W","SOT-323_SC-70",108.350000,-46.199999,0.000000,top
"Q3415","2N7002W","SOT-323_SC-70",112.050000,-49.000000,0.000000,top
"Q3416","2N7002W","SOT-323_SC-70",112.050000,-46.199999,0.000000,top
"Q3417","2N7002W","SOT-323_SC-70",115.750000,-49.000000,0.000000,top
"Q3418","2N7002W","SOT-323_SC-70",115.750000,-46.199999,0.000000,top
"Q3419","2N7002W","SOT-323_SC-70",126.850000,-46.199999,0.000000,top
"Q3420","2N7002W","SOT-323_SC-70",130.550000,-46.199999,0.000000,top
"Q3421","2N7002W","SOT-323_SC-70",134.250000,-46.199999,0.000000,top
"Q3422","2N7002W","SOT-323_SC-70",137.950000,-49.000000,0.000000,top
"Q3423","2N7002W","SOT-323_SC-70",141.650000,-49.000000,0.000000,top
"Q3424","2N7002W","SOT-323_SC-70",145.350000,-49.000000,0.000000,top
"Q3425","2N7002W","SOT-323_SC-70",141.650000,-46.199999,0.000000,top
"Q3426","2N7002W","SOT-323_SC-70",149.050000,-46.199999,0.000000,top
"Q3427","2N7002W","SOT-323_SC-70",160.150000,-51.800000,0.000000,top
"Q3428","2N7002W","SOT-323_SC-70",152.750000,-46.199999,0.000000,top
"Q3429","2N7002W","SOT-323_SC-70",163.850000,-51.800000,0.000000,top
"Q3430","2N7002W","SOT-323_SC-70",167.550000,-51.800000,0.000000,top
"Q3431","2N7002W","SOT-323_SC-70",171.250000,-51.800000,0.000000,top
"Q3432","2N7002W","SOT-323_SC-70",174.950000,-51.800000,0.000000,top
"Q3433","2N7002W","SOT-323_SC-70",182.350000,-51.800000,0.000000,top
"Q3434","2N7002W","SOT-323_SC-70",182.350000,-49.000000,0.000000,top
"Q3435","2N7002W","SOT-323_SC-70",186.050000,-49.000000,0.000000,top
"Q3436","2N7002W","SOT-323_SC-70",189.750000,-51.800000,0.000000,top
"Q3437","2N7002W","SOT-323_SC-70",189.750000,-49.000000,0.000000,top
"Q3438","2N7002W","SOT-323_SC-70",193.450000,-51.800000,0.000000,top
"Q3439","2N7002W","SOT-323_SC-70",197.150000,-51.800000,0.000000,top
"Q3440","2N7002W","SOT-323_SC-70",200.850000,-49.000000,0.000000,top
"Q3441","2N7002W","SOT-323_SC-70",200.850000,-51.800000,0.000000,top
"Q3442","2N7002W","SOT-323_SC-70",204.550000,-51.800000,0.000000,top
"Q3443","2N7002W","SOT-323_SC-70",200.850000,-46.199999,0.000000,top
"Q3444","2N7002W","SOT-323_SC-70",208.250000,-49.000000,0.000000,top
"Q3445","2N7002W","SOT-323_SC-70",211.950000,-49.000000,0.000000,top
"Q3446","2N7002W","SOT-323_SC-70",215.650000,-49.000000,0.000000,top
"Q3447","2N7002W","SOT-323_SC-70",219.350000,-49.000000,0.000000,top
"Q3448","2N7002W","SOT-323_SC-70",211.950000,-46.199999,0.000000,top
"Q3449","2N7002W","SOT-323_SC-70",223.050000,-49.000000,0.000000,top
"Q3450","2N7002W","SOT-323_SC-70",223.050000,-51.800000,0.000000,top
"Q3451","2N7002W","SOT-323_SC-70",226.750000,-49.000000,0.000000,top
"Q3452","2N7002W","SOT-323_SC-70",230.450000,-49.000000,0.000000,top
"Q3453","2N7002W","SOT-323_SC-70",234.150000,-51.800000,0.000000,top
"Q3454","2N7002W","SOT-323_SC-70",234.150000,-49.000000,0.000000,top
"Q3455","2N7002W","SOT-323_SC-70",245.250000,-51.800000,0.000000,top
"Q3456","2N7002W","SOT-323_SC-70",108.350000,-29.400000,0.000000,top
"Q3457","2N7002W","SOT-323_SC-70",112.050000,-32.200000,0.000000,top
"Q3458","2N7002W","SOT-323_SC-70",115.750000,-26.600000,0.000000,top
"Q3459","2N7002W","SOT-323_SC-70",104.650000,-225.399999,0.000000,top
"Q3460","2N7002W","SOT-323_SC-70",19.550000,-82.600000,0.000000,top
"Q3461","2N7002W","SOT-323_SC-70",23.250000,-82.600000,0.000000,top
"Q3462","2N7002W","SOT-323_SC-70",67.650000,-121.800000,0.000000,top
"Q3463","2N7002W","SOT-323_SC-70",67.650000,-133.000000,0.000000,top
"Q3464","2N7002W","SOT-323_SC-70",104.650000,-284.200000,0.000000,top
"Q3465","2N7002W","SOT-323_SC-70",97.250000,-289.799999,0.000000,top
"Q3466","2N7002W","SOT-323_SC-70",263.750000,-110.600000,0.000000,top
"Q3467","2N7002W","SOT-323_SC-70",204.550000,-172.200000,0.000000,top
"Q3468","2N7002W","SOT-323_SC-70",26.950000,-46.199999,0.000000,top
"Q3469","2N7002W","SOT-323_SC-70",30.650000,-46.199999,0.000000,top
"Q3470","2N7002W","SOT-323_SC-70",45.450000,-197.399999,0.000000,top
"Q3471","2N7002W","SOT-323_SC-70",134.250000,-239.399999,0.000000,top
"Q3472","2N7002W","SOT-323_SC-70",119.450000,-135.800000,0.000000,top
"Q3473","2N7002W","SOT-323_SC-70",115.750000,-135.800000,0.000000,top
"Q3474","2N7002W","SOT-323_SC-70",60.250000,-96.600000,0.000000,top
"Q3475","2N7002W","SOT-323_SC-70",63.950000,-96.600000,0.000000,top
"Q3476","2N7002W","SOT-323_SC-70",26.950000,-82.600000,0.000000,top
"Q3477","2N7002W","SOT-323_SC-70",112.050000,-273.000000,0.000000,top
"Q3478","2N7002W","SOT-323_SC-70",104.650000,-275.800000,0.000000,top
"Q3479","2N7002W","SOT-323_SC-70",108.350000,-275.800000,0.000000,top
"Q3480","2N7002W","SOT-323_SC-70",97.250000,-203.000000,0.000000,top
"Q3481","2N7002W","SOT-323_SC-70",256.350000,-99.399999,0.000000,top
"Q3482","2N7002W","SOT-323_SC-70",204.550000,-155.399999,0.000000,top
"Q3483","2N7002W","SOT-323_SC-70",137.950000,-267.399999,0.000000,top
"Q3484","2N7002W","SOT-323_SC-70",137.950000,-270.200000,0.000000,top
"Q3485","2N7002W","SOT-323_SC-70",97.250000,-88.199999,0.000000,top
"Q3486","2N7002W","SOT-323_SC-70",104.650000,-82.600000,0.000000,top
"Q3487","2N7002W","SOT-323_SC-70",223.050000,-191.799999,0.000000,top
"Q3488","2N7002W","SOT-323_SC-70",223.050000,-194.600000,0.000000,top
"Q3489","2N7002W","SOT-323_SC-70",186.050000,-239.399999,0.000000,top
"Q3490","2N7002W","SOT-323_SC-70",252.650000,-247.799999,0.000000,top
"Q3491","2N7002W","SOT-323_SC-70",208.250000,-211.399999,0.000000,top
"Q3492","2N7002W","SOT-323_SC-70",245.250000,-99.399999,0.000000,top
"Q3493","2N7002W","SOT-323_SC-70",19.550000,-68.600000,0.000000,top
"Q3494","2N7002W","SOT-323_SC-70",193.450000,-259.000000,0.000000,top
"Q3495","2N7002W","SOT-323_SC-70",137.950000,-242.200000,0.000000,top
"Q3496","2N7002W","SOT-323_SC-70",137.950000,-244.999999,0.000000,top
"Q3497","2N7002W","SOT-323_SC-70",145.350000,-250.600000,0.000000,top
"Q3498","2N7002W","SOT-323_SC-70",78.750000,-149.799999,0.000000,top
"Q3499","2N7002W","SOT-323_SC-70",71.350000,-155.399999,0.000000,top
"Q3500","2N7002W","SOT-323_SC-70",71.350000,-166.600000,0.000000,top
"Q3501","2N7002W","SOT-323_SC-70",104.650000,-169.399999,0.000000,top
"Q3502","2N7002W","SOT-323_SC-70",100.950000,-172.200000,0.000000,top
"Q3503","2N7002W","SOT-323_SC-70",100.950000,-203.000000,0.000000,top
"Q3504","2N7002W","SOT-323_SC-70",204.550000,-26.600000,0.000000,top
"Q3505","2N7002W","SOT-323_SC-70",152.750000,-105.000000,0.000000,top
"Q3506","2N7002W","SOT-323_SC-70",141.650000,-275.800000,0.000000,top
"Q3507","2N7002W","SOT-323_SC-70",137.950000,-197.399999,0.000000,top
"Q3508","2N7002W","SOT-323_SC-70",52.850000,-214.200000,0.000000,top
"Q3509","2N7002W","SOT-323_SC-70",152.750000,-183.399999,0.000000,top
"Q3510","2N7002W","SOT-323_SC-70",178.650000,-175.000000,0.000000,top
"Q3511","2N7002W","SOT-323_SC-70",267.450000,-158.200000,0.000000,top
"Q3512","2N7002W","SOT-323_SC-70",41.750000,-79.800000,0.000000,top
"Q3513","2N7002W","SOT-323_SC-70",41.750000,-82.600000,0.000000,top
"Q3514","2N7002W","SOT-323_SC-70",63.950000,-74.199999,0.000000,top
"Q3515","2N7002W","SOT-323_SC-70",67.650000,-71.400000,0.000000,top
"Q3516","2N7002W","SOT-323_SC-70",49.150000,-82.600000,0.000000,top
"Q3517","2N7002W","SOT-323_SC-70",67.650000,-82.600000,0.000000,top
"Q3518","2N7002W","SOT-323_SC-70",75.050000,-68.600000,0.000000,top
"Q3519","2N7002W","SOT-323_SC-70",75.050000,-77.000000,0.000000,top
"Q3520","2N7002W","SOT-323_SC-70",78.750000,-79.800000,0.000000,top
"Q3521","2N7002W","SOT-323_SC-70",82.450000,-79.800000,0.000000,top
"Q3522","2N7002W","SOT-323_SC-70",100.950000,-74.199999,0.000000,top
"Q3523","2N7002W","SOT-323_SC-70",104.650000,-74.199999,0.000000,top
"Q3524","2N7002W","SOT-323_SC-70",104.650000,-77.000000,0.000000,top
"Q3525","2N7002W","SOT-323_SC-70",104.650000,-79.800000,0.000000,top
"Q3526","2N7002W","SOT-323_SC-70",119.450000,-74.199999,0.000000,top
"Q3527","2N7002W","SOT-323_SC-70",119.450000,-77.000000,0.000000,top
"Q3528","2N7002W","SOT-323_SC-70",115.750000,-68.600000,0.000000,top
"Q3529","2N7002W","SOT-323_SC-70",119.450000,-79.800000,0.000000,top
"Q3530","2N7002W","SOT-323_SC-70",126.850000,-68.600000,0.000000,top
"Q3531","2N7002W","SOT-323_SC-70",141.650000,-74.199999,0.000000,top
"Q3532","2N7002W","SOT-323_SC-70",145.350000,-68.600000,0.000000,top
"Q3533","2N7002W","SOT-323_SC-70",145.350000,-71.400000,0.000000,top
"Q3534","2N7002W","SOT-323_SC-70",145.350000,-74.199999,0.000000,top
"Q3535","2N7002W","SOT-323_SC-70",145.350000,-77.000000,0.000000,top
"Q3536","2N7002W","SOT-323_SC-70",160.150000,-71.400000,0.000000,top
"Q3537","2N7002W","SOT-323_SC-70",167.550000,-74.199999,0.000000,top
"Q3538","2N7002W","SOT-323_SC-70",182.350000,-71.400000,0.000000,top
"Q3539","2N7002W","SOT-323_SC-70",200.850000,-74.199999,0.000000,top
"Q3540","2N7002W","SOT-323_SC-70",208.250000,-74.199999,0.000000,top
"Q3541","2N7002W","SOT-323_SC-70",211.950000,-74.199999,0.000000,top
"Q3542","2N7002W","SOT-323_SC-70",208.250000,-77.000000,0.000000,top
"Q3543","2N7002W","SOT-323_SC-70",230.450000,-74.199999,0.000000,top
"Q3544","2N7002W","SOT-323_SC-70",230.450000,-77.000000,0.000000,top
"Q3545","2N7002W","SOT-323_SC-70",245.250000,-74.199999,0.000000,top
"Q3546","2N7002W","SOT-323_SC-70",211.950000,-93.800000,0.000000,top
"Q3547","2N7002W","SOT-323_SC-70",19.550000,-273.000000,0.000000,top
"Q3548","2N7002W","SOT-323_SC-70",260.050000,-93.800000,0.000000,top
"Q3549","2N7002W","SOT-323_SC-70",260.050000,-96.600000,0.000000,top
"Q3550","2N7002W","SOT-323_SC-70",263.750000,-102.199999,0.000000,top
"Q3551","2N7002W","SOT-323_SC-70",134.250000,-127.399999,0.000000,top
"Q3552","2N7002W","SOT-323_SC-70",137.950000,-205.799999,0.000000,top
"Q3553","2N7002W","SOT-323_SC-70",137.950000,-208.600000,0.000000,top
"Q3554","2N7002W","SOT-323_SC-70",197.150000,-133.000000,0.000000,top
"Q3555","2N7002W","SOT-323_SC-70",200.850000,-133.000000,0.000000,top
"Q3556","2N7002W","SOT-323_SC-70",182.350000,-144.200000,0.000000,top
"Q3557","2N7002W","SOT-323_SC-70",49.150000,-261.799999,0.000000,top
"Q3558","2N7002W","SOT-323_SC-70",45.450000,-233.799999,0.000000,top
"Q3559","2N7002W","SOT-323_SC-70",49.150000,-273.000000,0.000000,top
"Q3560","2N7002W","SOT-323_SC-70",45.450000,-244.999999,0.000000,top
"Q3561","2N7002W","SOT-323_SC-70",97.250000,-175.000000,0.000000,top
"Q3562","2N7002W","SOT-323_SC-70",49.150000,-214.200000,0.000000,top
"Q3563","2N7002W","SOT-323_SC-70",45.450000,-208.600000,0.000000,top
"Q3564","2N7002W","SOT-323_SC-70",45.450000,-214.200000,0.000000,top
"Q3565","2N7002W","SOT-323_SC-70",45.450000,-231.000000,0.000000,top
"Q3566","2N7002W","SOT-323_SC-70",45.450000,-239.399999,0.000000,top
"Q3567","2N7002W","SOT-323_SC-70",45.450000,-242.200000,0.000000,top
"Q3568","2N7002W","SOT-323_SC-70",223.050000,-208.600000,0.000000,top
"Q3569","2N7002W","SOT-323_SC-70",223.050000,-214.200000,0.000000,top
"Q3570","2N7002W","SOT-323_SC-70",156.450000,-244.999999,0.000000,top
"Q3571","2N7002W","SOT-323_SC-70",115.750000,-244.999999,0.000000,top
"Q3572","2N7002W","SOT-323_SC-70",248.950000,-74.199999,0.000000,top
"Q3573","2N7002W","SOT-323_SC-70",241.550000,-107.800000,0.000000,top
"Q3574","2N7002W","SOT-323_SC-70",49.150000,-29.400000,0.000000,top
"Q3575","2N7002W","SOT-323_SC-70",49.150000,-26.600000,0.000000,top
"Q3576","2N7002W","SOT-323_SC-70",226.750000,-161.000000,0.000000,top
"Q3577","2N7002W","SOT-323_SC-70",223.050000,-158.200000,0.000000,top
"Q3578","2N7002W","SOT-323_SC-70",108.350000,-169.399999,0.000000,top
"Q3579","2N7002W","SOT-323_SC-70",108.350000,-172.200000,0.000000,top
"Q3580","2N7002W","SOT-323_SC-70",215.650000,-275.800000,0.000000,top
"Q3581","2N7002W","SOT-323_SC-70",145.350000,-292.599999,0.000000,top
"Q3582","2N7002W","SOT-323_SC-70",149.050000,-287.000000,0.000000,top
"Q3583","2N7002W","SOT-323_SC-70",78.750000,-284.200000,0.000000,top
"Q3584","2N7002W","SOT-323_SC-70",78.750000,-292.599999,0.000000,top
"Q3585","2N7002W","SOT-323_SC-70",56.550000,-161.000000,0.000000,top
"Q3586","2N7002W","SOT-323_SC-70",52.850000,-158.200000,0.000000,top
"Q3587","2N7002W","SOT-323_SC-70",223.050000,-242.200000,0.000000,top
"Q3588","2N7002W","SOT-323_SC-70",75.050000,-82.600000,0.000000,top
"Q3589","2N7002W","SOT-323_SC-70",104.650000,-93.800000,0.000000,top
"Q3590","2N7002W","SOT-323_SC-70",41.750000,-189.000000,0.000000,top
"Q3591","2N7002W","SOT-323_SC-70",41.750000,-191.799999,0.000000,top
"Q3592","2N7002W","SOT-323_SC-70",97.250000,-205.799999,0.000000,top
"Q3593","2N7002W","SOT-323_SC-70",100.950000,-191.799999,0.000000,top
"Q3594","2N7002W","SOT-323_SC-70",97.250000,-217.000000,0.000000,top
"Q3595","2N7002W","SOT-323_SC-70",63.950000,-175.000000,0.000000,top
"Q3596","2N7002W","SOT-323_SC-70",171.250000,-244.999999,0.000000,top
"Q3597","2N7002W","SOT-323_SC-70",41.750000,-228.200000,0.000000,top
"Q3598","2N7002W","SOT-323_SC-70",41.750000,-231.000000,0.000000,top
"Q3599","2N7002W","SOT-323_SC-70",41.750000,-236.600000,0.000000,top
"Q3600","2N7002W","SOT-323_SC-70",45.450000,-180.600000,0.000000,top
"Q3601","2N7002W","SOT-323_SC-70",41.750000,-194.600000,0.000000,top
"Q3602","2N7002W","SOT-323_SC-70",115.750000,-211.399999,0.000000,top
"Q3603","2N7002W","SOT-323_SC-70",49.150000,-175.000000,0.000000,top
"Q3604","2N7002W","SOT-323_SC-70",167.550000,-133.000000,0.000000,top
"Q3605","2N7002W","SOT-323_SC-70",241.550000,-93.800000,0.000000,top
"Q3606","2N7002W","SOT-323_SC-70",241.550000,-96.600000,0.000000,top
"Q3607","2N7002W","SOT-323_SC-70",241.550000,-102.199999,0.000000,top
"Q3608","2N7002W","SOT-323_SC-70",197.150000,-261.799999,0.000000,top
"Q3609","2N7002W","SOT-323_SC-70",197.150000,-96.600000,0.000000,top
"Q3610","2N7002W","SOT-323_SC-70",204.550000,-107.800000,0.000000,top
"Q3611","2N7002W","SOT-323_SC-70",208.250000,-107.800000,0.000000,top
"Q3612","2N7002W","SOT-323_SC-70",112.050000,-79.800000,0.000000,top
"Q3613","2N7002W","SOT-323_SC-70",100.950000,-264.600000,0.000000,top
"Q3614","2N7002W","SOT-323_SC-70",108.350000,-264.600000,0.000000,top
"Q3615","2N7002W","SOT-323_SC-70",71.350000,-284.200000,0.000000,top
"Q3616","2N7002W","SOT-323_SC-70",134.250000,-166.600000,0.000000,top
"Q3617","2N7002W","SOT-323_SC-70",241.550000,-99.399999,0.000000,top
"Q3618","2N7002W","SOT-323_SC-70",245.250000,-155.399999,0.000000,top
"Q3619","2N7002W","SOT-323_SC-70",226.750000,-105.000000,0.000000,top
"Q3620","2N7002W","SOT-323_SC-70",163.850000,-127.399999,0.000000,top
"Q3621","2N7002W","SOT-323_SC-70",145.350000,-85.399999,0.000000,top
"Q3622","2N7002W","SOT-323_SC-70",115.750000,-186.200000,0.000000,top
"Q3623","2N7002W","SOT-323_SC-70",123.150000,-105.000000,0.000000,top
"Q3624","2N7002W","SOT-323_SC-70",149.050000,-88.199999,0.000000,top
"Q3625","2N7002W","SOT-323_SC-70",197.150000,-242.200000,0.000000,top
"Q3626","2N7002W","SOT-323_SC-70",197.150000,-247.799999,0.000000,top
"Q3627","2N7002W","SOT-323_SC-70",197.150000,-236.600000,0.000000,top
"Q3628","2N7002W","SOT-323_SC-70",200.850000,-231.000000,0.000000,top
"Q3629","2N7002W","SOT-323_SC-70",197.150000,-273.000000,0.000000,top
"Q3630","2N7002W","SOT-323_SC-70",200.850000,-267.399999,0.000000,top
"Q3631","2N7002W","SOT-323_SC-70",200.850000,-259.000000,0.000000,top
"Q3632","2N7002W","SOT-323_SC-70",200.850000,-261.799999,0.000000,top
"Q3633","2N7002W","SOT-323_SC-70",193.450000,-200.200000,0.000000,top
"Q3634","2N7002W","SOT-323_SC-70",197.150000,-194.600000,0.000000,top
"Q3635","2N7002W","SOT-323_SC-70",197.150000,-189.000000,0.000000,top
"Q3636","2N7002W","SOT-323_SC-70",200.850000,-183.399999,0.000000,top
"Q3637","2N7002W","SOT-323_SC-70",197.150000,-222.600000,0.000000,top
"Q3638","2N7002W","SOT-323_SC-70",197.150000,-225.399999,0.000000,top
"Q3639","2N7002W","SOT-323_SC-70",193.450000,-211.399999,0.000000,top
"Q3640","2N7002W","SOT-323_SC-70",197.150000,-214.200000,0.000000,top
"Q3641","2N7002W","SOT-323_SC-70",156.450000,-247.799999,0.000000,top
"Q3642","2N7002W","SOT-323_SC-70",156.450000,-259.000000,0.000000,top
"Q3643","2N7002W","SOT-323_SC-70",45.450000,-250.600000,0.000000,top
"Q3644","2N7002W","SOT-323_SC-70",45.450000,-261.799999,0.000000,top
"Q3645","2N7002W","SOT-323_SC-70",186.050000,-284.200000,0.000000,top
"Q3646","2N7002W","SOT-323_SC-70",115.750000,-250.600000,0.000000,top
"Q3647","2N7002W","SOT-323_SC-70",182.350000,-205.799999,0.000000,top
"Q3648","2N7002W","SOT-323_SC-70",189.750000,-205.799999,0.000000,top
"Q3649","2N7002W","SOT-323_SC-70",186.050000,-214.200000,0.000000,top
"Q3650","2N7002W","SOT-323_SC-70",89.850000,-180.600000,0.000000,top
"Q3651","2N7002W","SOT-323_SC-70",211.950000,-203.000000,0.000000,top
"Q3652","2N7002W","SOT-323_SC-70",182.350000,-214.200000,0.000000,top
"Q3653","2N7002W","SOT-323_SC-70",208.250000,-130.199999,0.000000,top
"Q3654","2N7002W","SOT-323_SC-70",97.250000,-127.399999,0.000000,top
"Q3655","2N7002W","SOT-323_SC-70",112.050000,-147.000000,0.000000,top
"Q3656","2N7002W","SOT-323_SC-70",60.250000,-180.600000,0.000000,top
"Q3657","2N7002W","SOT-323_SC-70",63.950000,-180.600000,0.000000,top
"Q3658","2N7002W","SOT-323_SC-70",89.850000,-275.800000,0.000000,top
"Q3659","2N7002W","SOT-323_SC-70",237.850000,-133.000000,0.000000,top
"Q3660","2N7002W","SOT-323_SC-70",234.150000,-130.199999,0.000000,top
"Q3661","2N7002W","SOT-323_SC-70",115.750000,-149.799999,0.000000,top
"Q3662","2N7002W","SOT-323_SC-70",112.050000,-152.600000,0.000000,top
"Q3663","2N7002W","SOT-323_SC-70",119.450000,-149.799999,0.000000,top
"Q3664","2N7002W","SOT-323_SC-70",115.750000,-147.000000,0.000000,top
"Q3665","2N7002W","SOT-323_SC-70",119.450000,-147.000000,0.000000,top
"Q3666","2N7002W","SOT-323_SC-70",115.750000,-144.200000,0.000000,top
"Q3667","2N7002W","SOT-323_SC-70",226.750000,-107.800000,0.000000,top
"Q3668","2N7002W","SOT-323_SC-70",134.250000,-88.199999,0.000000,top
"Q3669","2N7002W","SOT-323_SC-70",100.950000,-253.399999,0.000000,top
"Q3670","2N7002W","SOT-323_SC-70",100.950000,-242.200000,0.000000,top
"Q3671","2N7002W","SOT-323_SC-70",93.550000,-275.800000,0.000000,top
"Q3672","2N7002W","SOT-323_SC-70",67.650000,-281.400000,0.000000,top
"Q3673","2N7002W","SOT-323_SC-70",67.650000,-180.600000,0.000000,top
"Q3674","2N7002W","SOT-323_SC-70",71.350000,-180.600000,0.000000,top
"Q3675","2N7002W","SOT-323_SC-70",108.350000,-228.200000,0.000000,top
"Q3676","2N7002W","SOT-323_SC-70",112.050000,-228.200000,0.000000,top
"Q3677","2N7002W","SOT-323_SC-70",112.050000,-242.200000,0.000000,top
"Q3678","2N7002W","SOT-323_SC-70",112.050000,-250.600000,0.000000,top
"Q3679","2N7002W","SOT-323_SC-70",23.250000,-96.600000,0.000000,top
"Q3680","2N7002W","SOT-323_SC-70",19.550000,-96.600000,0.000000,top
"Q3681","2N7002W","SOT-323_SC-70",112.050000,-205.799999,0.000000,top
"Q3682","2N7002W","SOT-323_SC-70",115.750000,-197.399999,0.000000,top
"Q3683","2N7002W","SOT-323_SC-70",178.650000,-144.200000,0.000000,top
"Q3684","2N7002W","SOT-323_SC-70",174.950000,-135.800000,0.000000,top
"Q3685","2N7002W","SOT-323_SC-70",130.550000,-228.200000,0.000000,top
"Q3686","2N7002W","SOT-323_SC-70",160.150000,-141.399999,0.000000,top
"Q3687","2N7002W","SOT-323_SC-70",230.450000,-186.200000,0.000000,top
"Q3688","2N7002W","SOT-323_SC-70",137.950000,-203.000000,0.000000,top
"Q3689","2N7002W","SOT-323_SC-70",137.950000,-211.399999,0.000000,top
"Q3690","2N7002W","SOT-323_SC-70",267.450000,-124.600000,0.000000,top
"Q3691","2N7002W","SOT-323_SC-70",126.850000,-270.200000,0.000000,top
"Q3692","2N7002W","SOT-323_SC-70",123.150000,-267.399999,0.000000,top
"Q3693","2N7002W","SOT-323_SC-70",230.450000,-219.799999,0.000000,top
"Q3694","2N7002W","SOT-323_SC-70",152.750000,-121.800000,0.000000,top
"Q3695","2N7002W","SOT-323_SC-70",245.250000,-147.000000,0.000000,top
"Q3696","2N7002W","SOT-323_SC-70",234.150000,-141.399999,0.000000,top
"Q3697","2N7002W","SOT-323_SC-70",82.450000,-127.399999,0.000000,top
"Q3698","2N7002W","SOT-323_SC-70",145.350000,-113.399999,0.000000,top
"Q3699","2N7002W","SOT-323_SC-70",34.350000,-85.399999,0.000000,top
"Q3700","2N7002W","SOT-323_SC-70",34.350000,-96.600000,0.000000,top
"Q3701","2N7002W","SOT-323_SC-70",45.450000,-186.200000,0.000000,top
"Q3702","2N7002W","SOT-323_SC-70",41.750000,-183.399999,0.000000,top
"Q3703","2N7002W","SOT-323_SC-70",141.650000,-91.000000,0.000000,top
"Q3704","2N7002W","SOT-323_SC-70",19.550000,-71.400000,0.000000,top
"Q3705","2N7002W","SOT-323_SC-70",23.250000,-65.800000,0.000000,top
"Q3706","2N7002W","SOT-323_SC-70",115.750000,-242.200000,0.000000,top
"Q3707","2N7002W","SOT-323_SC-70",112.050000,-278.599999,0.000000,top
"Q3708","2N7002W","SOT-323_SC-70",115.750000,-191.799999,0.000000,top
"Q3709","2N7002W","SOT-323_SC-70",115.750000,-200.200000,0.000000,top
"Q3710","2N7002W","SOT-323_SC-70",141.650000,-239.399999,0.000000,top
"Q3711","2N7002W","SOT-323_SC-70",156.450000,-231.000000,0.000000,top
"Q3712","2N7002W","SOT-323_SC-70",178.650000,-208.600000,0.000000,top
"Q3713","2N7002W","SOT-323_SC-70",45.450000,-273.000000,0.000000,top
"Q3714","2N7002W","SOT-323_SC-70",93.550000,-29.400000,0.000000,top
"Q3715","2N7002W","SOT-323_SC-70",30.650000,-29.400000,0.000000,top
"Q3716","2N7002W","SOT-323_SC-70",34.350000,-68.600000,0.000000,top
"Q3717","2N7002W","SOT-323_SC-70",38.050000,-54.599999,0.000000,top
"Q3718","2N7002W","SOT-323_SC-70",30.650000,-79.800000,0.000000,top
"Q3719","2N7002W","SOT-323_SC-70",30.650000,-82.600000,0.000000,top
"Q3720","2N7002W","SOT-323_SC-70",26.950000,-85.399999,0.000000,top
"Q3721","2N7002W","SOT-323_SC-70",30.650000,-85.399999,0.000000,top
"Q3722","2N7002W","SOT-323_SC-70",38.050000,-46.199999,0.000000,top
"Q3723","2N7002W","SOT-323_SC-70",38.050000,-85.399999,0.000000,top
"Q3724","2N7002W","SOT-323_SC-70",78.750000,-60.199999,0.000000,top
"Q3725","2N7002W","SOT-323_SC-70",78.750000,-82.600000,0.000000,top
"Q3726","2N7002W","SOT-323_SC-70",82.450000,-63.000000,0.000000,top
"Q3727","2N7002W","SOT-323_SC-70",82.450000,-82.600000,0.000000,top
"Q3728","2N7002W","SOT-323_SC-70",86.150000,-60.199999,0.000000,top
"Q3729","2N7002W","SOT-323_SC-70",86.150000,-65.800000,0.000000,top
"Q3730","2N7002W","SOT-323_SC-70",86.150000,-68.600000,0.000000,top
"Q3731","2N7002W","SOT-323_SC-70",86.150000,-71.400000,0.000000,top
"Q3732","2N7002W","SOT-323_SC-70",86.150000,-74.199999,0.000000,top
"Q3733","2N7002W","SOT-323_SC-70",89.850000,-71.400000,0.000000,top
"Q3734","2N7002W","SOT-323_SC-70",97.250000,-68.600000,0.000000,top
"Q3735","2N7002W","SOT-323_SC-70",97.250000,-71.400000,0.000000,top
"Q3736","2N7002W","SOT-323_SC-70",100.950000,-68.600000,0.000000,top
"Q3737","2N7002W","SOT-323_SC-70",100.950000,-71.400000,0.000000,top
"Q3738","2N7002W","SOT-323_SC-70",89.850000,-74.199999,0.000000,top
"Q3739","2N7002W","SOT-323_SC-70",97.250000,-74.199999,0.000000,top
"Q3740","2N7002W","SOT-323_SC-70",112.050000,-63.000000,0.000000,top
"Q3741","2N7002W","SOT-323_SC-70",112.050000,-65.800000,0.000000,top
"Q3742","2N7002W","SOT-323_SC-70",115.750000,-60.199999,0.000000,top
"Q3743","2N7002W","SOT-323_SC-70",115.750000,-63.000000,0.000000,top
"Q3744","2N7002W","SOT-323_SC-70",93.550000,-77.000000,0.000000,top
"Q3745","2N7002W","SOT-323_SC-70",123.150000,-65.800000,0.000000,top
"Q3746","2N7002W","SOT-323_SC-70",130.550000,-63.000000,0.000000,top
"Q3747","2N7002W","SOT-323_SC-70",137.950000,-63.000000,0.000000,top
"Q3748","2N7002W","SOT-323_SC-70",123.150000,-79.800000,0.000000,top
"Q3749","2N7002W","SOT-323_SC-70",123.150000,-82.600000,0.000000,top
"Q3750","2N7002W","SOT-323_SC-70",156.450000,-68.600000,0.000000,top
"Q3751","2N7002W","SOT-323_SC-70",156.450000,-79.800000,0.000000,top
"Q3752","2N7002W","SOT-323_SC-70",160.150000,-57.400000,0.000000,top
"Q3753","2N7002W","SOT-323_SC-70",160.150000,-65.800000,0.000000,top
"Q3754","2N7002W","SOT-323_SC-70",160.150000,-74.199999,0.000000,top
"Q3755","2N7002W","SOT-323_SC-70",160.150000,-77.000000,0.000000,top
"Q3756","2N7002W","SOT-323_SC-70",163.850000,-57.400000,0.000000,top
"Q3757","2N7002W","SOT-323_SC-70",163.850000,-60.199999,0.000000,top
"Q3758","2N7002W","SOT-323_SC-70",163.850000,-65.800000,0.000000,top
"Q3759","2N7002W","SOT-323_SC-70",163.850000,-68.600000,0.000000,top
"Q3760","2N7002W","SOT-323_SC-70",163.850000,-71.400000,0.000000,top
"Q3761","2N7002W","SOT-323_SC-70",167.550000,-68.600000,0.000000,top
"Q3762","2N7002W","SOT-323_SC-70",171.250000,-65.800000,0.000000,top
"Q3763","2N7002W","SOT-323_SC-70",171.250000,-68.600000,0.000000,top
"Q3764","2N7002W","SOT-323_SC-70",171.250000,-71.400000,0.000000,top
"Q3765","2N7002W","SOT-323_SC-70",178.650000,-71.400000,0.000000,top
"Q3766","2N7002W","SOT-323_SC-70",174.950000,-74.199999,0.000000,top
"Q3767","2N7002W","SOT-323_SC-70",193.450000,-68.600000,0.000000,top
"Q3768","2N7002W","SOT-323_SC-70",178.650000,-74.199999,0.000000,top
"Q3769","2N7002W","SOT-323_SC-70",182.350000,-74.199999,0.000000,top
"Q3770","2N7002W","SOT-323_SC-70",200.850000,-68.600000,0.000000,top
"Q3771","2N7002W","SOT-323_SC-70",204.550000,-63.000000,0.000000,top
"Q3772","2N7002W","SOT-323_SC-70",182.350000,-77.000000,0.000000,top
"Q3773","2N7002W","SOT-323_SC-70",186.050000,-77.000000,0.000000,top
"Q3774","2N7002W","SOT-323_SC-70",197.150000,-77.000000,0.000000,top
"Q3775","2N7002W","SOT-323_SC-70",200.850000,-77.000000,0.000000,top
"Q3776","2N7002W","SOT-323_SC-70",204.550000,-77.000000,0.000000,top
"Q3777","2N7002W","SOT-323_SC-70",234.150000,-74.199999,0.000000,top
"Q3778","2N7002W","SOT-323_SC-70",237.850000,-57.400000,0.000000,top
"Q3779","2N7002W","SOT-323_SC-70",237.850000,-71.400000,0.000000,top
"Q3780","2N7002W","SOT-323_SC-70",237.850000,-74.199999,0.000000,top
"Q3781","2N7002W","SOT-323_SC-70",241.550000,-68.600000,0.000000,top
"Q3782","2N7002W","SOT-323_SC-70",241.550000,-71.400000,0.000000,top
"Q3783","2N7002W","SOT-323_SC-70",245.250000,-68.600000,0.000000,top
"Q3784","2N7002W","SOT-323_SC-70",248.950000,-63.000000,0.000000,top
"Q3785","2N7002W","SOT-323_SC-70",248.950000,-65.800000,0.000000,top
"Q3786","2N7002W","SOT-323_SC-70",67.650000,-141.399999,0.000000,top
"Q3787","2N7002W","SOT-323_SC-70",63.950000,-138.600000,0.000000,top
"Q3788","2N7002W","SOT-323_SC-70",49.150000,-278.599999,0.000000,top
"Q3789","2N7002W","SOT-323_SC-70",174.950000,-79.800000,0.000000,top
"Q3790","2N7002W","SOT-323_SC-70",174.950000,-85.399999,0.000000,top
"Q3791","2N7002W","SOT-323_SC-70",223.050000,-239.399999,0.000000,top
"Q3792","2N7002W","SOT-323_SC-70",226.750000,-242.200000,0.000000,top
"Q3793","2N7002W","SOT-323_SC-70",78.750000,-180.600000,0.000000,top
"Q3794","2N7002W","SOT-323_SC-70",123.150000,-85.399999,0.000000,top
"Q3795","2N7002W","SOT-323_SC-70",45.450000,-177.799999,0.000000,top
"Q3796","2N7002W","SOT-323_SC-70",45.450000,-183.399999,0.000000,top
"Q3797","2N7002W","SOT-323_SC-70",211.950000,-292.599999,0.000000,top
"Q3798","2N7002W","SOT-323_SC-70",215.650000,-287.000000,0.000000,top
"Q3799","2N7002W","SOT-323_SC-70",174.950000,-270.200000,0.000000,top
"Q3800","2N7002W","SOT-323_SC-70",152.750000,-175.000000,0.000000,top
"Q3801","2N7002W","SOT-323_SC-70",208.250000,-149.799999,0.000000,top
"Q3802","2N7002W","SOT-323_SC-70",126.850000,-219.799999,0.000000,top
"Q3803","2N7002W","SOT-323_SC-70",193.450000,-169.399999,0.000000,top
"Q3804","2N7002W","SOT-323_SC-70",193.450000,-172.200000,0.000000,top
"Q3805","2N7002W","SOT-323_SC-70",189.750000,-124.600000,0.000000,top
"Q3806","2N7002W","SOT-323_SC-70",156.450000,-124.600000,0.000000,top
"Q3807","2N7002W","SOT-323_SC-70",156.450000,-127.399999,0.000000,top
"Q3808","2N7002W","SOT-323_SC-70",112.050000,-135.800000,0.000000,top
"Q3809","2N7002W","SOT-323_SC-70",108.350000,-133.000000,0.000000,top
"Q3810","2N7002W","SOT-323_SC-70",130.550000,-259.000000,0.000000,top
"Q3811","2N7002W","SOT-323_SC-70",134.250000,-270.200000,0.000000,top
"Q3812","2N7002W","SOT-323_SC-70",130.550000,-267.399999,0.000000,top
"Q3813","2N7002W","SOT-323_SC-70",215.650000,-203.000000,0.000000,top
"Q3814","2N7002W","SOT-323_SC-70",252.650000,-88.199999,0.000000,top
"Q3815","2N7002W","SOT-323_SC-70",174.950000,-259.000000,0.000000,top
"Q3816","2N7002W","SOT-323_SC-70",174.950000,-264.600000,0.000000,top
"Q3817","2N7002W","SOT-323_SC-70",178.650000,-264.600000,0.000000,top
"Q3818","2N7002W","SOT-323_SC-70",182.350000,-267.399999,0.000000,top
"Q3819","2N7002W","SOT-323_SC-70",134.250000,-91.000000,0.000000,top
"Q3820","2N7002W","SOT-323_SC-70",260.050000,-121.800000,0.000000,top
"Q3821","2N7002W","SOT-323_SC-70",145.350000,-121.800000,0.000000,top
"Q3822","2N7002W","SOT-323_SC-70",141.650000,-119.000000,0.000000,top
"Q3823","2N7002W","SOT-323_SC-70",67.650000,-85.399999,0.000000,top
"Q3824","2N7002W","SOT-323_SC-70",267.450000,-54.599999,0.000000,top
"Q3825","2N7002W","SOT-323_SC-70",267.450000,-57.400000,0.000000,top
"Q3826","2N7002W","SOT-323_SC-70",41.750000,-233.799999,0.000000,top
"Q3827","2N7002W","SOT-323_SC-70",71.350000,-281.400000,0.000000,top
"Q3828","2N7002W","SOT-323_SC-70",75.050000,-281.400000,0.000000,top
"Q3829","2N7002W","SOT-323_SC-70",211.950000,-233.799999,0.000000,top
"Q3830","2N7002W","SOT-323_SC-70",215.650000,-231.000000,0.000000,top
"Q3831","2N7002W","SOT-323_SC-70",41.750000,-169.399999,0.000000,top
"Q3832","2N7002W","SOT-323_SC-70",215.650000,-135.800000,0.000000,top
"Q3833","2N7002W","SOT-323_SC-70",219.350000,-119.000000,0.000000,top
"Q3834","2N7002W","SOT-323_SC-70",78.750000,-281.400000,0.000000,top
"Q3835","2N7002W","SOT-323_SC-70",82.450000,-281.400000,0.000000,top
"Q3836","2N7002W","SOT-323_SC-70",41.750000,-239.399999,0.000000,top
"Q3837","2N7002W","SOT-323_SC-70",167.550000,-166.600000,0.000000,top
"Q3838","2N7002W","SOT-323_SC-70",256.350000,-46.199999,0.000000,top
"Q3839","2N7002W","SOT-323_SC-70",204.550000,-284.200000,0.000000,top
"Q3840","2N7002W","SOT-323_SC-70",200.850000,-264.600000,0.000000,top
"Q3841","2N7002W","SOT-323_SC-70",204.550000,-267.399999,0.000000,top
"Q3842","2N7002W","SOT-323_SC-70",171.250000,-113.399999,0.000000,top
"Q3843","2N7002W","SOT-323_SC-70",197.150000,-200.200000,0.000000,top
"Q3844","2N7002W","SOT-323_SC-70",145.350000,-88.199999,0.000000,top
"Q3845","2N7002W","SOT-323_SC-70",145.350000,-93.800000,0.000000,top
"Q3846","2N7002W","SOT-323_SC-70",41.750000,-205.799999,0.000000,top
"Q3847","2N7002W","SOT-323_SC-70",219.350000,-211.399999,0.000000,top
"Q3848","2N7002W","SOT-323_SC-70",223.050000,-205.799999,0.000000,top
"Q3849","2N7002W","SOT-323_SC-70",156.450000,-99.399999,0.000000,top
"Q3850","2N7002W","SOT-323_SC-70",152.750000,-99.399999,0.000000,top
"Q3851","2N7002W","SOT-323_SC-70",108.350000,-32.200000,0.000000,top
"Q3852","2N7002W","SOT-323_SC-70",41.750000,-247.799999,0.000000,top
"Q3853","2N7002W","SOT-323_SC-70",41.750000,-250.600000,0.000000,top
"Q3854","2N7002W","SOT-323_SC-70",41.750000,-259.000000,0.000000,top
"Q3855","2N7002W","SOT-323_SC-70",41.750000,-261.799999,0.000000,top
"Q3856","2N7002W","SOT-323_SC-70",41.750000,-222.600000,0.000000,top
"Q3857","2N7002W","SOT-323_SC-70",41.750000,-225.399999,0.000000,top
"Q3858","2N7002W","SOT-323_SC-70",41.750000,-242.200000,0.000000,top
"Q3859","2N7002W","SOT-323_SC-70",41.750000,-244.999999,0.000000,top
"Q3860","2N7002W","SOT-323_SC-70",41.750000,-253.399999,0.000000,top
"Q3861","2N7002W","SOT-323_SC-70",63.950000,-135.800000,0.000000,top
"Q3862","2N7002W","SOT-323_SC-70",178.650000,-79.800000,0.000000,top
"Q3863","2N7002W","SOT-323_SC-70",178.650000,-85.399999,0.000000,top
"Q3864","2N7002W","SOT-323_SC-70",237.850000,-105.000000,0.000000,top
"Q3865","2N7002W","SOT-323_SC-70",237.850000,-107.800000,0.000000,top
"Q3866","2N7002W","SOT-323_SC-70",163.850000,-88.199999,0.000000,top
"Q3867","2N7002W","SOT-323_SC-70",119.450000,-183.399999,0.000000,top
"Q3868","2N7002W","SOT-323_SC-70",119.450000,-189.000000,0.000000,top
"Q3869","2N7002W","SOT-323_SC-70",86.150000,-281.400000,0.000000,top
"Q3870","2N7002W","SOT-323_SC-70",200.850000,-194.600000,0.000000,top
"Q3871","2N7002W","SOT-323_SC-70",200.850000,-197.399999,0.000000,top
"Q3872","2N7002W","SOT-323_SC-70",200.850000,-186.200000,0.000000,top
"Q3873","2N7002W","SOT-323_SC-70",200.850000,-189.000000,0.000000,top
"Q3874","2N7002W","SOT-323_SC-70",197.150000,-217.000000,0.000000,top
"Q3875","2N7002W","SOT-323_SC-70",200.850000,-217.000000,0.000000,top
"Q3876","2N7002W","SOT-323_SC-70",197.150000,-205.799999,0.000000,top
"Q3877","2N7002W","SOT-323_SC-70",200.850000,-205.799999,0.000000,top
"Q3878","2N7002W","SOT-323_SC-70",200.850000,-242.200000,0.000000,top
"Q3879","2N7002W","SOT-323_SC-70",200.850000,-244.999999,0.000000,top
"Q3880","2N7002W","SOT-323_SC-70",200.850000,-233.799999,0.000000,top
"Q3881","2N7002W","SOT-323_SC-70",200.850000,-236.600000,0.000000,top
"Q3882","2N7002W","SOT-323_SC-70",197.150000,-253.399999,0.000000,top
"Q3883","2N7002W","SOT-323_SC-70",200.850000,-253.399999,0.000000,top
"Q3884","2N7002W","SOT-323_SC-70",163.850000,-102.199999,0.000000,top
"Q3885","2N7002W","SOT-323_SC-70",219.350000,-177.799999,0.000000,top
"Q3886","2N7002W","SOT-323_SC-70",141.650000,-175.000000,0.000000,top
"Q3887","2N7002W","SOT-323_SC-70",104.650000,-26.600000,0.000000,top
"Q3888","2N7002W","SOT-323_SC-70",126.850000,-214.200000,0.000000,top
"Q3889","2N7002W","SOT-323_SC-70",123.150000,-214.200000,0.000000,top
"Q3890","2N7002W","SOT-323_SC-70",178.650000,-242.200000,0.000000,top
"Q3891","2N7002W","SOT-323_SC-70",178.650000,-250.600000,0.000000,top
"Q3892","2N7002W","SOT-323_SC-70",226.750000,-85.399999,0.000000,top
"Q3893","2N7002W","SOT-323_SC-70",45.450000,-281.400000,0.000000,top
"Q3894","2N7002W","SOT-323_SC-70",134.250000,-214.200000,0.000000,top
"Q3895","2N7002W","SOT-323_SC-70",130.550000,-211.399999,0.000000,top
"Q3896","2N7002W","SOT-323_SC-70",89.850000,-281.400000,0.000000,top
"Q3897","2N7002W","SOT-323_SC-70",63.950000,-284.200000,0.000000,top
"Q3898","2N7002W","SOT-323_SC-70",19.550000,-214.200000,0.000000,top
"Q3899","2N7002W","SOT-323_SC-70",82.450000,-124.600000,0.000000,top
"Q3900","2N7002W","SOT-323_SC-70",137.950000,-130.199999,0.000000,top
"Q3901","2N7002W","SOT-323_SC-70",197.150000,-135.800000,0.000000,top
"Q3902","2N7002W","SOT-323_SC-70",200.850000,-135.800000,0.000000,top
"Q3903","2N7002W","SOT-323_SC-70",38.050000,-200.200000,0.000000,top
"Q3904","2N7002W","SOT-323_SC-70",41.750000,-203.000000,0.000000,top
"Q3905","2N7002W","SOT-323_SC-70",189.750000,-138.600000,0.000000,top
"Q3906","2N7002W","SOT-323_SC-70",71.350000,-169.399999,0.000000,top
"Q3907","2N7002W","SOT-323_SC-70",67.650000,-175.000000,0.000000,top
"Q3908","2N7002W","SOT-323_SC-70",182.350000,-244.999999,0.000000,top
"Q3909","2N7002W","SOT-323_SC-70",182.350000,-247.799999,0.000000,top
"Q3910","2N7002W","SOT-323_SC-70",260.050000,-200.200000,0.000000,top
"Q3911","2N7002W","SOT-323_SC-70",234.150000,-144.200000,0.000000,top
"Q3912","2N7002W","SOT-323_SC-70",230.450000,-138.600000,0.000000,top
"Q3913","2N7002W","SOT-323_SC-70",45.450000,-163.799999,0.000000,top
"Q3914","2N7002W","SOT-323_SC-70",41.750000,-155.399999,0.000000,top
"Q3915","2N7002W","SOT-323_SC-70",134.250000,-236.600000,0.000000,top
"Q3916","2N7002W","SOT-323_SC-70",112.050000,-127.399999,0.000000,top
"Q3917","2N7002W","SOT-323_SC-70",115.750000,-205.799999,0.000000,top
"Q3918","2N7002W","SOT-323_SC-70",226.750000,-275.800000,0.000000,top
"Q3919","2N7002W","SOT-323_SC-70",219.350000,-275.800000,0.000000,top
"Q3920","2N7002W","SOT-323_SC-70",56.550000,-175.000000,0.000000,top
"Q3921","2N7002W","SOT-323_SC-70",97.250000,-166.600000,0.000000,top
"Q3922","2N7002W","SOT-323_SC-70",119.450000,-244.999999,0.000000,top
"Q3923","2N7002W","SOT-323_SC-70",115.750000,-214.200000,0.000000,top
"Q3924","2N7002W","SOT-323_SC-70",115.750000,-228.200000,0.000000,top
"Q3925","2N7002W","SOT-323_SC-70",115.750000,-208.600000,0.000000,top
"Q3926","2N7002W","SOT-323_SC-70",115.750000,-231.000000,0.000000,top
"Q3927","2N7002W","SOT-323_SC-70",112.050000,-144.200000,0.000000,top
"Q3928","2N7002W","SOT-323_SC-70",245.250000,-172.200000,0.000000,top
"Q3929","2N7002W","SOT-323_SC-70",171.250000,-169.399999,0.000000,top
"Q3930","2N7002W","SOT-323_SC-70",174.950000,-175.000000,0.000000,top
"Q3931","2N7002W","SOT-323_SC-70",134.250000,-228.200000,0.000000,top
"Q3932","2N7002W","SOT-323_SC-70",123.150000,-169.399999,0.000000,top
"Q3933","2N7002W","SOT-323_SC-70",123.150000,-177.799999,0.000000,top
"Q3934","2N7002W","SOT-323_SC-70",41.750000,-256.200000,0.000000,top
"Q3935","2N7002W","SOT-323_SC-70",141.650000,-124.600000,0.000000,top
"Q3936","2N7002W","SOT-323_SC-70",82.450000,-155.399999,0.000000,top
"Q3937","2N7002W","SOT-323_SC-70",245.250000,-278.599999,0.000000,top
"Q3938","2N7002W","SOT-323_SC-70",123.150000,-152.600000,0.000000,top
"Q3939","2N7002W","SOT-323_SC-70",82.450000,-149.799999,0.000000,top
"Q3940","2N7002W","SOT-323_SC-70",78.750000,-147.000000,0.000000,top
"Q3941","2N7002W","SOT-323_SC-70",160.150000,-119.000000,0.000000,top
"Q3942","2N7002W","SOT-323_SC-70",134.250000,-267.399999,0.000000,top
"Q3943","2N7002W","SOT-323_SC-70",19.550000,-228.200000,0.000000,top
"Q3944","2N7002W","SOT-323_SC-70",89.850000,-161.000000,0.000000,top
"Q3945","2N7002W","SOT-323_SC-70",86.150000,-158.200000,0.000000,top
"Q3946","2N7002W","SOT-323_SC-70",186.050000,-110.600000,0.000000,top
"Q3947","2N7002W","SOT-323_SC-70",86.150000,-93.800000,0.000000,top
"Q3948","2N7002W","SOT-323_SC-70",89.850000,-88.199999,0.000000,top
"Q3949","2N7002W","SOT-323_SC-70",78.750000,-155.399999,0.000000,top
"Q3950","2N7002W","SOT-323_SC-70",38.050000,-244.999999,0.000000,top
"Q3951","2N7002W","SOT-323_SC-70",182.350000,-203.000000,0.000000,top
"Q3952","2N7002W","SOT-323_SC-70",197.150000,-203.000000,0.000000,top
"Q3953","2N7002W","SOT-323_SC-70",182.350000,-219.799999,0.000000,top
"Q3954","2N7002W","SOT-323_SC-70",178.650000,-217.000000,0.000000,top
"Q3955","2N7002W","SOT-323_SC-70",182.350000,-228.200000,0.000000,top
"Q3956","2N7002W","SOT-323_SC-70",211.950000,-155.399999,0.000000,top
"Q3957","2N7002W","SOT-323_SC-70",182.350000,-250.600000,0.000000,top
"Q3958","2N7002W","SOT-323_SC-70",174.950000,-250.600000,0.000000,top
"Q3959","2N7002W","SOT-323_SC-70",119.450000,-222.600000,0.000000,top
"Q3960","2N7002W","SOT-323_SC-70",119.450000,-228.200000,0.000000,top
"Q3961","2N7002W","SOT-323_SC-70",178.650000,-203.000000,0.000000,top
"Q3962","2N7002W","SOT-323_SC-70",189.750000,-191.799999,0.000000,top
"Q3963","2N7002W","SOT-323_SC-70",100.950000,-79.800000,0.000000,top
"Q3964","2N7002W","SOT-323_SC-70",256.350000,-183.399999,0.000000,top
"Q3965","2N7002W","SOT-323_SC-70",119.450000,-242.200000,0.000000,top
"Q3966","2N7002W","SOT-323_SC-70",119.450000,-250.600000,0.000000,top
"Q3967","2N7002W","SOT-323_SC-70",115.750000,-253.399999,0.000000,top
"Q3968","2N7002W","SOT-323_SC-70",200.850000,-93.800000,0.000000,top
"Q3969","2N7002W","SOT-323_SC-70",86.150000,-161.000000,0.000000,top
"Q3970","2N7002W","SOT-323_SC-70",82.450000,-158.200000,0.000000,top
"Q3971","2N7002W","SOT-323_SC-70",126.850000,-29.400000,0.000000,top
"Q3972","2N7002W","SOT-323_SC-70",223.050000,-119.000000,0.000000,top
"Q3973","2N7002W","SOT-323_SC-70",226.750000,-113.399999,0.000000,top
"Q3974","2N7002W","SOT-323_SC-70",93.550000,-180.600000,0.000000,top
"Q3975","2N7002W","SOT-323_SC-70",100.950000,-180.600000,0.000000,top
"Q3976","2N7002W","SOT-323_SC-70",137.950000,-88.199999,0.000000,top
"Q3977","2N7002W","SOT-323_SC-70",75.050000,-166.600000,0.000000,top
"Q3978","2N7002W","SOT-323_SC-70",78.750000,-172.200000,0.000000,top
"Q3979","2N7002W","SOT-323_SC-70",149.050000,-93.800000,0.000000,top
"Q3980","2N7002W","SOT-323_SC-70",149.050000,-96.600000,0.000000,top
"Q3981","2N7002W","SOT-323_SC-70",82.450000,-166.600000,0.000000,top
"Q3982","2N7002W","SOT-323_SC-70",104.650000,-180.600000,0.000000,top
"Q3983","2N7002W","SOT-323_SC-70",41.750000,-264.600000,0.000000,top
"Q3984","2N7002W","SOT-323_SC-70",30.650000,-43.400000,0.000000,top
"Q3985","2N7002W","SOT-323_SC-70",260.050000,-116.199999,0.000000,top
"Q3986","2N7002W","SOT-323_SC-70",256.350000,-119.000000,0.000000,top
"Q3987","2N7002W","SOT-323_SC-70",260.050000,-119.000000,0.000000,top
"Q3988","2N7002W","SOT-323_SC-70",263.750000,-119.000000,0.000000,top
"Q3989","2N7002W","SOT-323_SC-70",41.750000,-208.600000,0.000000,top
"Q3990","2N7002W","SOT-323_SC-70",41.750000,-211.399999,0.000000,top
"Q3991","2N7002W","SOT-323_SC-70",41.750000,-214.200000,0.000000,top
"Q3992","2N7002W","SOT-323_SC-70",41.750000,-217.000000,0.000000,top
"Q3993","2N7002W","SOT-323_SC-70",38.050000,-189.000000,0.000000,top
"Q3994","2N7002W","SOT-323_SC-70",211.950000,-239.399999,0.000000,top
"Q3995","2N7002W","SOT-323_SC-70",104.650000,-99.399999,0.000000,top
"Q3996","2N7002W","SOT-323_SC-70",167.550000,-144.200000,0.000000,top
"Q3997","2N7002W","SOT-323_SC-70",178.650000,-222.600000,0.000000,top
"Q3998","2N7002W","SOT-323_SC-70",174.950000,-228.200000,0.000000,top
"Q3999","2N7002W","SOT-323_SC-70",178.650000,-228.200000,0.000000,top
"Q4000","2N7002W","SOT-323_SC-70",149.050000,-189.000000,0.000000,top
"Q4001","2N7002W","SOT-323_SC-70",149.050000,-200.200000,0.000000,top
"Q4002","2N7002W","SOT-323_SC-70",149.050000,-211.399999,0.000000,top
"Q4003","2N7002W","SOT-323_SC-70",149.050000,-222.600000,0.000000,top
"Q4004","2N7002W","SOT-323_SC-70",149.050000,-233.799999,0.000000,top
"Q4005","2N7002W","SOT-323_SC-70",149.050000,-247.799999,0.000000,top
"Q4006","2N7002W","SOT-323_SC-70",149.050000,-259.000000,0.000000,top
"Q4007","2N7002W","SOT-323_SC-70",149.050000,-270.200000,0.000000,top
"Q4008","2N7002W","SOT-323_SC-70",67.650000,-189.000000,0.000000,top
"Q4009","2N7002W","SOT-323_SC-70",67.650000,-203.000000,0.000000,top
"Q4010","2N7002W","SOT-323_SC-70",67.650000,-214.200000,0.000000,top
"Q4011","2N7002W","SOT-323_SC-70",67.650000,-225.399999,0.000000,top
"Q4012","2N7002W","SOT-323_SC-70",67.650000,-236.600000,0.000000,top
"Q4013","2N7002W","SOT-323_SC-70",67.650000,-250.600000,0.000000,top
"Q4014","2N7002W","SOT-323_SC-70",67.650000,-261.799999,0.000000,top
"Q4015","2N7002W","SOT-323_SC-70",67.650000,-273.000000,0.000000,top
"Q4016","2N7002W","SOT-323_SC-70",63.950000,-189.000000,0.000000,top
"Q4017","2N7002W","SOT-323_SC-70",60.250000,-197.399999,0.000000,top
"Q4018","2N7002W","SOT-323_SC-70",63.950000,-214.200000,0.000000,top
"Q4019","2N7002W","SOT-323_SC-70",63.950000,-225.399999,0.000000,top
"Q4020","2N7002W","SOT-323_SC-70",63.950000,-236.600000,0.000000,top
"Q4021","2N7002W","SOT-323_SC-70",63.950000,-250.600000,0.000000,top
"Q4022","2N7002W","SOT-323_SC-70",63.950000,-261.799999,0.000000,top
"Q4023","2N7002W","SOT-323_SC-70",63.950000,-273.000000,0.000000,top
"Q4024","2N7002W","SOT-323_SC-70",78.750000,-189.000000,0.000000,top
"Q4025","2N7002W","SOT-323_SC-70",78.750000,-200.200000,0.000000,top
"Q4026","2N7002W","SOT-323_SC-70",78.750000,-211.399999,0.000000,top
"Q4027","2N7002W","SOT-323_SC-70",78.750000,-222.600000,0.000000,top
"Q4028","2N7002W","SOT-323_SC-70",78.750000,-236.600000,0.000000,top
"Q4029","2N7002W","SOT-323_SC-70",78.750000,-247.799999,0.000000,top
"Q4030","2N7002W","SOT-323_SC-70",78.750000,-259.000000,0.000000,top
"Q4031","2N7002W","SOT-323_SC-70",78.750000,-270.200000,0.000000,top
"Q4032","2N7002W","SOT-323_SC-70",197.150000,-186.200000,0.000000,top
"Q4033","2N7002W","SOT-323_SC-70",193.450000,-197.399999,0.000000,top
"Q4034","2N7002W","SOT-323_SC-70",197.150000,-211.399999,0.000000,top
"Q4035","2N7002W","SOT-323_SC-70",193.450000,-219.799999,0.000000,top
"Q4036","2N7002W","SOT-323_SC-70",197.150000,-233.799999,0.000000,top
"Q4037","2N7002W","SOT-323_SC-70",193.450000,-244.999999,0.000000,top
"Q4038","2N7002W","SOT-323_SC-70",197.150000,-259.000000,0.000000,top
"Q4039","2N7002W","SOT-323_SC-70",193.450000,-267.399999,0.000000,top
"Q4040","2N7002W","SOT-323_SC-70",167.550000,-189.000000,0.000000,top
"Q4041","2N7002W","SOT-323_SC-70",167.550000,-203.000000,0.000000,top
"Q4042","2N7002W","SOT-323_SC-70",167.550000,-211.399999,0.000000,top
"Q4043","2N7002W","SOT-323_SC-70",167.550000,-225.399999,0.000000,top
"Q4044","2N7002W","SOT-323_SC-70",167.550000,-236.600000,0.000000,top
"Q4045","2N7002W","SOT-323_SC-70",167.550000,-250.600000,0.000000,top
"Q4046","2N7002W","SOT-323_SC-70",167.550000,-259.000000,0.000000,top
"Q4047","2N7002W","SOT-323_SC-70",167.550000,-273.000000,0.000000,top
"Q4048","2N7002W","SOT-323_SC-70",219.350000,-147.000000,0.000000,top
"Q4049","2N7002W","SOT-323_SC-70",245.250000,-163.799999,0.000000,top
"Q4050","2N7002W","SOT-323_SC-70",200.850000,-119.000000,0.000000,top
"Q4051","2N7002W","SOT-323_SC-70",226.750000,-149.799999,0.000000,top
"Q4052","2N7002W","SOT-323_SC-70",215.650000,-163.799999,0.000000,top
"Q4053","2N7002W","SOT-323_SC-70",241.550000,-155.399999,0.000000,top
"Q4054","2N7002W","SOT-323_SC-70",267.450000,-147.000000,0.000000,top
